0.48,0.3,0.25,0.12,0.15,0.17,0.23,0.1,-0.07,-0.3,-0.39,-0.65,-0.67,-0.72,-1.03,-0.77,-0.72,-0.77,-0.55,-0.68,-0.82,-0.66,-0.56,-0.51,-0.28,-0.19,-0.09,0.19,0.21,0.26,0.29,0.31,0.3,0.29,0.19,0.24,0.23,0.16,0.19,0.31,0.26,0.25,0.25,0.43,0.5,0.48,0.44,0.51,0.39,0.42,0.46,0.4,0.48,0.44,0.3,0.33,0.32,0.37,0.35,0.43,0.23,0.47,0.54,0.47,0.71,0.69,0.83,0.79,0.97,0.98,1.19,1.2,1.17,1.37,1.49,1.57,1.61,1.63,1.56,1.43,1.41,1.48,1.44,1.32,1.24,1.32,1.11,1.11,0.9,0.74,0.74,0.58,0.49,0.37,0.22,-0.04,0.18,-0.18,-0.14,-0.16,-0.27,-0.15,-0.03,-0.25,-1.94,-2.39,-2.25,-1.8,-1.33
0.51074,-0.12086,-0.32912,-0.49116,-0.50442,-0.64642,-0.56769,-0.16752,-0.27439,-0.49895,-0.79486,-1.1126,-1.0023,-1.4358,-1.0618,-1.288,-1.6774,-0.86989,-0.87286,-0.78181,-0.5316,-0.92689,-0.9677,-0.50579,-0.43974,-0.24643,0.07077,-0.064799,0.031365,0.25221,0.26834,0.27938,0.36755,0.44496,0.23467,0.38141,0.10823,0.18527,0.083086,0.018917,0.10201,0.22571,0.38425,0.25519,0.16068,0.47641,0.32228,0.25826,0.14272,0.37202,0.12381,0.35522,0.42216,0.37068,0.29487,0.093856,-0.19901,0.10834,0.10531,0.26336,0.24255,0.33259,-0.21263,0.60781,0.65125,0.37661,0.64472,0.72136,0.83281,0.84496,1.1014,0.77555,1.0554,0.8482,1.041,1.3371,1.3479,1.5255,1.4894,1.2567,1.1344,0.89517,1.0388,1.1995,1.1965,1.13061213,1.084559452,0.981257626,0.716681335,0.963491069,0.684293386,0.507661299,0.600735456,0.354560736,0.361811363,0.23544858,0.137375567,-0.30547481,0.245075524,-0.401039192,-0.163719408,-0.163648446,-0.277972704,-0.094140063,0.138386086,-1.040496085,-3.209331555,-1.663323429,-1.123685274
0.51074,-0.12073,-0.32872,-0.49116,-0.55962,-0.64635,-0.58376,-0.16756,-0.27339,-0.49732,-0.84057,-1.1126,-1.0046,-1.4359,-1.0618,-1.2883,-1.676,-0.86989,-0.8421,-0.78181,-0.5316,-0.9298,-0.93878,-0.50579,-0.43981,-0.24615,0.080612,-0.064699,0.031365,0.26877,0.31835,0.27938,0.36755,0.44535,0.25321,0.36537,0.10821,0.18527,0.082654,0.019,0.10201,0.22571,0.34398,0.26576,0.18208,0.47703,0.32228,0.25836,0.14437,0.37202,0.12416,0.3547,0.46286,0.37068,0.29487,0.09534,-0.19829,0.10834,0.11997,0.2639,0.24255,0.33204,-0.21195,0.60781,0.65245,0.37699,0.64653,0.7221,0.83214,0.84496,1.1009,0.77968,1.0554,0.84861,1.041,1.3371,1.354,1.5255,1.4577,1.2847,1.1345,0.89517,1.0475,1.1995,1.2008,1.131295905,1.084559452,0.977496892,0.708055744,0.963491069,0.700279373,0.507661299,0.600735456,0.354547107,0.374156997,0.23544858,0.137375543,-0.307368707,0.244774298,-0.400817433,-0.163719408,-0.154766627,-0.251547778,-0.094140063,0.140901405,-1.040496085,-3.209331555,-1.671939824,-1.123685274
0.51074,-0.11662,-0.32872,-0.46662,-0.55965,-0.64635,-0.58309,-0.17358,-0.27339,-0.49743,-0.84077,-1.1126,-1.0044,-1.44,-1.0773,-1.2911,-1.676,-0.88353,-0.76549,-0.78181,-0.5316,-0.92869,-0.93791,-0.45072,-0.45203,-0.24615,0.080082,-0.052961,0.031365,0.26857,0.31918,0.32483,0.38529,0.42683,0.25321,0.36536,0.11449,0.18527,0.061602,0.0064916,0.095797,0.22377,0.34398,0.26571,0.18191,0.47703,0.32228,0.26753,0.1448,0.41152,0.13676,0.3547,0.46278,0.36292,0.29487,0.091851,-0.19162,0.10834,0.12059,0.25992,0.24255,0.33627,-0.21195,0.61505,0.65245,0.37699,0.64819,0.72171,0.83046,0.85149,1.0976,0.77968,1.0612,0.85381,1.041,1.3371,1.3545,1.5255,1.4592,1.2847,1.1345,0.88661,1.0485,1.1995,1.2012,1.125936511,1.061856648,0.980938696,0.708055744,0.972603992,0.700279373,0.505024415,0.600735456,0.366013989,0.374134243,0.23894851,0.137609678,-0.307368707,0.244726302,-0.406061922,-0.163719408,-0.154737359,-0.254109902,-0.081882588,0.140901405,-1.087869236,-3.209331555,-1.636761216,-1.100488071
0.51062,-0.11642,-0.32872,-0.46662,-0.5609,-0.64635,-0.60374,-0.17358,-0.27339,-0.50511,-0.85102,-1.1126,-1.0073,-1.44,-1.0773,-1.2911,-1.676,-0.88356,-0.76692,-0.7806,-0.53195,-0.93038,-0.93791,-0.4517,-0.45203,-0.24615,0.076355,-0.052961,0.036059,0.25818,0.31918,0.32495,0.38529,0.42807,0.25321,0.3668,0.1158,0.18547,0.058113,0.0064916,0.095829,0.22367,0.34398,0.28211,0.16924,0.47703,0.34498,0.26753,0.1448,0.41162,0.13784,0.3547,0.46295,0.36313,0.34146,0.091851,-0.19162,0.10834,0.12095,0.25992,0.24285,0.33627,-0.21195,0.61505,0.65056,0.37699,0.68351,0.72171,0.83046,0.85298,1.104,0.77968,1.058,0.85366,1.0413,1.3275,1.3545,1.5264,1.4714,1.2847,1.1345,0.88593,1.0442,1.1988,1.2032,1.125936511,1.063238066,0.980938696,0.708055744,0.972118602,0.686219893,0.505024939,0.600773388,0.369381147,0.374134243,0.239037472,0.140724001,-0.307368707,0.245306664,-0.406061922,-0.153906565,-0.156193526,-0.254109902,-0.081882588,0.137693343,-1.087869236,-3.211429295,-1.637234724,-1.100488071
0.50072,-0.1117,-0.33068,-0.47618,-0.5609,-0.64315,-0.60612,-0.17358,-0.28235,-0.50333,-0.85102,-1.1121,-1.0112,-1.44,-1.0789,-1.2946,-1.6761,-0.89123,-0.76692,-0.78351,-0.52145,-0.93045,-0.93791,-0.46128,-0.45123,-0.24012,0.076231,-0.052961,0.036059,0.25818,0.31918,0.31913,0.41122,0.42807,0.25352,0.35865,0.1158,0.17989,0.053872,0.0064916,0.099083,0.22158,0.34511,0.28222,0.16897,0.47703,0.34521,0.26709,0.1448,0.40983,0.13784,0.34647,0.45739,0.36313,0.34201,0.091942,-0.19162,0.077369,0.12095,0.25992,0.25417,0.33687,-0.2186,0.60936,0.65056,0.37368,0.68351,0.72171,0.83046,0.84433,1.104,0.77472,1.0741,0.85366,1.0314,1.3275,1.3545,1.5296,1.4706,1.2954,1.1164,0.8808,1.0442,1.1969,1.204,1.125936511,1.05927138,0.980175941,0.708055744,0.97874912,0.686219893,0.510017842,0.608782052,0.366457842,0.374134243,0.24266061,0.141063829,-0.305428259,0.24620631,-0.406061922,-0.153906565,-0.152198746,-0.254109902,-0.078513012,0.137693343,-1.087869236,-3.211429295,-1.587705262,-1.100488071
0.50088,-0.1117,-0.33966,-0.47939,-0.5609,-0.64831,-0.38469,-0.17146,-0.28235,-0.50638,-0.85102,-1.1113,-1.015,-1.44,-1.0857,-1.2946,-1.6647,-0.89353,-0.76692,-0.78363,-0.52145,-0.93045,-0.92357,-0.46141,-0.45123,-0.24098,0.078583,-0.052961,0.042022,0.25898,0.31158,0.31871,0.408,0.42807,0.25502,0.36063,0.1158,0.17956,0.053872,0.010627,0.097624,0.22158,0.3362,0.28241,0.16786,0.47703,0.35656,0.26709,0.14467,0.40973,0.13784,0.34676,0.4568,0.36313,0.36918,0.091942,-0.19162,0.078607,0.12095,0.25977,0.25397,0.33687,-0.21889,0.61001,0.65056,0.37376,0.96866,0.72186,0.83046,0.83478,1.104,0.77511,1.0741,0.85366,1.0313,1.3277,1.3463,1.5292,1.4706,1.2953,1.1164,0.87939,1.0442,1.1969,1.2051,1.12646203,1.059910919,0.980175941,0.70022573,0.978344809,0.686219893,0.510017842,0.608782052,0.366457842,0.37545753,0.243511145,0.141063829,-0.307807808,0.24616703,-0.406061922,-0.147748404,-0.151673925,-0.231554179,-0.076464515,0.133045535,-1.090371676,-3.192220209,-1.587705262,-1.139859658
0.50125,-0.1117,-0.34662,-0.48557,-0.55701,-0.64703,-0.38469,-0.16967,-0.28267,-0.50638,-0.85424,-1.1113,-1.015,-1.4401,-1.0873,-1.2946,-1.6627,-0.89142,-0.76692,-0.78376,-0.52242,-0.93045,-0.92288,-0.46195,-0.45123,-0.26383,0.078583,-0.052961,0.041852,0.25898,0.31391,0.31786,0.40837,0.42749,0.25783,0.36063,0.11758,0.17494,0.053872,0.013865,0.095499,0.22158,0.32162,0.28241,0.16786,0.47186,0.35561,0.26709,0.14465,0.41,0.13737,0.34609,0.4568,0.3634,0.41481,0.091942,-0.19172,0.077963,0.12095,0.25911,0.25458,0.33687,-0.21905,0.61048,0.63728,0.37364,0.96866,0.72273,0.8304,0.83507,1.104,0.77518,1.0728,0.85372,1.0297,1.3277,1.3472,1.5287,1.4706,1.2961,1.1156,0.87939,1.0445,1.1954,1.2051,1.126391242,1.059655449,0.980175941,0.708656948,0.978256899,0.690517679,0.50825553,0.608850386,0.366457842,0.373793692,0.249333277,0.141063829,-0.305554848,0.24616703,-0.406193319,-0.147790731,-0.151673925,-0.232560125,-0.069282709,0.133045535,-1.098873195,-3.145234674,-1.587705262,-1.194869672
0.48225,-0.087905,-0.31917,-0.48557,-0.55819,-0.63578,-0.38469,-0.18568,-0.30236,-0.50638,-0.85908,-1.0947,-1.015,-1.4265,-1.0873,-1.2957,-1.6627,-0.89142,-0.89586,-0.78092,-0.51761,-0.92931,-0.9236,-0.46195,-0.44133,-0.26364,0.078583,-0.064013,0.040972,0.25898,0.30849,0.31786,0.40837,0.43292,0.25815,0.36063,0.12171,0.17334,0.059873,0.014018,0.095499,0.2227,0.0368,0.28241,0.16786,0.47171,0.3554,0.27095,0.13084,0.41,0.13592,0.33599,0.4568,0.34935,0.41446,0.10704,-0.19239,0.088181,0.12095,0.24352,0.25654,0.34091,-0.21672,0.61048,0.63644,0.38225,0.96866,0.71544,0.82828,0.83507,1.1041,0.77444,1.0728,0.85391,1.0296,1.3277,1.347,1.5286,1.5709,1.2763,1.1276,0.87939,1.0441,1.1946,1.2051,1.1228196,1.059655449,0.999746873,0.708871013,0.978256899,0.589890266,0.506478626,0.599191828,0.370622212,0.373986157,0.249333277,0.13172229,-0.301743295,0.24616703,-0.409318887,-0.148749722,-0.151673925,-0.224939029,-0.069282709,0.133045535,-1.146856422,-3.141036542,-1.575165594,-1.194869672
0.48225,-0.088503,-0.3198,-0.48557,-0.54225,-0.63306,-0.38913,-0.18568,-0.30081,-0.50638,-0.85673,-1.0947,-1.0164,-1.4246,-1.0873,-1.2998,-1.6404,-0.89142,-0.89681,-0.78092,-0.51761,-0.93424,-0.9236,-0.46195,-0.44133,-0.26404,0.081811,-0.065003,0.040972,0.27205,0.2886,0.31786,0.40837,0.43253,0.25983,0.36063,0.12171,0.17334,0.060842,0.016752,0.095499,0.21937,0.038228,0.28878,0.14342,0.45916,0.3554,0.27095,0.13098,0.41,0.13592,0.33641,0.45586,0.34943,0.41446,0.10722,-0.19891,0.088181,0.12044,0.24354,0.25654,0.3409,-0.21727,0.61048,0.62999,0.38046,0.95579,0.71546,0.83752,0.83507,1.1086,0.77487,1.0728,0.8645,1.0296,1.3177,1.3469,1.5286,1.5709,1.2749,1.1269,0.8795,1.0441,1.1946,1.2095,1.1228196,1.059655449,0.999814207,0.708823078,0.978256899,0.597203534,0.506478626,0.599191828,0.367930858,0.373986157,0.249333277,0.134941139,-0.301804866,0.252660166,-0.412127153,-0.148749722,-0.156126909,-0.225670438,-0.069282709,0.125833292,-1.149558978,-3.141036542,-1.496642544,-1.200467971
0.48225,-0.087226,-0.3198,-0.46876,-0.53934,-0.63306,-0.38017,-0.18816,-0.30081,-0.49825,-0.83614,-1.0947,-1.0162,-1.4257,-1.054,-1.3058,-1.6404,-0.90804,-0.8625,-0.78092,-0.51761,-0.93692,-0.92352,-0.47285,-0.44156,-0.26404,0.076098,-0.065116,0.040972,0.27115,0.28242,0.31418,0.40508,0.43307,0.25983,0.35818,0.12658,0.17342,0.059563,0.013425,0.097132,0.21868,0.038228,0.29158,0.14755,0.46396,0.3554,0.27577,0.12999,0.4063,0.13449,0.33641,0.45482,0.34929,0.41446,0.10714,-0.20073,0.088181,0.11626,0.24238,0.25654,0.34033,-0.21727,0.5997,0.6279,0.38046,0.95529,0.7129,0.83776,0.81544,1.1094,0.77487,1.0542,0.86772,1.0296,1.3158,1.3561,1.5286,1.57,1.2749,1.1269,0.8813,1.0421,1.1946,1.2146,1.121384907,1.074583611,0.997640998,0.708823078,0.973297673,0.596166556,0.506478626,0.599191828,0.364275092,0.370892439,0.251145662,0.130782889,-0.301804866,0.254684187,-0.413882138,-0.148749722,-0.158029349,-0.229181791,-0.067921322,0.119542734,-1.15203778,-3.141036542,-1.44583588,-1.316962988
0.48089,-0.087226,-0.3198,-0.46876,-0.53934,-0.63306,-0.38017,-0.18816,-0.30081,-0.49825,-0.83614,-1.0954,-1.0162,-1.4257,-1.054,-1.3058,-1.6404,-0.90804,-0.8625,-0.77981,-0.51795,-0.93692,-0.92352,-0.47285,-0.44156,-0.26404,0.076098,-0.065116,0.040728,0.27115,0.28242,0.31418,0.40514,0.43307,0.25983,0.35818,0.12658,0.17342,0.059563,0.013425,0.097132,0.21866,0.038228,0.29158,0.14755,0.46396,0.3554,0.27577,0.12999,0.4063,0.1333,0.33641,0.45482,0.34892,0.41446,0.10714,-0.20163,0.089393,0.11626,0.24238,0.25288,0.34041,-0.21727,0.5997,0.6279,0.38046,0.95529,0.7129,0.83776,0.81007,1.1094,0.77487,1.0534,0.86772,1.014,1.3158,1.3561,1.5082,1.5848,1.2749,1.1269,0.87842,1.0421,1.1917,1.2146,1.121384907,1.074583611,0.997640998,0.708823078,0.973297673,0.618944035,0.503075488,0.603951911,0.364275092,0.370892439,0.252497672,0.130782889,-0.301804866,0.254684187,-0.413882138,-0.149472403,-0.158029349,-0.229181791,-0.067921322,0.119542734,-1.15203778,-3.098749986,-1.413615499,-1.316962988
0.48089,-0.084483,-0.31846,-0.47368,-0.53934,-0.63306,-0.38371,-0.18816,-0.30081,-0.49979,-0.83614,-1.0954,-1.0186,-1.4257,-1.0573,-1.3094,-1.6404,-0.90419,-0.8625,-0.77981,-0.51795,-0.93386,-0.92352,-0.4687,-0.44052,-0.26404,0.072246,-0.065116,0.05544,0.26789,0.28242,0.31411,0.4058,0.43307,0.25672,0.35804,0.12658,0.17342,0.060029,0.013425,0.097384,0.21869,0.039861,0.29077,0.14944,0.46396,0.35832,0.27087,0.12999,0.40096,0.1333,0.33641,0.45356,0.34892,0.4186,0.097869,-0.20163,0.089393,0.10915,0.24238,0.25288,0.33659,-0.21727,0.60952,0.6279,0.38046,0.96426,0.7129,0.83776,0.81007,1.1055,0.77098,1.0614,0.86772,1.014,1.3266,1.3561,1.5082,1.5858,1.2749,1.1269,0.87094,1.0421,1.1917,1.2228,1.121384907,1.068438963,1.004632191,0.710535032,0.972839343,0.618944035,0.503075488,0.603951911,0.367251264,0.370892439,0.252497672,0.132211744,-0.301804866,0.254372064,-0.413882138,-0.144756785,-0.158238766,-0.229181791,-0.070044692,0.121970682,-1.15203778,-3.062635395,-1.422924479,-1.316962988
0.48156,-0.084483,-0.31846,-0.47368,-0.53934,-0.63306,-0.38458,-0.18816,-0.30081,-0.49979,-0.83614,-1.0942,-1.0186,-1.4257,-1.0573,-1.3094,-1.6404,-0.90419,-0.8625,-0.77469,-0.51463,-0.93386,-0.90035,-0.4687,-0.44052,-0.26021,0.072246,-0.065116,0.057133,0.26789,0.27901,0.31411,0.4058,0.43307,0.25672,0.35776,0.12658,0.17424,0.060029,0.013425,0.097384,0.21869,0.03721,0.29193,0.14944,0.46364,0.35397,0.27087,0.12999,0.40096,0.1333,0.33641,0.44792,0.34892,0.4162,0.097869,-0.20163,0.087406,0.10947,0.24238,0.24821,0.33659,-0.21761,0.60952,0.6279,0.38051,0.96426,0.7129,0.84227,0.81007,1.1055,0.77098,1.0614,0.86772,1.0109,1.3266,1.3561,1.5048,1.5858,1.2749,1.1269,0.86329,1.0421,1.1926,1.2228,1.121384907,1.068438963,1.004632191,0.710535032,0.972839343,0.618944035,0.501502334,0.605353723,0.367251264,0.370474818,0.25206365,0.132211744,-0.301804866,0.254089366,-0.413882138,-0.143771636,-0.159757723,-0.228926195,-0.070044692,0.121970682,-1.15203778,-3.067503002,-1.422924479,-1.316962988
0.48156,-0.084483,-0.32143,-0.47482,-0.53944,-0.6335,-0.38458,-0.18827,-0.30167,-0.49979,-0.83498,-1.0942,-1.0186,-1.4285,-1.0573,-1.3094,-1.6365,-0.98056,-0.8651,-0.77488,-0.51463,-0.93386,-0.89323,-0.4687,-0.44052,-0.2606,0.072246,-0.060904,0.058899,0.26789,0.28502,0.31168,0.4058,0.43329,0.25696,0.35776,0.12653,0.17504,0.060029,0.013513,0.097477,0.21869,0.037405,0.29193,0.14944,0.46879,0.35397,0.27087,0.12459,0.40616,0.13618,0.33671,0.44792,0.35415,0.41645,0.097869,-0.18426,0.087406,0.10947,0.25049,0.24821,0.33659,-0.2185,0.61288,0.62655,0.37654,0.96426,0.69826,0.84195,0.81007,1.1055,0.77226,1.061,0.86435,1.0117,1.3266,1.3514,1.5945,1.5858,1.278,1.1137,0.86329,1.0409,1.1926,1.2228,1.121939163,1.069301796,1.004632191,0.715060646,0.784966851,0.608792189,0.501549068,0.605353723,0.367251264,0.371254519,0.252552039,0.132211744,-0.303846404,0.254089366,-0.413848751,-0.143607828,-0.159757723,-0.228926195,-0.070852566,0.121970682,-1.15203778,-3.062052675,-1.422924479,-1.308120415
0.48241,-0.084483,-0.32143,-0.47482,-0.54139,-0.49524,-0.38458,-0.18967,-0.30156,-0.49979,-0.83592,-1.0937,-1.0186,-1.4285,-1.0573,-1.3094,-1.6364,-0.98056,-0.86125,-0.78605,-0.51463,-0.9319,-0.89296,-0.4687,-0.44052,-0.2606,0.072246,-0.060904,0.058892,0.26789,0.27732,0.31168,0.4058,0.43484,0.25754,0.35776,0.12653,0.17504,0.060439,0.013513,0.097477,0.21869,0.037287,0.29193,0.14944,0.47223,0.35397,0.26983,0.12459,0.40616,0.13572,0.33671,0.44792,0.3578,0.41962,0.097289,-0.18426,0.084928,0.10947,0.2604,0.23533,0.33659,-0.21447,0.61288,0.62255,0.58098,0.96426,0.70331,0.84167,0.81007,1.1055,0.76673,1.061,0.8642,1.0048,1.3266,1.3495,1.5885,1.5876,1.2837,1.1136,0.86329,1.0455,1.1949,1.2228,1.121307622,1.069301796,1.004632191,0.714691934,0.784966851,0.606813999,0.502319107,0.603419564,0.367251264,0.369949047,0.252552039,0.132211744,-0.303846404,0.254089366,-0.413848751,-0.144840578,-0.159757723,-0.230209356,-0.070852566,0.121970682,-1.15203778,-3.050955137,-1.42430214,-1.308120415
0.48241,-0.08226,-0.32077,-0.47482,-0.54154,-0.5561,-0.38458,-0.19113,-0.30248,-0.50096,-0.83303,-1.0937,-1.0188,-1.4285,-1.0573,-1.312,-1.6363,-0.98056,-0.86445,-0.78605,-0.51463,-0.93091,-0.89115,-0.4687,-0.45659,-0.25493,0.072217,-0.059884,0.058892,0.28341,0.28263,0.31168,0.4058,0.4361,0.25729,0.35776,0.12572,0.17504,0.060439,0.012504,0.097477,0.35075,0.037413,0.28461,0.14944,0.47451,0.35397,0.26934,0.12171,0.40616,0.13572,0.33418,0.44792,0.35305,0.41962,0.097522,-0.17633,0.084928,0.10947,0.26279,0.23533,0.33829,-0.21444,0.61288,0.62255,0.61244,0.96914,0.7051,0.8403,0.81007,1.1003,0.77077,1.061,0.86412,1.0048,1.328,1.3538,1.5885,1.5864,1.2837,1.1136,0.86329,1.0451,1.1949,1.2253,1.124017684,1.069301796,1.005667609,0.716004562,0.784966851,0.605664387,0.502319107,0.603419564,0.368187657,0.371906308,0.252552039,0.131046503,-0.304091495,0.254089366,-0.413858647,-0.144840578,-0.337318389,-0.230040037,-0.070852566,0.121970682,-1.150884623,-3.050955137,-1.42430214,-1.343412755
0.48241,-0.078969,-0.32077,-0.47482,-0.54144,-0.5561,-0.38461,-0.19099,-0.30248,-0.50096,-0.83303,-1.0937,-1.019,-1.4298,-1.057,-1.3126,-1.6363,-0.98325,-0.86297,-0.78605,-0.51463,-0.93344,-0.88919,-0.47282,-0.45709,-0.25493,0.066304,-0.05867,0.058892,0.28341,0.28226,0.31168,0.4058,0.43632,0.25729,0.35796,0.12491,0.17504,0.061211,0.014214,0.099771,0.35075,0.037413,0.28637,0.15059,0.47386,0.35397,0.27179,0.11932,0.3994,0.14181,0.33418,0.44729,0.31513,0.41962,0.097833,-0.18299,0.084928,0.10285,0.26192,0.23533,0.33829,-0.21444,0.61212,0.6236,0.61244,0.96832,0.71014,0.83516,0.81007,1.0981,0.77077,1.061,0.85629,1.0048,1.3242,1.353,1.5885,1.5841,1.2837,1.1136,0.86472,1.051,1.1949,1.2246,1.124017684,1.067668524,0.996268831,0.716004562,0.7872187,0.602697136,0.502319107,0.603419564,0.370271271,0.373126861,0.252552039,0.128630176,-0.304091495,0.254089366,-0.412222718,-0.144840578,-0.336713701,-0.226677576,-0.070852566,0.121970682,-1.148651045,-3.050955137,-1.409593782,-1.3781012
0.48241,-0.078829,-0.32077,-0.47495,-0.54009,-0.5561,-0.38509,-0.19099,-0.30248,-0.50218,-0.83286,-1.0935,-1.0194,-1.4298,-1.0563,-1.3126,-1.6363,-0.98325,-0.86368,-0.78605,-0.50311,-0.93333,-0.88919,-0.47431,-0.45706,-0.25493,0.066005,-0.05867,0.055252,0.28256,0.28226,0.3099,0.40604,0.43697,0.25729,0.35887,0.12493,0.17562,0.061607,0.014214,0.1002,0.35573,0.037413,0.28175,0.15877,0.47386,0.35314,0.27184,0.11932,0.3994,0.14202,0.33418,0.45098,0.31818,0.419,0.097459,-0.18299,0.084928,0.10286,0.26192,0.23533,0.33961,-0.21444,0.61201,0.6236,0.61244,0.96723,0.71014,0.83516,0.81007,1.0978,0.77077,1.061,0.85621,1.007,1.3255,1.353,1.5889,1.5847,1.2837,1.1136,0.86766,1.0523,1.1943,1.2265,1.124017684,1.068892837,0.996268831,0.716004562,0.780658478,0.60275914,0.502319107,0.604378152,0.450450314,0.373126861,0.251823929,0.127614387,-0.304091495,0.255734358,-0.412561635,-0.144840578,-0.310738635,-0.226677576,-0.070624133,0.117838322,-1.148651045,-3.050955137,-1.393982678,-1.3781012
0.48227,-0.078829,-0.32105,-0.4764,-0.54009,-0.55643,-0.38509,-0.19099,-0.30121,-0.49768,-0.83286,-1.0473,-1.0194,-1.4298,-1.0567,-1.313,-1.6356,-0.9407,-0.86368,-0.78615,-0.50506,-0.93292,-0.88919,-0.47305,-0.45745,-0.25493,0.065939,-0.05867,0.05492,0.28281,0.28226,0.30986,0.40877,0.43697,0.25661,0.35887,0.12493,0.17562,0.061607,0.013961,0.09832,0.32821,0.038716,0.28044,0.1532,0.47386,0.36071,0.27184,0.11932,0.39693,0.14202,0.32943,0.45098,0.31818,0.42034,0.097084,-0.18299,0.085218,0.10128,0.26192,0.23366,0.33961,-0.2111,0.61306,0.6236,0.61567,0.96688,0.71014,0.83516,0.80947,1.0976,0.77295,1.0588,0.85621,1.0113,1.3255,1.353,1.5709,1.5847,1.2829,1.1161,0.8688,1.0523,1.1968,1.2305,1.124017684,1.075385686,0.997135861,0.717327456,0.783397293,0.60275914,0.505780625,0.609725183,0.450095824,0.373126861,0.250315897,0.127899063,-0.304091495,0.255390071,-0.412561635,-0.147400848,-0.299087982,-0.226677576,-0.074529573,-0.460354941,-1.148651045,-3.03966482,-1.402135204,-1.3781012
0.48248,-0.078829,-0.32118,-0.47824,-0.54009,-0.49823,-0.38531,-0.19099,-0.30142,-0.39779,-0.83286,-1.0471,-1.0255,-1.4302,-1.2366,-1.313,-1.6357,-0.95066,-0.86368,-0.87276,-0.49759,-0.93292,-0.88917,-0.48002,-0.45745,-0.25334,0.073458,-0.05867,0.05492,0.26835,0.28197,0.070283,0.40877,0.43697,0.2563,0.35851,0.12493,0.17445,0.061607,0.013511,-0.038034,0.32821,0.039179,0.29511,0.1532,0.47053,0.35937,0.27184,0.11932,0.39693,0.14202,0.32922,0.44927,0.31818,0.42034,0.097084,-0.18299,0.085218,0.10128,0.25927,0.23352,0.33961,-0.2111,0.61306,0.6236,0.61639,0.96688,0.70441,0.83655,0.81831,1.0976,0.77295,1.0543,0.85621,1.0113,1.3255,1.3531,1.5709,1.5847,1.2772,1.1182,0.86843,1.0523,1.1968,1.2305,1.125185402,1.072803032,0.997135861,0.717603491,0.783397293,0.60275914,0.505415949,0.609206579,0.450095824,0.373126861,0.249574133,0.127899063,-0.306431917,0.256010741,-0.412561635,-0.147014879,-0.287499602,-0.225066768,-0.074503027,-0.460354941,-1.148452829,-3.026273813,-1.402135204,-1.379375146
0.084637,-0.078829,-0.32118,-0.44893,-0.54011,-0.50242,-0.38531,-0.24788,-0.30142,-0.39779,-0.8319,-1.0116,-1.0255,-1.4302,-1.2366,-1.313,-1.6358,-0.96988,-0.86368,-1.0574,-0.99328,-0.93292,-0.88917,-0.48002,-0.45745,-0.25334,0.073458,-0.058897,-0.029349,0.26835,0.28197,0.070283,0.40527,0.43697,0.25235,0.35851,0.12523,0.050343,0.061607,0.013511,-0.037053,0.32821,0.039179,0.29511,0.1532,0.47053,0.35346,0.27184,0.11932,0.38206,0.14202,0.32922,0.44927,0.3222,0.45133,0.097084,-0.18305,0.10181,0.10128,0.25927,0.29181,0.33961,-0.2111,0.61307,0.6236,0.61059,0.96688,0.89457,0.83655,0.91112,1.0976,0.77295,1.0543,0.85621,1.012,1.3255,1.3531,1.5654,1.5847,1.1169,1.1182,0.86843,1.0523,1.2623,1.2305,1.125185402,0.88913579,0.997135861,0.717603491,0.785777512,0.60275914,0.494340631,0.609002132,0.450095824,0.370978363,0.337495914,0.127899063,-0.306431917,0.256010741,-0.412561635,-0.145767417,-0.287499602,-0.225066768,0.012890929,-0.460354941,-1.147536009,-0.318935236,-1.402135204,-1.379375146
0.13008,-0.078829,-0.6084,-0.44893,-0.54553,-0.50245,-0.38531,-0.41305,-0.77344,-0.39779,-0.83681,-1.0451,-1.0255,-1.4302,-1.2366,-1.313,-1.5002,-0.96988,-0.86368,-0.9951,-0.97932,-0.91577,-0.88917,-0.48002,-0.45745,-0.19403,0.073458,-0.058897,0.0067765,0.26835,0.28197,0.070283,0.40527,0.4394,0.15022,0.35851,0.12464,0.050343,0.062868,0.013511,-0.037053,0.32061,0.036832,0.29511,0.1532,0.46809,0.36511,0.27194,0.16424,0.38206,0.14222,0.37647,0.44927,0.32118,0.22399,-0.059811,0.050341,0.076505,0.10128,0.25911,0.091804,0.33961,-0.11605,0.61307,0.62403,0.61539,0.96688,0.91396,0.83655,0.91112,1.0976,0.85845,1.0543,0.85621,1.2451,1.3255,1.3553,1.5634,1.5847,1.1061,0.91578,0.86843,1.0523,1.2801,1.2305,1.125185402,0.88913579,0.997135861,0.799944159,0.785777512,0.611672521,0.485969692,0.360998479,0.450095824,0.370978363,0.337495914,0.127899063,-0.118705683,0.256010741,-0.412092469,-0.109705226,-0.287499602,-0.228397991,0.012890929,-0.460354941,-1.154029964,-0.318935236,-1.398425936,-1.379375146
0.13008,0.095981,-0.57865,-0.44893,-0.59242,-0.49539,-0.59469,-0.31545,-0.53842,-0.74588,-0.82783,-1.0451,-1.0184,-1.1218,-1.2366,-1.388,-1.3807,-0.96988,-0.91072,-0.9951,-0.97932,-0.96418,-0.70791,-0.48002,-0.48913,-0.19131,-0.055923,-0.11325,0.0067765,0.26807,0.48678,0.070283,0.40527,0.49337,0.135,0.32599,0.13801,0.050343,0.085885,0.11692,-0.037053,0.32237,0.070912,0.28961,0.15122,0.24221,0.36511,0.34111,0.16271,0.38206,0.13297,0.36525,0.47727,0.32357,0.22399,-0.075966,0.050341,0.076505,0.059555,0.30749,0.091804,0.31197,0.044557,0.61307,0.63422,0.61525,0.96664,0.91088,0.78187,0.91112,1.1297,0.78207,1.0543,1.0787,1.2451,1.3256,1.7452,1.5634,1.5843,1.1098,0.91578,1.0692,0.99657,1.2801,1.2307,1.13217149,0.88913579,1.002360224,0.774306535,0.785777512,0.678412728,0.485969692,0.360998479,0.453382296,0.31648169,0.337495914,0.128790023,-0.118705683,-0.093838825,-0.393833281,-0.109705226,-0.287499602,-0.22932788,0.012890929,-0.443894344,-2.875642163,-0.318935236,-0.009171152,-1.583246365
0.13008,-0.1002,-0.57865,-0.57043,-0.52105,-0.49539,-0.228,-0.31588,-0.53842,-0.74808,-1.1225,-1.0451,-1.2322,-1.1218,-1.2705,-1.5639,-1.3807,-0.96988,-0.78077,-0.9951,-0.97932,-0.99177,-0.71577,-0.49006,-0.302,-0.19131,-0.060095,-0.22573,0.0067765,0.26776,0.48679,0.12246,0.36493,0.46739,0.135,0.31211,0.29251,0.050343,0.036937,0.11602,0.063464,0.32418,0.070912,0.27071,0.31097,0.25977,0.36511,0.3201,0.068109,0.38206,0.1401,0.36525,0.50326,0.32228,0.22399,-0.076001,0.040006,0.076505,0.086586,0.32052,0.091804,0.31013,0.044557,0.68982,0.63951,0.61525,0.86999,0.91053,1.0311,0.91489,1.1272,0.78207,0.95554,1.0869,1.2451,1.2976,1.7392,1.5634,1.427,1.1098,0.91578,1.0511,0.98164,1.2801,1.2724,1.13217149,0.897046695,0.804639508,0.774306535,0.785777512,0.539787181,0.485969692,0.360998479,0.454188702,0.31648169,0.326053338,-0.049799324,-0.118705683,-0.03878407,-0.314544089,-0.109705226,-0.287499602,-0.077352258,0.00412727,-1.892725783,-2.892712833,-0.318935236,-0.039188295,-1.553879988
0.13181,-0.098131,-0.57865,-0.57595,-0.51463,-0.49539,-0.19048,-0.31588,-0.53842,-0.74808,-1.1286,-1.0451,-1.277,-1.1218,-1.2906,-1.5637,-1.3807,-0.96988,-0.77175,-0.9951,-0.9794,-0.99072,-0.71577,-0.50625,-0.3198,-0.19131,-0.013085,-0.22487,0.0088042,0.26776,0.48679,0.13162,0.36015,0.4669,0.135,0.28129,0.21801,-0.0093745,0.037197,0.11602,0.13664,0.32418,0.070912,0.2665,0.3348,0.25977,0.36511,0.32172,0.068109,0.38479,0.12647,0.36525,0.49919,0.32228,0.21621,-0.071913,0.039437,0.067021,0.096457,0.32052,0.091499,0.26235,0.044557,0.66095,0.64147,0.61525,0.808,0.91053,1.0311,0.89949,1.127,0.78207,1.003,1.0787,1.2169,1.3186,1.7392,1.5634,1.4463,1.1098,0.91578,1.0525,0.99278,1.2737,1.261199475,1.13217149,0.897046695,0.805657786,0.774306535,0.785777512,0.517337699,0.485969692,0.396535644,0.45316648,0.31648169,0.321820596,-0.064570429,-0.118705683,-0.042139202,-0.322065398,-0.112505542,-0.287499602,-0.077352258,0.007747333,-1.924053758,-2.892712833,-0.283795776,-0.090989181,-1.553879988
0.11974,-0.098131,-0.5239,-0.54235,-0.51463,-0.49384,-0.194,-0.31588,-0.49603,-0.69622,-1.1286,-1.0404,-1.2769,-1.1218,-1.2857,-1.5518,-1.3757,-0.96988,-0.77175,-0.99004,-0.98072,-0.99049,-0.71577,-0.50786,-0.31863,-0.19131,-0.012759,-0.22487,0.0088952,0.26907,0.48679,0.13226,0.3587,0.4669,0.13598,0.28302,0.21801,-0.0093745,0.048547,0.11602,0.12845,0.32418,0.11249,0.11913,0.33378,0.25977,0.36594,0.33331,0.068109,0.38489,0.12647,0.35765,0.49906,0.32228,0.21621,-0.09547,0.039437,0.060135,0.094091,0.32052,0.092161,0.25852,0.10396,0.6664,0.64147,0.61311,0.80829,0.91053,1.0311,0.90447,1.1235,0.79587,0.99477,1.0787,1.2152,1.3321,1.7392,1.5634,1.436,1.1065,0.91578,1.0519,0.99278,1.2737,1.261797896,1.13217149,0.898884967,0.803300104,0.770612843,0.785777512,0.517337699,0.48718935,0.430894407,0.454381695,0.31648169,0.322249446,-0.056719469,-0.145041492,-0.042028856,-0.322065398,-0.112548559,-0.292426687,-0.077352258,0.0029106,-1.865743383,-2.892712833,-0.330161405,-0.077904136,-1.553879988
0.14347,-0.098131,-0.5238,-0.36969,-0.51463,-0.49384,-0.194,-0.34474,-0.51156,-0.69597,-1.1286,-0.96592,-1.2821,-1.1925,-1.3478,-1.5518,-1.3749,-0.99768,-0.77175,-0.62079,-0.93166,-0.99049,-0.71577,-0.56985,-0.31863,-0.18656,-0.12,-0.22487,0.0081184,0.26907,0.49682,0.37818,0.35665,0.4669,0.13647,0.14996,0.21801,-0.0026805,0.048547,0.051859,0.21402,0.32418,0.11208,0.11917,0.33804,0.2608,0.36945,0.33331,0.079586,0.41235,0.12647,0.35765,0.36126,0.32228,0.21163,-0.09547,0.039437,0.069711,0.085223,0.32279,0.096102,0.25852,0.10433,0.66374,0.64147,0.61311,0.81731,0.84524,1.0375,1.1271,1.1235,0.79463,0.99508,1.0787,1.2154,1.3308,1.7316,1.5623,1.436,1.3055,1.1039,1.1969,0.99278,1.2794,1.264441538,1.172809026,1.098271567,0.803300104,0.766162519,0.784117884,0.517337699,0.634836584,0.429273028,0.454381695,0.31434457,0.148964312,-0.056719469,-0.141415824,-0.340675749,-0.322065398,-0.113007405,-0.292426687,-0.095411883,0.065528002,-1.891082388,-2.865716436,-0.305243809,-0.077904136,-1.600042974
0.11171,-0.098131,-0.572,-0.3696,-0.48267,-0.49384,-0.194,-0.23356,-0.48521,-0.69597,-1.1509,-0.99895,-1.2821,-1.1925,-1.3477,-1.5518,-1.3746,-0.99728,-0.77187,-0.62093,-0.92586,-0.99049,-0.71764,-0.56766,-0.31863,-0.1863,-0.12,-0.21729,0.22789,0.26907,0.49742,0.37874,0.41967,0.46181,0.38099,0.14996,0.2218,0.12233,0.048547,0.066863,0.21385,0.32418,0.11777,0.11917,0.33804,0.26053,0.25817,0.33331,0.079206,0.16698,0.15805,0.38577,0.36126,0.32228,0.20262,-0.09547,0.039437,0.11724,0.085223,0.32928,0.37751,0.25852,0.10879,0.62318,0.62254,0.61067,0.81731,0.84551,1.0383,1.1278,1.1235,0.8,0.95963,1.086,1.3769,1.3308,1.736,1.5623,1.436,1.3047,1.1032,1.1969,0.99487,1.2991,1.264441538,1.166742351,1.098919055,0.803300104,0.766030989,0.784117884,0.517337699,0.635118474,0.422883632,0.454381695,0.250528536,0.148990228,-0.056719469,-0.147606625,-0.340675749,-0.322065398,-0.203754133,-0.292426687,-0.095411883,0.06574596,-1.891082388,-2.867135363,-2.096251764,-0.077904136,-1.600042974
0.11029,-0.092755,-0.31033,-0.3696,-0.56802,-0.54039,-0.194,-0.23408,-0.42155,-0.69597,-1.1509,-0.99921,-1.2821,-1.2105,-1.3477,-1.5518,-1.0326,-0.99728,-0.77223,-0.62839,-0.92597,-0.97623,-0.72157,-0.56766,-0.32407,-0.17402,-0.12,-0.21906,0.22833,0.26907,0.4724,0.37874,0.41967,0.24558,0.38099,0.14996,0.2218,0.12131,0.031332,0.068456,0.21385,0.32468,0.20651,0.11917,0.33804,0.32683,0.25803,0.13632,0.076461,0.16698,0.36179,0.44068,0.36126,0.32005,0.20206,-0.095503,0.045537,0.11791,0.085223,0.22377,0.37699,0.24252,0.55697,0.62318,0.39688,0.61067,0.81731,0.84925,1.041,1.1278,1.1274,1.1225,0.95963,1.0865,1.3767,1.3308,1.5432,1.5633,1.436,1.3064,1.1031,1.1969,0.99555,1.2991,1.264441538,1.166780661,1.098919055,0.806005013,1.024492795,0.784117884,0.516396806,0.63693609,0.422654347,0.378670211,0.251395626,0.148990228,-0.056719469,0.178874234,-0.340675749,-0.321922372,-0.203691609,-0.292426687,-0.09909408,0.06574596,-1.891082388,-2.748431315,-2.084184297,-1.594885628,-1.605897245
0.11029,-0.13701,-0.30995,-0.3696,-0.56683,-0.54039,-0.18345,-0.23071,-0.42146,-0.6962,-1.0031,-0.99921,-1.3936,-1.1386,-1.3477,-1.6879,-1.0318,-0.99728,-0.95938,-0.62839,-0.92597,-0.97713,-0.62565,-0.56766,-0.38399,-0.044044,-0.12038,0.014974,0.22833,0.26675,0.24828,0.37874,0.41967,0.24548,0.38102,0.15019,0.17858,0.12131,0.031215,0.074181,0.21385,0.33121,0.20636,0.13035,0.35738,0.32713,0.25803,0.1359,0.3926,0.16698,0.36213,0.44099,0.36127,0.32005,0.20206,-0.086024,0.097431,0.11791,0.27288,0.22314,0.37699,-0.1116,0.55835,0.62318,0.39628,0.61067,0.75358,0.84891,0.86033,1.1278,0.85142,1.1234,0.95963,1.0805,1.3767,1.4182,1.5426,1.5633,1.4097,1.3065,1.1035,1.195,1.3143,1.2991,1.218136348,1.153008951,1.098919055,0.841999279,1.025080404,0.784117884,0.563919703,0.63693609,0.422654347,0.377256901,0.251395626,0.148990228,-0.244345256,0.180144368,-0.340657928,-0.187782451,-0.203691609,-0.292426687,-0.159794561,0.06574596,-0.761368403,-2.723145281,-2.084184297,-1.595050922,-1.502346452
0.11029,-0.13879,-0.30995,-0.36981,-0.56462,-0.54039,-0.18391,-0.23019,-0.42146,-0.6962,-1.003,-0.99921,-1.396,-1.1392,-1.3365,-1.6884,-1.0318,-0.99728,-0.95876,-0.62839,-0.92597,-0.97713,-0.62611,-0.55357,-0.38358,-0.044044,-0.12332,0.014953,0.22833,0.26675,0.24832,0.38835,0.41947,0.24548,0.38102,0.15022,0.17767,0.12131,0.032989,0.074567,0.20925,0.33121,0.20636,0.13022,0.35789,0.32713,0.25803,0.13963,0.39264,0.16714,0.35859,0.44099,0.37479,0.32005,0.20206,-0.085666,0.098296,0.11791,0.27442,0.23752,0.37699,-0.11022,0.55835,0.62253,0.40167,0.61067,0.75294,0.84789,0.85679,1.1278,0.84876,1.1234,0.95961,1.0799,1.3767,1.4179,1.5467,1.5633,1.4085,1.3065,1.1035,1.195,1.3143,1.2991,1.21802345,1.152741929,1.09085919,0.84198505,1.025080404,0.784117884,0.564990516,0.63693609,0.422654347,0.377256901,0.251536993,0.14015814,-0.244839619,0.180144368,-0.338669897,-0.188030473,-0.203691609,-0.292426687,-0.159130302,0.067466993,-0.761164099,-2.723145281,-2.084184297,-1.591723249,-1.4816231
0.12326,-0.15769,-0.30995,-0.36981,-0.5646,-0.54039,-0.17661,-0.23019,-0.42146,-0.72511,-0.99311,-1.0009,-1.3958,-1.1392,-1.3367,-1.6884,-1.0318,-0.99728,-0.93021,-0.62857,-0.92597,-0.96045,-0.62611,-0.55361,-0.37068,-0.044044,-0.12326,0.014953,0.23786,0.26675,0.24832,0.38835,0.42129,0.25524,0.38102,0.1502,0.17374,0.11406,0.033036,0.074567,0.20925,0.33121,0.20636,0.12279,0.37759,0.32713,0.26753,0.14049,0.39264,0.1614,0.35836,0.44099,0.37479,0.32005,0.18181,-0.081268,0.11368,0.12641,0.26758,0.23752,0.37055,-0.11772,0.55835,0.62253,0.40186,0.61067,0.7575,0.84789,0.85679,1.1273,0.84498,1.1234,0.95085,1.0859,1.3767,1.4179,1.5467,1.5633,1.4085,1.3065,1.1035,1.201,1.3277,1.3006,1.210980946,1.152741929,1.088916863,0.84198505,1.025080404,0.784117884,0.580370028,0.6369604,0.419201089,0.384398342,0.251536993,0.140125593,-0.243296984,0.180144368,-0.338527253,-0.188003791,-0.198156674,-0.292426687,-0.159130302,0.067466993,-0.776862774,-2.723145281,-2.050836833,-1.591723249,-1.4816231
0.12331,-0.15733,-0.29412,-0.40531,-0.5646,-0.55385,-0.17663,-0.23019,-0.42074,-0.72528,-0.99311,-1.0008,-1.3959,-1.1392,-1.3385,-1.6874,-1.0408,-0.97203,-0.93021,-0.62148,-0.92696,-0.95998,-0.62611,-0.56135,-0.37052,-0.038441,-0.11684,0.014953,0.23775,0.30366,0.24832,0.40239,0.42154,0.25524,0.37208,0.15347,0.17374,0.11382,0.025953,0.074567,0.20807,0.30237,0.2199,0.12268,0.37791,0.32713,0.26757,0.14066,0.39264,0.16159,0.35836,0.46438,0.36964,0.32005,0.18259,-0.081268,0.11368,0.12673,0.26784,0.23752,0.37027,-0.11738,0.56218,0.6239,0.40186,0.61074,0.75789,0.84789,0.85679,1.1257,0.84702,1.127,0.95106,1.0859,1.3767,1.4205,1.5467,1.5394,1.4233,1.2951,1.1035,1.2015,1.3277,1.3008,1.211332563,1.152741929,1.090753803,0.836696565,1.031900777,0.795771105,0.580370028,0.642082896,0.419192322,0.3843844,0.251536993,0.140289833,-0.244311958,0.180501365,-0.342116718,-0.188003791,-0.198137918,-0.271483855,-0.159130302,0.065288003,-0.776862774,-2.723145281,-2.053826523,-1.576358575,-1.4816231
0.12589,-0.15733,-0.29412,-0.40537,-0.5646,-0.55312,-0.18043,-0.23582,-0.42078,-0.73166,-0.99311,-1.0026,-1.3984,-1.1493,-1.3385,-1.6874,-1.0408,-0.89727,-0.93021,-0.62148,-0.92638,-0.95998,-0.59385,-0.56135,-0.37052,-0.038728,-0.11684,0.014953,0.23267,0.30427,0.26164,0.40046,0.41177,0.25524,0.37208,0.15426,0.17374,0.10267,0.025953,0.071151,0.20801,0.30237,0.21987,0.12226,0.37791,0.33991,0.27358,0.14066,0.41469,0.16892,0.35836,0.46434,0.3695,0.32005,0.18082,-0.081268,0.11368,0.1272,0.26641,0.23767,0.37312,-0.11738,0.56218,0.6239,0.40186,0.61197,0.7581,0.84789,0.86052,1.1297,0.84702,1.1254,0.95343,1.0859,1.3718,1.4208,1.5472,1.5404,1.4233,1.2951,1.0989,1.1982,1.3277,1.3019,1.207820128,1.140158243,1.090753803,0.836696565,1.031650644,0.795771105,0.579404664,0.642082896,0.426482777,0.3843844,0.2536723,0.142387172,-0.244311958,0.180470626,-0.342116718,-0.188003791,-0.198992276,-0.273580261,-0.15003937,0.065288003,-0.808395478,-2.726463266,-2.030553677,-1.576358575,-1.447706777
0.126,-0.15733,-0.3001,-0.40657,-0.56258,-0.56997,-0.18043,-0.23582,-0.42549,-0.73166,-0.9931,-1.0048,-1.3984,-1.1494,-1.3405,-1.6874,-1.0456,-0.89819,-0.92963,-0.62207,-0.92771,-0.95998,-0.59438,-0.56063,-0.37052,-0.041403,-0.11684,0.017117,0.23267,0.30427,0.26171,0.40063,0.41249,0.25533,0.37281,0.15426,0.17385,0.10057,0.025953,0.071166,0.20674,0.30237,0.23003,0.12226,0.37791,0.34003,0.27358,0.14066,0.41474,0.16956,0.35302,0.46441,0.3695,0.35383,0.18082,-0.081268,0.11368,0.1272,0.26641,0.24478,0.37312,-0.11738,0.55951,0.62291,0.39913,0.64408,0.7581,0.84795,0.86123,1.1297,0.84702,1.1367,0.9534,1.0861,1.3718,1.4208,1.5491,1.551,1.4233,1.295,1.0985,1.1982,1.3273,1.3026,1.207820128,1.140872997,1.090048812,0.836696565,1.036116792,0.782722563,0.579404985,0.642115196,0.428445145,0.3843844,0.253729313,0.142611406,-0.244311958,0.180928918,-0.342116718,-0.182389938,-0.196181772,-0.273580261,-0.15003937,0.062492815,-0.808395478,-2.726463266,-2.027772373,-1.576358575,-1.447706777
0.12871,-0.1585,-0.30193,-0.40657,-0.56555,-0.57175,-0.18043,-0.23604,-0.42454,-0.73166,-0.99289,-1.007,-1.3984,-1.1503,-1.3405,-1.6875,-1.047,-0.89819,-0.9304,-0.61951,-0.92799,-0.95107,-0.6001,-0.56063,-0.36689,-0.041291,-0.11684,0.017117,0.23327,0.30427,0.25863,0.40063,0.41249,0.25613,0.36813,0.15426,0.17065,0.098212,0.02845,0.072897,0.20674,0.30332,0.22993,0.12226,0.37791,0.34713,0.27337,0.14053,0.41434,0.16956,0.35336,0.46112,0.3695,0.35426,0.18105,-0.081492,0.094907,0.1272,0.26641,0.24476,0.37376,-0.12169,0.55945,0.62291,0.39907,0.64408,0.7581,0.84707,0.85682,1.1297,0.84448,1.1368,0.9534,1.0803,1.3714,1.4208,1.5494,1.5525,1.4303,1.3018,1.096,1.1982,1.3257,1.3028,1.207820128,1.138847595,1.090048812,0.836696565,1.035736025,0.782722563,0.582755602,0.636674779,0.426771675,0.385398612,0.256460172,0.142611406,-0.243177906,0.181450059,-0.342116718,-0.182389938,-0.19589209,-0.273580261,-0.147527534,0.062492815,-0.808395478,-2.712869352,-1.999327427,-1.60257117,-1.453923911
0.12871,-0.1636,-0.30543,-0.40657,-0.5648,-0.35348,-0.17921,-0.24797,-0.42629,-0.73352,-0.99242,-1.007,-1.3984,-1.1542,-1.3405,-1.6808,-1.0458,-0.89819,-0.93052,-0.61951,-0.92799,-0.95111,-0.60025,-0.56063,-0.36743,-0.040049,-0.11684,0.021834,0.23327,0.29884,0.25853,0.40063,0.41249,0.25784,0.36934,0.15538,0.17046,0.098212,0.030452,0.072056,0.20674,0.29371,0.22989,0.1096,0.37791,0.34661,0.27337,0.14066,0.41446,0.16956,0.35342,0.46095,0.36959,0.37699,0.18105,-0.081994,0.095406,0.1272,0.26626,0.24519,0.37376,-0.12174,0.55893,0.62291,0.39932,0.91717,0.75859,0.85189,0.84959,1.1297,0.84474,1.1359,0.9534,1.0803,1.3714,1.4168,1.5495,1.5525,1.4302,1.3019,1.0957,1.1983,1.3257,1.3028,1.20859719,1.139738431,1.090048812,0.832608567,1.035459467,0.782722563,0.582755602,0.636674779,0.426771675,0.38450902,0.256945171,0.142611406,-0.244741562,0.181478356,-0.34217401,-0.178412662,-0.19589209,-0.25490838,-0.146314241,0.062492815,-0.809875243,-2.687413833,-1.999327427,-1.633461809,-1.502439067
0.12871,-0.16755,-0.30543,-0.40432,-0.55791,-0.35348,-0.17832,-0.24696,-0.42629,-0.73619,-0.99242,-1.007,-1.3983,-1.1551,-1.3411,-1.6796,-1.0458,-0.89819,-0.93089,-0.61951,-0.92799,-0.95158,-0.60104,-0.55514,-0.38001,-0.040049,-0.123,0.021811,0.23327,0.30051,0.25801,0.39867,0.41203,0.25802,0.36934,0.15776,0.16799,0.098212,0.03053,0.070708,0.20731,0.28139,0.22989,0.11183,0.37481,0.34633,0.27337,0.13344,0.41483,0.16931,0.34827,0.46095,0.36211,0.42159,0.18105,-0.085545,0.094994,0.1272,0.26585,0.24594,0.37376,-0.1219,0.55893,0.61423,0.40377,0.91717,0.75925,0.85223,0.84938,1.1299,0.84504,1.1359,0.95362,1.0797,1.3714,1.4178,1.5493,1.5525,1.4307,1.3019,1.0957,1.198,1.3246,1.3028,1.20866133,1.139809917,1.10060029,0.838279682,1.035459467,0.786718879,0.581732627,0.636674779,0.426771675,0.384496369,0.260192867,0.136626787,-0.243480669,0.181478356,-0.343952472,-0.178353893,-0.19589209,-0.256169153,-0.142176676,0.05801798,-0.81457133,-2.684888422,-1.999327427,-1.633461809,-1.575961352
0.14339,-0.15088,-0.30543,-0.40502,-0.55598,-0.35348,-0.18815,-0.24696,-0.42629,-0.73487,-0.98223,-1.0078,-1.3899,-1.1551,-1.3434,-1.6796,-1.0458,-1.0113,-0.92938,-0.61971,-0.9275,-0.95158,-0.60104,-0.55514,-0.37989,-0.040049,-0.12355,0.02136,0.2406,0.29479,0.25801,0.39857,0.41526,0.25893,0.36934,0.15776,0.16705,0.10162,0.032104,0.070708,0.20541,0.025078,0.22989,0.11183,0.37494,0.34633,0.27528,0.13351,0.41483,0.16858,0.34828,0.46095,0.36218,0.42125,0.1889,-0.086743,0.10051,0.12701,0.25771,0.24594,0.3757,-0.12067,0.55893,0.61419,0.40293,0.91717,0.75534,0.85223,0.84938,1.1321,0.84495,1.1359,0.95411,1.0797,1.3658,1.4178,1.5493,1.6507,1.4206,1.3019,1.0957,1.1979,1.3238,1.3051,1.206754454,1.139809917,1.100660608,0.838536674,1.035459467,0.685637553,0.580860189,0.639792388,0.42936147,0.384496369,0.260192867,0.138518023,-0.2410604,0.181478356,-0.345813387,-0.179020431,-0.198702989,-0.249085174,-0.142176676,0.054375092,-0.846298562,-2.684888422,-1.992873857,-1.636839911,-1.575961352
0.14304,-0.15128,-0.29504,-0.3953,-0.55598,-0.35594,-0.18815,-0.24696,-0.42629,-0.72264,-0.98223,-1.0078,-1.3888,-1.1551,-1.347,-1.6661,-1.0559,-1.0119,-0.92938,-0.61971,-0.93006,-0.95151,-0.60104,-0.55531,-0.3801,-0.038268,-0.12358,0.02136,0.24007,0.28744,0.25801,0.399,0.41503,0.25893,0.36934,0.16034,0.16705,0.10219,0.030311,0.070708,0.20506,0.025873,0.23321,0.11273,0.36847,0.34633,0.27528,0.13296,0.41483,0.16858,0.34828,0.46032,0.36218,0.42125,0.18914,-0.087423,0.10051,0.12532,0.25774,0.24594,0.37568,-0.12102,0.55295,0.61079,0.40293,0.91023,0.7554,0.85223,0.84938,1.1325,0.84524,1.1261,0.95977,1.0797,1.3646,1.4177,1.5493,1.6506,1.4198,1.3019,1.0959,1.1967,1.3238,1.3079,1.206754454,1.139809917,1.099355542,0.838565691,1.032860852,0.689044269,0.580860189,0.639792388,0.42769064,0.383107439,0.260192867,0.13615545,-0.24102762,0.185687986,-0.346618776,-0.179020431,-0.199661275,-0.249484826,-0.142176676,0.054375092,-0.847869217,-2.684888422,-1.943097214,-1.703678085,-1.575961352
0.14377,-0.15128,-0.29504,-0.39354,-0.55598,-0.35036,-0.18954,-0.24696,-0.4213,-0.72264,-0.98223,-1.0078,-1.3895,-1.1346,-1.347,-1.6661,-1.0559,-0.99307,-0.92938,-0.6184,-0.93159,-0.95151,-0.60718,-0.55531,-0.3801,-0.041345,-0.12358,0.02136,0.24007,0.284,0.25587,0.399,0.41534,0.25893,0.36786,0.16034,0.16708,0.10161,0.030311,0.071381,0.20505,0.025873,0.23431,0.11273,0.3709,0.34633,0.27787,0.13296,0.41289,0.16803,0.34828,0.45965,0.36186,0.42125,0.18941,-0.087423,0.10051,0.12532,0.25673,0.24409,0.3756,-0.12102,0.55295,0.60999,0.40293,0.90982,0.75406,0.85501,0.83907,1.1325,0.84524,1.1256,0.96178,1.0797,1.3646,1.423,1.5385,1.6502,1.4198,1.3019,1.0971,1.1967,1.3238,1.3079,1.20587205,1.147824771,1.099355542,0.838565691,1.032860852,0.688601688,0.580860189,0.639094618,0.425567483,0.383107439,0.261204485,0.13615545,-0.24102762,0.186705645,-0.346618776,-0.179020431,-0.199661275,-0.251526577,-0.141578656,0.054095651,-0.849268146,-2.660521517,-1.91574975,-1.703678085,-1.574988854
0.14377,-0.15128,-0.29803,-0.39354,-0.55598,-0.35036,-0.18954,-0.24696,-0.4213,-0.72264,-0.98257,-1.0092,-1.3895,-1.1346,-1.3492,-1.6661,-1.0537,-0.99307,-0.9289,-0.6184,-0.93159,-0.95151,-0.60718,-0.55493,-0.3801,-0.041345,-0.12358,0.021217,0.23893,0.284,0.25587,0.399,0.41534,0.25714,0.36786,0.16034,0.16708,0.10161,0.030311,0.071381,0.20468,0.025873,0.23431,0.11273,0.3709,0.34784,0.27787,0.13296,0.41289,0.16739,0.34828,0.45965,0.36186,0.42125,0.18941,-0.087423,0.1011,0.12295,0.25673,0.24409,0.37569,-0.12102,0.55662,0.60999,0.40293,0.90982,0.75406,0.85506,0.83666,1.1311,0.84524,1.1289,0.96178,1.0714,1.3691,1.423,1.5385,1.6575,1.4198,1.2966,1.0956,1.1967,1.3224,1.3108,1.20587205,1.147824771,1.102020661,0.838565691,1.032736843,0.700872815,0.578703797,0.639094618,0.425567483,0.383107439,0.262051122,0.136235926,-0.24102762,0.186705645,-0.346618776,-0.179426997,-0.199301136,-0.251526577,-0.141578656,0.054095651,-0.849268146,-2.636854572,-1.897239941,-1.703678085,-1.574988854
0.14574,-0.1505,-0.29803,-0.39354,-0.55598,-0.35226,-0.18954,-0.24752,-0.42202,-0.72264,-0.98257,-1.0092,-1.3895,-1.1364,-1.3492,-1.6661,-1.0537,-0.99307,-0.9289,-0.6184,-0.93048,-0.93873,-0.60566,-0.55493,-0.3801,-0.04269,-0.12358,0.029334,0.23893,0.284,0.25585,0.399,0.41534,0.25714,0.36745,0.16034,0.16708,0.10125,0.030311,0.071089,0.20468,0.026734,0.23393,0.11273,0.3709,0.34568,0.2759,0.13296,0.41067,0.16739,0.34828,0.45916,0.36186,0.42338,0.18617,-0.080615,0.1011,0.12292,0.25673,0.2424,0.37403,-0.12102,0.55662,0.60999,0.40305,0.9131,0.75406,0.85491,0.83666,1.1311,0.84323,1.1289,0.96178,1.0714,1.3691,1.423,1.5374,1.658,1.4198,1.2966,1.0926,1.1967,1.3224,1.3108,1.20587205,1.145934842,1.102020661,0.839474448,1.032736843,0.700872815,0.578703797,0.638029629,0.42591799,0.382832131,0.262051122,0.136235926,-0.24102762,0.186995567,-0.346618776,-0.176425595,-0.200161214,-0.251526577,-0.141067805,0.054095651,-0.849268146,-2.633251657,-1.890794159,-1.703678085,-1.583845503
0.14574,-0.1505,-0.29872,-0.39354,-0.55619,-0.35275,-0.18954,-0.24757,-0.42202,-0.72203,-0.98191,-1.0092,-1.3895,-1.1364,-1.3492,-1.6661,-1.0995,-0.99307,-0.92701,-0.6184,-0.93048,-0.93598,-0.60566,-0.55493,-0.37872,-0.04269,-0.12192,0.030438,0.23893,0.28212,0.25585,0.399,0.41534,0.25744,0.36766,0.16064,0.16766,0.10125,0.030868,0.071089,0.20468,0.02524,0.23446,0.11273,0.3707,0.34568,0.2759,0.13081,0.41067,0.16739,0.34846,0.45656,0.36395,0.42249,0.18617,-0.080615,0.10028,0.12292,0.25673,0.2424,0.37403,-0.12128,0.5579,0.60999,0.4017,0.9131,0.75406,0.8543,0.83666,1.1311,0.84323,1.1287,0.96178,1.0702,1.3691,1.423,1.5897,1.658,1.4198,1.2966,1.0894,1.1961,1.3229,1.3108,1.20587205,1.145934842,1.102020661,0.839474448,0.918506305,0.700872815,0.578893761,0.638029629,0.42591799,0.3832348,0.262399277,0.136235926,-0.24102762,0.186721089,-0.346971362,-0.176265339,-0.200161214,-0.251405382,-0.141067805,0.054095651,-0.849268146,-2.630123661,-1.890794159,-1.711528342,-1.583845503
0.14574,-0.15223,-0.29872,-0.39342,-0.4738,-0.35275,-0.18948,-0.24813,-0.42202,-0.72222,-0.98191,-1.0092,-1.3909,-1.1364,-1.3492,-1.6638,-1.0995,-0.99496,-0.92697,-0.6184,-0.93048,-0.9358,-0.60566,-0.55493,-0.37906,-0.04269,-0.12192,0.031382,0.23893,0.28433,0.25541,0.399,0.41535,0.25783,0.36766,0.16064,0.16832,0.10125,0.030868,0.071106,0.20468,0.025004,0.23446,0.11316,0.3728,0.34568,0.2759,0.13081,0.41297,0.1686,0.34846,0.45656,0.36536,0.42265,0.18617,-0.077416,0.10028,0.12292,0.25969,0.23703,0.37403,-0.12135,0.5579,0.60965,0.52382,0.9131,0.74816,0.85185,0.83666,1.1311,0.84388,1.1287,0.96046,1.0706,1.3691,1.4212,1.5876,1.658,1.4214,1.2966,1.0894,1.1979,1.3229,1.3108,1.206099002,1.146214617,1.102020661,0.841289106,0.918506305,0.697129133,0.578915427,0.638029629,0.42591799,0.382506951,0.262675635,0.136235926,-0.241226423,0.186721089,-0.346971362,-0.176197453,-0.200161214,-0.251405382,-0.141461678,0.054095651,-0.849268146,-2.623234299,-1.890794159,-1.711528342,-1.588950778
0.14574,-0.15223,-0.29872,-0.39457,-0.50876,-0.35275,-0.19021,-0.24813,-0.42202,-0.72055,-0.98168,-1.0094,-1.3909,-1.1364,-1.3508,-1.6637,-1.0995,-0.99339,-0.93174,-0.61357,-0.92681,-0.93502,-0.60566,-0.56139,-0.37906,-0.04269,-0.12136,0.031332,0.2514,0.28109,0.25541,0.39908,0.41574,0.25812,0.36766,0.15986,0.16832,0.10135,0.030957,0.071106,0.28373,0.025159,0.23446,0.1169,0.37417,0.34568,0.27554,0.12964,0.41297,0.16836,0.3477,0.45656,0.36046,0.4239,0.18591,-0.079504,0.099066,0.12292,0.26347,0.23703,0.37403,-0.11979,0.5579,0.60824,0.54172,0.9131,0.75011,0.85185,0.83666,1.129,0.84196,1.1287,0.96037,1.0679,1.3697,1.4205,1.5876,1.6588,1.424,1.2966,1.0894,1.1977,1.3236,1.312,1.205978434,1.146214617,1.10232211,0.841339497,0.918506305,0.69638218,0.579503647,0.638199588,0.42591799,0.382810943,0.262675635,0.135855586,-0.241226423,0.186721089,-0.346812044,-0.177172176,-0.305915013,-0.25109604,-0.141461678,0.054095651,-0.849268146,-2.623234299,-1.888590543,-1.737146564,-1.588950778
0.14719,-0.15157,-0.29872,-0.39461,-0.50876,-0.35275,-0.1911,-0.24813,-0.42266,-0.72055,-0.98168,-1.0094,-1.3909,-1.1364,-1.3512,-1.6635,-1.101,-0.9949,-0.93174,-0.61452,-0.92621,-0.93401,-0.60566,-0.56167,-0.37674,-0.042684,-0.12082,0.031332,0.25138,0.28367,0.25541,0.39985,0.41645,0.25812,0.36766,0.15951,0.16832,0.10135,0.031393,0.071106,0.28373,0.02515,0.2315,0.1147,0.37505,0.34568,0.27535,0.12854,0.41297,0.16836,0.3477,0.45656,0.33502,0.4239,0.18623,-0.079504,0.099066,0.12052,0.26434,0.23703,0.37466,-0.11976,0.55741,0.60824,0.54172,0.915,0.75087,0.85185,0.83666,1.1277,0.84389,1.1287,0.96033,1.0679,1.3678,1.4228,1.5876,1.6582,1.424,1.299,1.0894,1.2003,1.3236,1.3115,1.206929917,1.146214617,1.097981163,0.84207881,0.918925338,0.695792054,0.579503647,0.640327717,0.426338756,0.383450791,0.262675635,0.134775477,-0.24130225,0.186721089,-0.346463277,-0.177172176,-0.305992555,-0.250942152,-0.141461678,0.051365516,-0.849761729,-2.623234299,-1.888590543,-1.752739143,-1.588950778
0.14911,-0.15157,-0.29879,-0.39456,-0.50876,-0.35281,-0.19104,-0.24744,-0.42266,-0.72045,-0.98168,-1.0096,-1.3916,-1.1363,-1.3512,-1.6635,-1.101,-0.99419,-0.93174,-0.60986,-0.92736,-0.93401,-0.6074,-0.56166,-0.37674,-0.045231,-0.12082,0.031332,0.25099,0.28357,0.25541,0.39985,0.41646,0.25812,0.36775,0.15952,0.16832,0.10155,0.031393,0.070888,0.28632,0.02515,0.23223,0.1147,0.37473,0.34512,0.27635,0.12854,0.41027,0.1712,0.3477,0.45627,0.33625,0.4239,0.18622,-0.079504,0.099066,0.12052,0.26375,0.23703,0.37465,-0.11976,0.55728,0.60933,0.54172,0.91453,0.75311,0.85252,0.83666,1.1276,0.84389,1.1287,0.95745,1.0679,1.3682,1.4225,1.5878,1.6572,1.424,1.3012,1.0902,1.2008,1.3236,1.312,1.206929917,1.14530435,1.097981163,0.84207881,0.915254308,0.694480911,0.579503647,0.64011194,0.428287234,0.383450791,0.262675635,0.134831614,-0.24130225,0.186721089,-0.346601532,-0.177172176,-0.289615874,-0.248954217,-0.141461678,-0.297623125,-0.848251093,-2.623234299,-1.881444203,-1.752739143,-1.588950778
0.1492,-0.15157,-0.29963,-0.3938,-0.50894,-0.3531,-0.19104,-0.24757,-0.42353,-0.72045,-0.9816,-1.0096,-1.3916,-1.136,-1.3514,-1.6635,-1.0765,-0.99461,-0.93174,-0.91181,-0.92727,-0.93401,-0.6081,-0.56191,-0.37674,-0.045362,-0.12082,0.02984,0.25116,0.28357,0.25442,0.38292,0.41686,0.25781,0.36794,0.15952,0.16845,0.10173,0.031474,0.071071,0.26594,0.02515,0.23009,0.1147,0.37473,0.34818,0.27637,0.12854,0.41027,0.1713,0.3456,0.45799,0.33625,0.42353,0.18604,-0.079504,0.099066,0.11991,0.26375,0.23625,0.3753,-0.11976,0.55763,0.60933,0.5433,0.91399,0.75311,0.85252,0.83666,1.1273,0.84389,1.1277,0.95758,1.0691,1.3682,1.4225,1.5776,1.6575,1.424,1.3012,1.0918,1.2008,1.3233,1.3136,1.206929917,1.14599268,1.098391708,0.84207881,0.916345312,0.694508957,0.579503647,0.639666949,0.476410069,0.383450791,0.26289508,0.134954517,-0.24130225,0.187394141,-0.346601532,-0.177172176,-0.282626458,-0.248954217,-0.141321547,-0.297623125,-0.848251093,-2.619086897,-1.875674589,-1.752739143,-1.588950778
0.1492,-0.15172,-0.30056,-0.3938,-0.47529,-0.3531,-0.19104,-0.24757,-0.42149,-0.72045,-0.95453,-1.0134,-1.3916,-1.1362,-1.3514,-1.6631,-1.0817,-0.99461,-0.93177,-0.90409,-0.92702,-0.93402,-0.60759,-0.56191,-0.37674,-0.045394,-0.12082,0.029706,0.24365,0.28357,0.25454,0.38292,0.41686,0.2578,0.36794,0.15952,0.16845,0.10173,0.03134,0.070324,0.26594,0.025974,0.21876,0.1147,0.37473,0.34759,0.27637,0.12854,0.4092,0.1713,0.3455,0.45799,0.33625,0.42404,0.19289,-0.078449,0.098903,0.11991,0.26375,0.23865,0.3753,-0.11827,0.55763,0.60933,0.54365,0.91383,0.75311,0.85252,0.83655,1.1273,0.84491,1.1231,0.95758,1.0711,1.3682,1.4225,1.5776,1.6575,1.4236,1.1711,1.0923,1.2008,1.3242,1.3136,1.206929917,1.14882851,1.098391708,0.842598437,0.916345312,0.694508957,0.580935513,0.492789335,0.475742669,0.383450791,0.262090371,0.134954517,-0.24130225,0.187236041,-0.346601532,-0.17807745,-0.276408061,-0.248954217,-0.141933239,-0.297623125,-0.848251093,-2.634378191,-1.876303303,-1.755848847,-1.588950778
0.1492,-0.15179,-0.28332,-0.3938,-0.47749,-0.35323,-0.19104,-0.52764,-0.36281,-0.71986,-0.95442,-1.0134,-1.3918,-1.2445,-1.3514,-1.6632,-1.0927,-0.99461,-0.98282,-0.90409,-0.92702,-0.93402,-0.61094,-0.56191,-0.37602,-0.040713,-0.12096,0.029706,0.24365,0.28339,0.11896,0.38292,0.41686,0.23787,0.37053,0.15968,0.16801,0.10173,0.03134,-0.0055242,0.26594,0.026241,0.2314,0.097885,0.37314,0.35804,0.27637,0.12854,0.4092,0.1713,0.3455,0.44402,0.34138,0.42404,0.19289,0.064465,0.098903,0.11991,0.26264,0.27332,0.3753,-0.11827,0.55728,0.60933,0.53905,0.91383,0.74758,0.82121,0.84277,1.1273,0.84491,1.1231,0.95758,1.0711,1.3682,1.4226,1.5757,1.6575,1.4179,1.1711,1.0932,1.2008,1.3242,1.3136,1.207395021,1.14650804,1.098391708,0.842725726,0.916620248,0.694508957,0.581554406,0.492789335,0.475742669,0.383231087,0.260475985,0.134954517,-0.241677309,0.188588553,-0.346601532,-0.177919908,-0.276408061,-0.248237699,-0.14382897,-0.297623125,-0.84833438,-0.992481417,-1.876303303,-1.755848847,-1.586369305
0.1492,-0.15179,-0.28332,-0.39379,-0.47752,-0.35323,-0.22407,-0.3929,-0.36281,-0.72212,-0.93268,-1.0134,-1.3918,-1.2445,-1.3514,-1.6632,-1.0927,-0.99461,-1.098,-0.90409,-0.92702,-0.93402,-0.61094,-0.56191,-0.37602,-0.040713,-0.12096,-0.020737,0.24365,0.28339,0.11896,0.35836,0.41686,0.19484,0.37053,0.15948,0.10442,0.10173,0.03134,-0.0052381,0.2568,0.026241,0.2314,0.19651,0.37314,0.3651,0.27637,0.1557,0.39653,0.1713,0.38117,0.44402,0.3412,0.45256,0.19289,0.064465,0.10592,0.11991,0.26264,0.1485,0.3753,-0.11827,0.55728,0.60933,0.54103,0.91383,0.86958,0.97457,0.89961,1.1273,0.84491,1.1231,0.95758,1.0719,1.3682,1.4226,1.5756,1.6575,1.3187,1.1711,1.0932,1.2008,1.3631,1.3136,1.207395021,1.036893638,1.098391708,0.842725726,0.916620248,0.694508957,0.575814581,0.492789335,0.475742669,0.383231087,0.313069077,0.134954517,-0.241677309,0.188588553,-0.346439937,-0.176636419,-0.276408061,-0.248237699,-0.090700731,-0.281979499,-0.848065436,-0.992481417,-1.876303303,-1.755848847,-2.137096139
0.1492,-0.32277,-0.28332,-0.39627,-0.47357,-0.35323,-0.32288,-0.3929,-0.36281,-0.71718,-0.95217,-1.0101,-1.3918,-1.2445,-1.3952,-1.5833,-1.0927,-0.99461,-1.0637,-0.90413,-0.91639,-0.82286,-0.61094,-0.58032,-0.33722,-0.040713,-0.15294,-0.00077734,0.2435,0.28339,0.11896,0.35435,0.41896,0.18345,0.37053,0.17286,0.10442,0.10709,0.092489,-0.0052381,0.2579,0.014108,0.2314,0.21137,0.38856,0.3651,0.27852,0.16874,0.39653,0.17328,0.37492,0.44402,0.3422,0.3156,0.096612,0.058457,0.090853,0.084721,0.26481,0.1485,0.3753,-0.06377,0.55728,0.60555,0.54089,0.91383,0.88038,0.97457,0.89961,1.1431,0.89808,1.1231,0.95758,1.2144,1.3684,1.4249,1.5756,1.6575,1.3122,1.1711,1.0932,1.1647,1.3764,1.3138,1.207395021,1.036893638,1.100968284,0.890715833,0.916620248,0.697990847,0.571826558,0.515010377,0.475742669,0.349925159,0.313069077,0.136231141,-0.129891931,0.188588553,-0.337137956,-0.15572479,-0.276408061,-0.2502676,-0.090700731,-1.162626778,-0.842104107,-0.992481417,-1.880525767,-1.871341485,-2.137096139
0.25103,-0.3056,-0.3567,-0.42413,-0.47357,-0.4749,-0.26629,-0.3929,-0.57246,-0.89273,-0.95217,-1.1365,-1.2096,-1.2445,-1.5006,-1.5144,-1.0927,-1.0213,-1.0637,-0.90488,-0.94308,-0.82714,-0.61094,-0.46608,-0.33547,-0.11776,-0.22233,-0.00077734,0.2433,0.40873,0.11896,0.35022,0.45058,0.18345,0.35411,0.25909,0.10442,0.11195,0.09305,-0.0052381,0.25885,0.030155,0.22828,0.21133,0.25226,0.3651,0.31623,0.11308,0.39653,0.16581,0.37492,0.46059,0.34134,0.3156,0.087839,0.058659,0.090853,0.099369,0.29663,0.1485,0.35989,0.034023,0.60317,0.61516,0.54089,0.91523,0.87916,0.97457,0.89961,1.1415,0.8477,1.0621,1.0924,1.2144,1.347,1.6622,1.5756,1.657,1.3139,1.1711,1.2152,1.1567,1.3764,1.3369,1.210173527,1.036893638,0.977252515,0.874852634,0.916620248,0.738211837,0.571826558,0.535519899,0.476524523,0.349925159,0.313069077,0.030116529,-0.129891931,-0.020710146,-0.289845671,-0.15572479,-0.276408061,-0.250225303,-0.090700731,-1.18085008,-1.9079126,-0.992481417,-1.036648144,-1.852533794,-2.137096139
0.13778,-0.3056,-0.35956,-0.38257,-0.47357,-0.2552,-0.26663,-0.36805,-0.57361,-0.89603,-0.95217,-1.1624,-1.2096,-1.2641,-1.5004,-1.5144,-1.0927,-0.93987,-1.0637,-0.90436,-0.95831,-0.82714,-0.61656,-0.47592,-0.33547,-0.12011,-0.22116,-0.00077734,0.2433,0.40875,0.15768,0.34555,0.43195,0.18345,0.34381,0.2031,0.10442,0.07572,0.09305,0.069325,0.25885,0.030155,0.21609,0.21694,0.262,0.3651,0.30474,0.11308,0.39653,0.16816,0.37492,0.47592,0.34134,0.3156,0.088267,0.058659,0.090853,0.10435,0.30337,0.14835,0.35864,0.034023,0.58614,0.61838,0.54089,0.85549,0.87873,0.97812,0.90136,1.1414,0.8477,1.0885,1.0975,1.2144,1.3588,1.6591,1.5756,1.5642,1.3139,1.1723,1.2048,1.1628,1.3764,1.330618788,1.210173527,1.041918384,0.977627316,0.874852634,0.916620248,0.651980725,0.571826558,0.535001939,0.476816761,0.349925159,0.305897787,0.0207956,-0.129891931,0.01334756,-0.293537257,-0.15572479,-0.276408061,-0.159043588,-0.095916589,-1.151322961,-1.918008476,-0.97174598,-1.054354941,-1.852533794,-2.137096139
0.13889,-0.3056,-0.34047,-0.37907,-0.47279,-0.23363,-0.26663,-0.37651,-0.57361,-0.89603,-0.95217,-1.1623,-1.2096,-1.2757,-1.4935,-1.5144,-1.0927,-0.93511,-1.0637,-0.90436,-0.95757,-0.82714,-0.62582,-0.47531,-0.33547,-0.094898,-0.22116,0.00034235,0.24422,0.40875,0.16452,0.34634,0.43169,0.18375,0.32307,0.2031,0.060118,0.075828,0.09305,0.12213,0.25885,0.030155,0.21068,0.21694,0.262,0.3655,0.30481,0.11308,0.39808,0.1495,0.37115,0.47483,0.34134,0.31092,0.089753,0.058659,0.086279,0.10364,0.30337,0.14866,0.33375,0.034023,0.58721,0.6197,0.53937,0.82199,0.87873,0.97859,0.89296,1.1385,0.8477,1.0786,1.091,1.1987,1.3649,1.6591,1.5756,1.5749,1.3139,1.1723,1.2064,1.1628,1.3728,1.331441496,1.210173527,1.041918384,0.976911248,0.874852634,0.916620248,0.639432767,0.571826558,0.535001939,0.476771962,0.349925159,0.303386445,0.026944928,-0.129891931,0.012519129,-0.293537257,-0.157476139,-0.279009595,-0.159043588,-0.093756461,-1.168287987,-1.918008476,-0.978403731,-1.076228543,-1.852533794,-2.136112322
