-0.13375,-0.59758,-0.26236,-0.10618,-0.48757,-0.31826,-0.2664,-0.44463,0.057642,0.24814,0.1697,0.27524,-0.12837,-0.14757,0.13036,0.41767,0.28554,0.22362,0.26595,0.13232,0.3038,0.35692,0.53919,0.70444,0.64368,0.76531,0.97542,0.17436,0.25465,0.053106256,-0.184790541,-0.269868983,-0.025675152,-0.365954242
-0.13375,-0.59758,-0.29087,-0.1229,-0.50763,-0.31591,-0.23242,-0.44942,0.057474,0.24837,0.22474,0.27273,-0.12957,-0.14659,0.076311,0.41909,0.28934,0.22266,0.26595,0.13232,0.3038,0.35692,0.54756,0.70444,0.64368,0.76531,0.93253,0.17436,0.26791,0.040503951,-0.154360138,-0.270056489,-0.030237306,-0.362903417
-0.13375,-0.52985,-0.28343,-0.12285,-0.50813,-0.31675,-0.31993,-0.45017,0.048497,0.26374,0.2259,0.2425,-0.1221,-0.16571,0.076311,0.41909,0.29102,0.22266,0.26595,0.13232,0.3038,0.37261,0.55025,0.72327,0.65371,0.76531,0.93664,0.1539,0.26919,0.0480577,-0.154360138,-0.227231167,-0.027651773,-0.378953149
-0.13693,-0.52985,-0.29791,-0.10703,-0.51398,-0.31675,-0.31942,-0.45834,0.048497,0.26374,0.2259,0.23566,-0.13282,-0.16571,0.076311,0.41909,0.29102,0.22266,0.31407,0.13232,0.30456,0.37261,0.57052,0.73008,0.64755,0.7418,0.94155,0.15217,0.2757,0.0480577,-0.164469898,-0.247739303,-0.02112569,-0.378953149
-0.17119,-0.55361,-0.2956,-0.11746,-0.48863,-0.29552,-0.31942,-0.43816,0.02286,0.26374,0.2259,0.23566,-0.13282,-0.16571,0.078324,0.41909,0.29102,0.21727,0.31465,0.075731,0.32145,0.36268,0.57052,0.71027,0.67287,0.7418,0.93983,0.11892,0.28453,0.067681667,-0.164469898,-0.230681465,-0.021546898,-0.378953149
-0.17145,-0.53346,-0.24775,-0.097866,-0.4654,-0.29552,-0.31942,-0.43816,0.02286,0.26374,0.21974,0.23566,-0.13282,-0.19936,0.07682,0.41909,0.29481,0.20364,0.33366,0.080484,0.315,0.39018,0.62396,0.7068,0.66982,0.76311,0.93983,0.094693,0.30031,0.067681667,-0.164469898,-0.230681465,-0.021546898,-0.378953149
-0.17422,-0.49555,-0.24775,-0.097866,-0.4654,-0.29552,-0.31942,-0.43816,0.02286,0.26374,0.22622,0.24278,-0.14571,-0.22514,0.077408,0.41201,0.28639,0.17707,0.33137,0.086601,0.30614,0.43437,0.62396,0.71301,0.68253,0.76311,0.93983,0.094693,0.30031,0.067681667,-0.177254566,-0.230681465,-0.021546898,-0.3788654
-0.203,-0.49555,-0.24775,-0.097866,-0.4654,-0.27634,-0.38647,-0.42953,0.042288,0.24355,0.25646,0.21205,-0.12527,-0.22431,0.029095,0.39714,0.25,0.14513,0.34163,0.085524,0.31656,0.43437,0.62396,0.71301,0.68253,0.76311,0.97046,0.094693,0.30031,0.125208073,-0.199579653,-0.214035496,-0.095904132,-0.3588696
-0.203,-0.49555,-0.22351,-0.097866,-0.4535,-0.25256,-0.38201,-0.45781,0.042288,0.2466,0.22872,0.21473,-0.12527,-0.24293,0.018737,0.36235,0.25008,0.15986,0.34163,0.085524,0.31656,0.43437,0.60311,0.71301,0.68253,0.75053,0.97135,0.088896,0.3171,0.123985174,-0.189834595,-0.222948709,-0.084940725,-0.384230307
-0.203,-0.404,-0.18927,-0.077562,-0.44987,-0.2134,-0.29812,-0.45334,0.058148,0.2351,0.2187,0.20982,-0.15856,-0.2176,0.018737,0.36008,0.26341,0.15986,0.34163,0.085524,0.31656,0.46546,0.61287,0.66896,0.63547,0.75854,0.9634,0.075812,0.31893,0.13100101,-0.190383947,-0.210004223,-0.063226639,-0.381755261
-0.19477,-0.404,-0.18927,-0.077562,-0.44987,-0.2134,-0.29812,-0.45334,0.058148,0.2351,0.2187,0.20982,-0.15856,-0.2176,0.018737,0.36008,0.26341,0.15986,0.34163,0.095665,0.28923,0.46546,0.61287,0.66053,0.63668,0.75854,1.001,0.066731,0.31893,0.13100101,-0.131324286,-0.210004223,-0.063226639,-0.381755261
-0.19477,-0.36817,-0.17559,-0.053904,-0.43539,-0.18711,-0.29812,-0.44216,0.062081,0.2351,0.2187,0.20982,-0.15856,-0.2176,0.027445,0.36008,0.26341,0.15986,0.35375,0.095665,0.28923,0.48923,0.6532,0.66053,0.65354,0.78027,0.99859,0.050278,0.3418,0.147664972,-0.131324286,-0.190440911,-0.052276395,-0.381755261
-0.19881,-0.36817,-0.1709,-0.053904,-0.43539,-0.18711,-0.29812,-0.44216,0.062081,0.2351,0.2307,0.20982,-0.15856,-0.2176,0.033962,0.37014,0.26341,0.15986,0.34598,0.091914,0.2773,0.48923,0.6532,0.66053,0.65354,0.78027,0.99859,0.025514,0.3418,0.147664972,-0.131324286,-0.190440911,-0.052276395,-0.381755261
-0.19881,-0.36003,-0.1709,-0.053904,-0.43539,-0.18711,-0.29992,-0.44216,0.062081,0.24966,0.25392,0.21267,-0.16833,-0.2329,0.043772,0.3823,0.24936,0.15951,0.33744,0.091914,0.2773,0.49695,0.6532,0.66053,0.65292,0.78027,0.99859,0.025514,0.3418,0.147664972,-0.157408415,-0.190440911,-0.052276395,-0.375084278
-0.21893,-0.36003,-0.1709,-0.053904,-0.43539,-0.18711,-0.29359,-0.44896,0.062081,0.24966,0.24202,0.2194,-0.16833,-0.2329,0.039167,0.39028,0.24936,0.15951,0.34772,0.10159,0.25987,0.49695,0.6532,0.66053,0.65292,0.78027,1.0028,0.025514,0.3418,0.147664972,-0.163400835,-0.190440911,-0.052276395,-0.375084278
-0.21893,-0.36003,-0.1709,-0.048316,-0.43249,-0.17417,-0.29531,-0.49896,0.020588,0.26104,0.19413,0.1878,-0.11968,-0.24969,0.045495,0.40349,0.23684,0.088345,0.34772,0.10159,0.25987,0.49695,0.66238,0.66053,0.65292,0.78238,1.0045,0.025514,0.34574,0.151548807,-0.166114652,-0.190036475,-0.054975634,-0.36270561
-0.21893,-0.36003,-0.17425,-0.048286,-0.42529,-0.17233,-0.2993,-0.50268,0.020916,0.27073,0.1812,0.19622,-0.1161,-0.21798,0.045495,0.40448,0.23092,0.088345,0.34772,0.10159,0.25987,0.52952,0.68716,0.66053,0.65292,0.77866,0.99365,0.023239,0.35087,0.106644999,-0.167553705,-0.214526348,-0.060880446,-0.356017996
-0.21893,-0.36072,-0.17081,-0.036171,-0.42216,-0.17233,-0.28035,-0.51874,0.019556,0.27073,0.1812,0.17199,-0.1167,-0.21798,0.045495,0.40448,0.23092,0.088345,0.3728,0.10159,0.25987,0.54801,0.687,0.66053,0.65292,0.78214,0.99417,0.017567,0.35533,0.106644999,-0.167455929,-0.109920176,-0.06922009,-0.356248081
-0.21838,-0.35201,-0.17081,-0.063245,-0.42222,-0.17001,-0.28035,-0.54205,0.047877,0.27073,0.1812,0.17199,-0.1167,-0.22275,0.027104,0.40448,0.23092,0.083383,0.38344,0.10793,0.24387,0.54893,0.69311,0.66209,0.65098,0.78214,0.99417,0.018456,0.36298,0.10796468,-0.167455929,-0.111520943,-0.069141785,-0.356248081
-0.21914,-0.34018,-0.16959,0.01026,-0.4234,-0.17001,-0.28035,-0.54205,0.047877,0.27073,0.19692,0.17199,-0.1167,-0.21427,0.014773,0.40383,0.23092,0.084969,0.38344,0.10793,0.23258,0.54893,0.69311,0.68353,0.63061,0.78214,0.99417,0.027836,0.36298,0.10796468,-0.167455929,-0.111520943,-0.069141785,-0.356248081
-0.58548,-0.31724,-0.16959,0.01026,-0.4234,-0.17001,-0.28035,-0.54205,0.047877,0.2834,0.19692,0.17199,-0.12244,-0.21427,0.014773,0.40383,0.23092,0.084969,0.39855,0.14397,0.29619,0.55053,0.69311,0.774,0.63061,0.78214,0.99417,0.027836,0.36298,0.10796468,-0.167455929,-0.111520943,-0.069141785,-0.356248081
-0.54697,-0.31724,-0.16959,0.01026,-0.4234,-0.17001,-0.28035,-0.52285,0.047877,0.2834,0.19692,0.17153,-0.12392,-0.21427,0.044812,0.35961,0.29004,0.1231,0.18962,0.12756,0.12594,0.55053,0.69311,0.774,0.63061,0.78214,0.99417,0.027836,0.36298,0.10796468,-0.150608669,-0.111520943,-0.069141785,-0.355423982
-0.54697,-0.31724,-0.26036,-0.41443,-0.46603,-0.21406,-0.33426,-0.59294,0.010816,0.22074,0.39953,0.20062,-0.11878,-0.11293,0.07382,0.11468,0.26506,0.066867,0.18962,0.12756,0.12594,0.55053,0.68604,0.774,0.63061,0.78287,0.99203,0.24045,0.36428,0.124942761,-0.075444261,-0.117143281,-0.062744918,-0.338025934
-0.54697,-0.45895,0.11218,-0.41168,-0.6362,-0.40343,-0.23694,-0.63036,0.19547,0.10349,0.39973,0.17394,0.063585,-0.11994,0.07382,0.13996,0.1553,0.066867,0.18962,0.12756,0.12594,0.62312,0.58765,0.77956,0.53563,0.79911,0.80371,0.21215,0.43818,-0.055661107,-0.165431395,-0.1052568,-0.31988678,-0.233170421
-0.55072,-0.44818,0.12298,-0.41168,-0.65279,-0.40429,-0.21416,-0.63731,0.17451,0.068118,0.39973,0.17585,0.0087251,-0.11994,0.07382,0.13996,0.1553,0.066867,0.18862,0.11221,0.1254,0.66579,0.52038,0.75601,0.61608,0.83661,0.83542,0.20851,0.416241795,-0.034748646,-0.208569689,-0.111099569,-0.345973919,-0.195873304
-0.52158,-0.43907,0.13034,-0.41534,-0.65518,-0.40802,-0.21416,-0.63673,0.17773,0.068118,0.39973,0.17585,0.0087251,-0.11994,0.1041,0.13996,0.1553,0.065809,0.18862,0.13707,0.12525,0.6773,0.52025,0.73762,0.61731,0.85804,0.82312,0.20882,0.416556548,-0.029712533,-0.208569689,-0.114301609,-0.319190119,-0.195873304
-0.52194,-0.41465,0.13034,-0.4104,-0.6742,-0.40802,-0.21416,-0.63673,0.17773,0.068118,0.41477,0.17585,0.0087251,-0.16498,0.10568,0.13346,0.17217,0.065809,0.17698,0.1423,0.1283,0.67488,0.52259,0.76982,0.61676,0.86022,0.82312,0.20874,0.408773341,-0.029712533,-0.208569689,-0.114301609,-0.319190119,-0.195873304
-0.51611,-0.41631,0.13034,-0.4104,-0.6742,-0.40802,-0.21535,-0.63673,0.17773,0.072025,0.41796,0.17614,0.010367,-0.15832,0.10493,0.13417,0.16954,0.085504,0.17718,0.14769,0.16598,0.67022,0.52259,0.76146,0.60469,0.86022,0.82312,0.20874,0.408773341,-0.029712533,-0.208569689,-0.114301609,-0.319190119,-0.195873304
-0.49176,-0.41631,0.13034,-0.4104,-0.6742,-0.40802,-0.21621,-0.65409,0.16871,0.076803,0.40309,0.13422,0.010367,-0.15886,0.10365,0.14275,0.16901,0.098913,0.17343,0.15591,0.16336,0.67022,0.52259,0.76146,0.60469,0.86022,0.82312,0.20874,0.408773341,-0.023202202,-0.224689282,-0.126329918,-0.319190119,-0.196791228
-0.49176,-0.41631,0.12016,-0.4055,-0.6884,-0.4249,-0.27005,-0.65597,0.15656,0.1194,0.36434,0.13443,0.0026441,-0.14073,0.10795,0.13942,0.21609,0.097366,0.17343,0.15591,0.16336,0.67022,0.51762,0.76146,0.60469,0.86877,0.7913,0.20153,0.413777485,-0.049254709,-0.220188025,-0.098891924,-0.34408528,-0.171691247
-0.49176,-0.428,0.12216,-0.4055,-0.68097,-0.43033,-0.26889,-0.65597,0.15543,0.11665,0.3613,0.13443,0.0063233,-0.14636,0.10795,0.13942,0.21362,0.097366,0.17343,0.15591,0.16336,0.66371,0.50823,0.76146,0.60601,0.86089,0.78173,0.20153,0.406803004,-0.049113192,-0.228964211,-0.098891924,-0.34595576,-0.162400296
-0.45028,-0.428,0.15408,-0.50845,-0.67849,-0.43033,-0.1947,-0.60789,0.19507,0.11665,0.3613,0.18438,-0.010893,-0.14636,0.10795,0.13942,0.21362,0.097366,0.14812,0.17415,0.14,0.66371,0.55011,0.75937,0.58141,0.86089,0.78173,0.21472,0.361286508,-0.049113192,-0.282951497,-0.038490055,-0.33471589,-0.161247977
-0.45021,-0.57896,0.15382,-0.50402,-0.67897,-0.4215,-0.1947,-0.60592,0.19572,0.11665,0.3613,0.18438,-0.010893,-0.14636,0.11148,0.13942,0.21362,0.15887,0.15275,0.17531,0.13881,0.66581,0.55219,0.7534,0.58255,0.87987,0.85267,0.21755,0.363606672,-0.065205729,-0.282951497,-0.038805477,-0.323052502,-0.161247977
-0.4398,-0.57655,0.13364,-0.52324,-0.67752,-0.4215,-0.1947,-0.60592,0.19572,0.11665,0.35157,0.18438,-0.010893,-0.15709,0.11138,0.17281,0.27432,0.15871,0.14748,0.14394,0.14464,0.66581,0.5496,0.76063,0.59246,0.88216,0.85267,0.21709,0.363101137,-0.065205729,-0.29037009,-0.038805477,-0.323052502,-0.161247977
-0.44091,-0.65973,0.13364,-0.52324,-0.67752,-0.4215,-0.19251,-0.60592,0.19572,0.12332,0.35253,0.18484,-0.0093322,-0.15689,0.13569,0.1733,0.27452,0.16141,0.14748,0.14394,0.14464,0.66438,0.5496,0.76063,0.59107,0.88216,0.85267,0.21709,0.363101137,-0.065205729,-0.290362825,-0.038805477,-0.323052502,-0.137041192
-0.48458,-0.65973,0.13364,-0.52324,-0.67752,-0.41664,-0.19602,-0.58752,0.19958,0.12332,0.33331,0.18638,-0.013104,-0.15877,0.14806,0.18395,0.24616,0.14162,0.13579,0.14394,0.11128,0.66438,0.5496,0.76063,0.59107,0.88216,0.86861,0.21709,0.363101137,-0.065205729,-0.279588551,-0.038876702,-0.315097018,-0.137041192
-0.48458,-0.65973,0.11619,-0.49618,-0.67752,-0.47175,-0.18971,-0.55532,0.22658,0.14885,0.32827,0.16029,-0.0064511,-0.15034,0.1571,0.18969,0.2339,0.13107,0.13579,0.14394,0.11128,0.66438,0.52706,0.76063,0.59107,0.8544,0.87053,0.21788,0.334851767,-0.083766835,-0.279588551,-0.027325715,-0.312196219,-0.119415776
-0.48458,-0.69299,0.10439,-0.45249,-0.69825,-0.4895,-0.15411,-0.5453,0.16152,0.14314,0.3348,0.15932,0.015784,-0.11611,0.1571,0.22098,0.21433,0.13107,0.13579,0.14394,0.11128,0.63696,0.51855,0.7527,0.58193,0.84758,0.8621,0.22508,0.331551243,-0.059752971,-0.267393091,-0.02057385,-0.325604178,-0.122680266
-0.45227,-0.68299,0.071449,-0.47268,-0.661,-0.48894,-0.12243,-0.5453,0.15908,0.14441,0.3348,0.13997,0.017097,-0.11611,0.1571,0.22098,0.21433,0.13107,0.17701,0.13664,0.13313,0.61222,0.50159,0.76104,0.55552,0.84317,0.79643,0.22856,0.320522953,-0.069225129,-0.255883587,-0.02057385,-0.301294799,-0.109194312
-0.44785,-0.65808,0.071449,-0.40796,-0.67535,-0.47603,-0.12243,-0.55345,0.17523,0.14441,0.3348,0.13997,0.017097,-0.11611,0.17314,0.22098,0.21433,0.13524,0.1644,0.092149,0.13466,0.59636,0.49894,0.75912,0.58757,0.84246,0.80564,0.23861,0.320522953,-0.071792702,-0.255883587,-0.01798485,-0.303069147,-0.109194312
-0.45725,-0.68681,0.10908,-0.40796,-0.66907,-0.47603,-0.12243,-0.55345,0.17523,0.14441,0.30596,0.13997,0.017276,-0.12239,0.21281,0.22098,0.20436,0.1616,0.12249,0.092149,0.12176,0.56219,0.50348,0.75912,0.56272,0.82386,0.80564,0.23861,0.329239302,-0.071792702,-0.255883587,-0.01798485,-0.303069147,-0.109194312
-0.45725,-0.68681,0.10908,-0.40796,-0.66907,-0.47603,-0.11111,-0.55345,0.17523,0.15397,0.30596,0.12105,0.017276,-0.12239,0.21281,0.22877,0.20436,0.1616,0.12249,0.072928,0.11182,0.56219,0.50348,0.74755,0.56272,0.82386,0.80564,0.23861,0.329239302,-0.071792702,-0.264986736,-0.01798485,-0.303069147,-0.105485336
-0.49815,-0.68681,0.10908,-0.40796,-0.66907,-0.47603,-0.11111,-0.50157,0.17523,0.18691,0.30546,0.12105,0.017276,-0.10835,0.21144,0.2315,0.21649,0.15768,0.091796,0.086968,0.10496,0.56219,0.50348,0.74755,0.56272,0.82386,0.80564,0.23861,0.329239302,-0.064629264,-0.264986736,-0.021922553,-0.303069147,-0.07329609
-0.49815,-0.68681,0.10908,-0.41369,-0.66907,-0.47603,-0.090871,-0.4712,0.19052,0.18968,0.30546,0.11741,0.010801,-0.10835,0.21304,0.2315,0.21649,0.1607,0.091796,0.086968,0.10496,0.56219,0.50348,0.74755,0.56272,0.82386,0.80564,0.23489,0.329239302,-0.064629264,-0.283127967,-0.022444895,-0.303069147,-0.061318009
-0.49815,-0.69667,0.10255,-0.44286,-0.65958,-0.50744,-0.11115,-0.48491,0.20013,0.17263,0.29666,0.10113,-0.00093632,-0.10564,0.21304,0.2315,0.21342,0.1607,0.091796,0.086968,0.10496,0.55608,0.46333,0.74755,0.55401,0.80983,0.79726,0.2464,0.330811676,-0.05652902,-0.283204671,-0.0163772,-0.318210305,-0.061332213
-0.49815,-0.68102,0.10089,-0.46474,-0.65958,-0.5104,-0.11639,-0.48422,0.20013,0.18799,0.29666,0.072603,-0.00093632,-0.10564,0.21304,0.2315,0.21342,0.1607,0.091303,0.086968,0.10496,0.54424,0.47611,0.72113,0.5537,0.8026,0.81085,0.24701,0.327610439,-0.055141686,-0.291334285,-0.001302262,-0.318210305,-0.049370542
-0.52492,-0.68099,0.10686,-0.46474,-0.65958,-0.50999,-0.11639,-0.49354,0.2096,0.18799,0.29666,0.072603,-0.00093632,-0.10564,0.19511,0.2315,0.21342,0.1607,0.045361,0.043619,0.10932,0.54424,0.48487,0.72178,0.55391,0.79751,0.81085,0.26361,0.336882596,-0.055992197,-0.291334285,-0.000707983,-0.318584706,-0.049370542
-0.55007,-0.68122,0.10714,-0.46595,-0.6507,-0.50999,-0.11639,-0.49354,0.2096,0.18799,0.29666,0.072603,-0.00093632,-0.043459,0.19494,0.28353,0.19601,0.16893,0.047671,0.042803,0.10962,0.45352,0.49049,0.72191,0.53133,0.79618,0.81085,0.26301,0.336882596,-0.055992197,-0.291334285,-0.000707983,-0.318584706,-0.049370542
-0.55098,-0.69127,0.10714,-0.46595,-0.6507,-0.50999,-0.11639,-0.49354,0.2096,0.17853,0.3486,0.077706,0.002162,-0.052757,0.20104,0.29521,0.19601,0.1737,0.055626,0.04132,0.10992,0.45352,0.49049,0.72096,0.52957,0.79618,0.81085,0.26301,0.336882596,-0.055992197,-0.291334285,-0.000707983,-0.318584706,-0.049370542
-0.55098,-0.69127,0.10714,-0.46595,-0.6507,-0.51528,-0.11471,-0.48504,0.2096,0.19965,0.34711,0.078555,0.002162,-0.054882,0.21717,0.29406,0.19283,0.1737,0.025925,0.04132,0.10992,0.45352,0.49049,0.72096,0.52957,0.79618,0.8112,0.26301,0.336882596,-0.054271645,-0.292797075,-0.000707983,-0.318584706,-0.049276705
-0.55098,-0.69127,0.10714,-0.47203,-0.64888,-0.51456,-0.18573,-0.48504,0.21165,0.19965,0.026602,0.12983,0.00068848,-0.25051,0.23894,0.25713,0.19283,0.19346,0.025925,0.04132,0.10992,0.45352,0.4702,0.72096,0.52957,0.79597,0.78876,0.26301,0.338345005,-0.053875809,-0.28707563,0.008237961,-0.327508839,-0.049689792
-0.55098,-0.69266,0.10135,-0.44266,-0.64888,-0.51364,-0.3365,-0.48504,0.21165,0.10899,0.026602,-0.065892,-0.16759,-0.24699,0.23894,0.27545,0.17721,0.19346,0.025925,0.04132,0.10992,0.45352,0.60785,0.72096,0.52957,0.79597,0.63952,0.26301,0.338345005,-0.053875809,-0.270917897,0.008237961,-0.327508839,-0.044799934
-0.55098,-0.66193,-0.045438,-0.4591,-0.64888,-0.4414,-0.2607,-0.33109,0.24121,0.15246,0.026602,-0.075618,-0.16759,-0.24699,0.23894,0.27545,0.17721,0.19346,-0.097452,0.060405,0.10992,0.47042,0.63731,0.78051,0.52957,0.80586,0.63251,0.22845,0.338345005,0.026173535,-0.290269039,-0.049259865,-0.10515161,0.014358245
-0.50985,-0.70613,0.013768,-0.71061,-0.46117,-0.39179,-0.2607,-0.34194,0.24471,0.15246,0.026602,-0.075618,-0.16759,-0.24699,0.2319,0.27545,0.17721,0.19837,-0.1175,0.10212,0.081182,0.4488,0.6311,0.79114,0.74257,1.169,0.63345,0.20729,0.343752208,0.000165223,-0.290269039,-0.049259865,-0.10515161,0.014358245
-0.58588,-0.64608,0.016752,-0.69584,-0.46117,-0.39179,-0.2607,-0.34194,0.24471,0.15246,0.062921,-0.075618,-0.16759,-0.17763,0.20977,0.27545,0.17721,0.23954,-0.12599,0.098791,0.091923,0.45745,0.63423,0.78894,0.72704,1.1462,0.63345,0.22702,0.343752208,0.000165223,-0.290269039,-0.049259865,-0.10515161,0.014358245
-0.5891,-0.66319,0.016752,-0.69584,-0.46117,-0.39179,-0.2607,-0.34194,0.24471,0.15495,0.069629,-0.076614,-0.20854,-0.11375,0.21921,0.27641,0.18067,0.207,-0.14146,0.091287,0.024267,0.40674,0.63423,0.78409,0.72037,1.1462,0.63345,0.22702,0.343752208,0.000165223,-0.290269039,-0.049259865,-0.10515161,0.010622056
-0.5891,-0.66319,0.016752,-0.69584,-0.46117,-0.40074,-0.26211,-0.34194,0.24471,0.156,0.064345,-0.075899,-0.20854,-0.11305,0.20848,0.27604,0.18247,0.17251,-0.14584,0.082264,0.021847,0.40674,0.63423,0.78409,0.72037,1.1462,0.62436,0.22702,0.343752208,-0.00522852,-0.297072188,-0.042865737,-0.145340255,0.01083055
-0.5891,-0.66319,0.0059387,-0.70253,-0.49683,-0.40405,-0.20146,-0.34687,0.25231,0.15419,0.098821,-0.04921,-0.22185,-0.10878,0.21064,0.25715,0.21455,0.15377,-0.14584,0.082264,0.021847,0.40674,0.62596,0.78409,0.72037,1.1365,0.64955,0.21767,0.395912322,-0.000268021,-0.2776965,-0.057637974,-0.141180453,0.00200244
-0.5891,-0.65666,0.019769,-0.70253,-0.49686,-0.4073,-0.20726,-0.34757,0.25294,0.21914,0.091752,-0.04921,-0.19986,-0.10803,0.21064,0.25641,0.18512,0.15377,-0.14584,0.082264,0.021847,0.39612,0.62997,0.78947,0.72422,1.1356,0.64295,0.22065,0.387238795,0.000473276,-0.278055713,-0.051823019,-0.149943622,-0.006636719
-0.59936,-0.66718,0.0095853,-0.68467,-0.49842,-0.36523,-0.21073,-0.32213,0.281,0.21604,0.091752,-0.050093,-0.20884,-0.10803,0.21064,0.25641,0.18512,0.15377,-0.14525,0.10465,0.017342,0.36853,0.63767,0.76289,0.72436,1.1154,0.64533,0.24759,0.38690722,0.025511527,-0.26668244,-0.051823019,-0.109450248,-0.008968759
-0.58824,-0.64792,-0.026761,-0.68293,-0.48999,-0.37621,-0.21073,-0.31993,0.29448,0.21604,0.091752,-0.050093,-0.20884,-0.10803,0.23874,0.25641,0.18512,0.15334,-0.12129,0.11259,-0.023923,0.36939,0.63603,0.76626,0.72454,1.1111,0.64402,0.24848,0.379484111,0.017230997,-0.26668244,-0.054384677,-0.118812785,-0.008968759
-0.57809,-0.64067,-0.034049,-0.6508,-0.49543,-0.37621,-0.21073,-0.31993,0.29448,0.21604,0.13747,-0.050093,-0.20884,-0.11799,0.24274,0.26086,0.18766,0.19172,-0.11913,0.10187,-0.025224,0.38356,0.62528,0.76014,0.71633,1.1189,0.64402,0.19068,0.381971901,0.017230997,-0.26668244,-0.054384677,-0.118812785,-0.008968759
-0.65283,-0.63705,-0.034049,-0.6508,-0.49543,-0.37621,-0.21139,-0.31993,0.29448,0.24317,0.13747,-0.077758,-0.23024,-0.11799,0.23755,0.26198,0.1796,0.19172,-0.11301,0.10351,-0.040389,0.38471,0.62528,0.76905,0.73219,1.1189,0.64402,0.19068,0.381971901,0.017230997,-0.266208641,-0.054384677,-0.118812785,0.008509574
-0.63201,-0.63705,-0.034049,-0.6508,-0.49543,-0.41894,-0.18212,-0.23158,0.30487,0.24273,0.17723,-0.07654,-0.23668,-0.12946,0.23704,0.28402,0.18049,0.18033,-0.11301,0.10366,-0.037773,0.38471,0.62528,0.76905,0.73219,1.1189,0.62683,0.19068,0.381971901,0.023480929,-0.244327724,-0.048669157,-0.126232618,0.008875146
-0.63201,-0.63705,-0.050196,-0.66053,-0.53989,-0.42089,-0.18212,-0.23372,0.30372,0.24265,0.20497,-0.075475,-0.27478,-0.13107,0.22678,0.28402,0.18496,0.19981,-0.11301,0.10366,-0.037773,0.38471,0.62528,0.76905,0.73219,1.1209,0.62683,0.18838,0.334788866,0.02188702,-0.244327724,-0.047557959,-0.1268194,0.01558751
-0.63201,-0.62697,-0.050196,-0.67666,-0.54247,-0.46106,-0.17155,-0.24433,0.30688,0.24265,0.20478,-0.074767,-0.24261,-0.11242,0.22678,0.28303,0.18988,0.19981,-0.11301,0.10366,-0.037773,0.37212,0.6216,0.76394,0.73298,1.1118,0.61106,0.18478,0.339212921,0.027946201,-0.244550751,-0.035631961,-0.118488179,0.012297433
-0.62433,-0.57612,-0.044884,-0.68517,-0.54481,-0.43778,-0.14949,-0.23546,0.28946,0.22312,0.20478,-0.09562,-0.21842,-0.11242,0.22678,0.28303,0.18988,0.19981,-0.098564,0.10986,-0.048312,0.37985,0.60575,0.76535,0.72758,1.0799,0.6122,0.18478,0.335273499,0.039435645,-0.170244398,-0.04198573,-0.125188923,0.011581899
-0.55406,-0.59179,-0.031751,-0.68517,-0.48209,-0.45917,-0.14949,-0.18354,0.29192,0.22312,0.20478,-0.09562,-0.21842,-0.11242,0.16423,0.28303,0.18988,0.20445,-0.080524,0.11548,-0.05684,0.35833,0.63182,0.7498,0.72338,1.0578,0.5626,0.2158,0.300241645,0.056139143,-0.170244398,-0.081027206,-0.128181605,0.011581899
-0.49662,-0.57729,-0.051004,-0.67157,-0.46673,-0.45917,-0.14949,-0.18354,0.29192,0.22312,0.20563,-0.09562,-0.21842,-0.09369,0.15936,0.29734,0.1924,0.18106,-0.094954,0.076661,-0.049298,0.38102,0.60518,0.7256,0.71522,1.0733,0.5626,0.24004,0.287616686,0.056139143,-0.170244398,-0.081027206,-0.128181605,0.011581899
-0.47265,-0.58904,-0.051004,-0.67157,-0.46673,-0.45917,-0.14833,-0.18354,0.29192,0.24168,0.21161,-0.09562,-0.16836,-0.10174,0.15936,0.29734,0.18515,0.17906,-0.070744,0.07548,-0.043989,0.36425,0.60518,0.72478,0.70801,1.0733,0.5626,0.24004,0.287616686,0.056139143,-0.133329853,-0.081027206,-0.128181605,-0.011015703
-0.46875,-0.58904,-0.051004,-0.67157,-0.46673,-0.48737,-0.14833,-0.17363,0.29872,0.27223,0.20599,-0.053527,-0.17721,-0.097587,0.16256,0.28098,0.18515,0.17278,-0.0084206,0.1342,-0.037627,0.36425,0.60518,0.72478,0.70801,1.0733,0.5626,0.24004,0.287616686,0.034781335,-0.133329853,-0.097891163,-0.073645788,0.01231263
-0.46875,-0.58904,-0.051004,-0.65949,-0.4005,-0.48737,-0.13402,-0.17363,0.28067,0.27223,0.20599,-0.053527,-0.17672,-0.096966,0.16256,0.28098,0.17432,0.21242,-0.0084206,0.1342,-0.037627,0.36425,0.54864,0.72478,0.70801,1.0215,0.5626,0.20845,0.329510065,0.034781335,-0.114687372,-0.092752056,-0.08570938,0.01231263
-0.46875,-0.58904,-0.051004,-0.65949,-0.4005,-0.5176,-0.13402,-0.16194,0.28067,0.26232,0.20599,-0.041508,-0.17672,-0.083609,0.16256,0.266,0.20231,0.21242,-0.0084206,0.1342,-0.037627,0.36425,0.54555,0.70038,0.67442,1.0215,0.52488,0.20845,0.329510065,0.032288638,-0.114687372,-0.092752056,-0.08570938,0.002701962
-0.47832,-0.58904,-0.039206,-0.66759,-0.36438,-0.5176,-0.13402,-0.16194,0.2234,0.26232,0.20599,-0.050068,-0.16771,-0.083609,0.16256,0.266,0.20231,0.21242,0.037094,0.1342,-0.037627,0.34558,0.5473,0.70038,0.67442,0.99657,0.52443,0.21006,0.274958784,0.032288638,-0.094876567,-0.104506491,-0.094928761,0.018480958
-0.47832,-0.58769,-0.049436,-0.66759,-0.36438,-0.58238,-0.13402,-0.16194,0.2234,0.26232,0.20599,-0.050068,-0.16771,-0.083609,0.16256,0.266,0.20231,0.22853,0.037094,0.15894,-0.012491,0.33194,0.54216,0.70256,0.66589,1.0854,0.52443,0.21006,0.274958784,-0.134108919,-0.094876567,-0.109808566,-0.090919332,0.018480958
-0.45688,-0.49434,-0.041943,-0.67787,-0.36438,-0.58238,-0.13402,-0.16194,0.2234,0.26232,0.20599,-0.050068,-0.16771,-0.083609,0.16748,0.26154,0.21004,0.24363,0.056021,0.18221,-0.018975,0.48228,0.5423,0.68395,0.66925,1.0667,0.52443,0.21612,0.279667134,-0.134108919,-0.094876567,-0.109808566,-0.090919332,0.018480958
-0.45688,-0.51315,-0.041943,-0.67787,-0.36438,-0.58238,-0.081785,-0.16194,0.2234,0.1975,0.20135,-0.050068,-0.16456,0.018476,0.1583,0.25955,0.21318,0.23917,-0.055295,0.19351,-0.0050477,0.48818,0.5423,0.68419,0.65032,1.0667,0.52443,0.21612,0.279667134,-0.134108919,-0.088127275,-0.109808566,-0.090919332,-0.155651591
-0.43943,-0.51315,-0.041943,-0.67787,-0.36438,-0.5665,-0.060589,-0.15567,0.21057,0.19773,0.21224,-0.055091,-0.16456,0.018476,0.14352,0.26358,0.21318,0.22206,-0.055295,0.25168,-0.011128,0.48818,0.5423,0.68419,0.65032,1.0667,0.44553,0.21612,0.279667134,-0.113925598,-0.092989924,-0.109808566,-0.090919332,-0.145979907
-0.43943,-0.51315,-0.054431,-0.67929,-0.36682,-0.5665,-0.054579,-0.13893,0.2006,0.19648,0.21224,-0.039576,-0.18096,0.039661,0.14352,0.26275,0.17064,0.22484,-0.055295,0.25168,-0.011128,0.48818,0.53945,0.68419,0.65032,1.0597,0.45311,0.21898,0.28729754,-0.12285177,-0.089888622,-0.119985773,-0.090919332,-0.110207067
-0.43943,-0.51413,-0.052584,-0.65893,-0.37447,-0.55223,-0.40741,-0.13664,0.19938,0.18106,0.27445,-0.039576,-0.19738,0.029118,0.14352,0.26275,0.16773,0.22484,-0.055295,0.25168,-0.011128,0.49216,0.53945,0.67904,0.63105,1.0408,0.45311,0.22324,0.282081779,-0.11874131,-0.091864844,-0.11292395,-0.103109684,-0.085194991
-0.43918,-0.504,-0.052584,-0.66175,-0.37332,-0.53447,-0.39549,-0.10983,0.20194,0.14296,0.27445,-0.012698,-0.19738,0.029118,0.14352,0.26275,0.16773,0.22484,-0.059121,0.26385,-0.020322,0.47068,0.53945,0.67904,0.63375,1.0408,0.34068,0.22324,0.311320534,-0.11874131,-0.365157129,-0.120093298,-0.099174935,-0.084351074
-0.43845,-0.49989,-0.32459,-0.62794,-0.53381,-0.52995,-0.39549,-0.10983,0.1911,0.14296,0.27445,-0.012698,-0.19738,0.029118,0.16367,0.26275,0.16773,0.22361,0.084848,0.26385,-0.020322,0.46839,0.5058,0.67904,0.63375,1.0244,0.34068,0.27846,0.300703689,-0.127346745,-0.365157129,-0.007331763,-0.093164882,-0.084351074
-0.43845,-0.49912,-0.27276,-0.64477,-0.53381,-0.52995,-0.39549,-0.10983,0.1911,0.14296,0.26436,-0.012698,-0.19738,0.044413,0.25402,0.2604,0.16773,0.21966,0.084848,0.25592,-0.020322,0.44164,0.68722,0.75896,0.63652,1.0343,0.34068,0.27898,0.149023277,-0.127346745,-0.365157129,-0.007331763,-0.093164882,-0.084351074
-0.62387,-0.51627,-0.27276,-0.64477,-0.53381,-0.52995,-0.39655,-0.10983,0.1911,0.14023,0.26879,-0.071204,-0.22453,0.04022,0.26994,0.35281,0.16531,0.27704,0.068479,0.27124,0.061907,0.44324,0.68722,0.70583,0.81551,1.0343,0.34068,0.27898,0.149023277,-0.127346745,-0.318778813,-0.007331763,-0.093164882,-0.084351074
-0.63766,-0.51627,-0.27276,-0.64477,-0.53381,-0.52995,-0.39585,-0.10466,0.090171,0.14184,0.26019,-0.078662,-0.17097,0.032602,0.26979,0.32353,0.17274,0.2862,0.066561,0.27933,0.16605,0.44324,0.68722,0.70583,0.81551,1.0343,0.34068,0.27898,0.149023277,-0.127346745,-0.263042503,-0.02184184,-0.42912536,-0.084351074
-0.63766,-0.51627,-0.24407,-0.64477,-0.54397,-0.52995,-0.42698,-0.11224,0.087252,0.14184,0.26227,-0.09965,-0.17643,0.032602,0.24762,0.32378,0.1893,0.2862,0.066561,0.27933,0.16605,0.44324,0.69561,0.70583,0.81551,1.0343,0.36352,0.27194,0.156641422,-0.127346745,-0.243226401,-0.028950792,-0.361564807,-0.084351074
-0.63766,-0.50648,-0.2089,-0.6517,-0.54719,-0.52995,-0.42421,-0.10084,0.17647,0.13144,0.26511,-0.10527,-0.17605,0.032602,0.24762,0.32275,0.1818,0.2862,0.066561,0.27933,0.16605,0.45721,0.67857,0.70177,0.78262,1.0343,0.35864,0.27194,0.156641422,-0.127346745,-0.24384498,-0.032369776,-0.352019308,-0.068097406
-0.63704,-0.50648,-0.1987,-0.63488,-0.55579,-0.52025,-0.43263,-0.10872,0.17706,0.13144,0.26511,-0.12365,-0.17386,0.032602,0.24762,0.32275,0.1818,0.2862,0.066561,0.28638,0.20282,0.45721,0.68494,0.69798,0.75984,1.0395,0.35771,0.28457,0.156117012,-0.119922338,-0.236080306,-0.052399836,-0.352405351,-0.068097406
-0.63693,-0.50648,-0.19789,-0.63738,-0.55681,-0.5135,-0.43263,-0.108,0.15544,0.13144,0.26511,-0.12365,-0.17386,0.032602,0.24254,0.32275,0.1818,0.2862,0.063347,0.28729,0.22458,0.45795,0.6749,0.68547,0.76902,1.0395,0.35966,0.2863,0.17546921,-0.119922338,-0.236080306,-0.053261709,-0.370822819,-0.068097406
-0.64753,-0.51667,-0.20159,-0.62917,-0.56156,-0.5135,-0.43263,-0.108,0.15544,0.13144,0.27022,-0.12365,-0.17386,0.03218,0.23877,0.3039,0.18431,0.28649,0.066854,0.27819,0.22089,0.45795,0.65205,0.70305,0.77135,1.0402,0.35966,0.28686,0.18164463,-0.119922338,-0.236080306,-0.053261709,-0.370822819,-0.068097406
-0.62473,-0.51667,-0.20159,-0.62917,-0.56156,-0.5135,-0.43263,-0.108,0.15544,0.1321,0.28021,-0.12781,-0.18198,0.031965,0.28212,0.30298,0.20423,0.28649,0.057173,0.2686,0.25884,0.45795,0.65205,0.69325,0.76283,1.0402,0.35966,0.28686,0.18164463,-0.119922338,-0.240939809,-0.053261709,-0.370822819,-0.068097406
-0.66937,-0.51667,-0.20159,-0.62917,-0.56156,-0.5135,-0.43094,-0.082435,0.15985,0.1321,0.27662,-0.11927,-0.17821,0.031965,0.28367,0.31554,0.20487,0.28649,0.083427,0.2933,0.24933,0.45795,0.65205,0.69325,0.76283,1.0402,0.35966,0.28686,0.18164463,-0.119922338,-0.241079219,-0.079246566,-0.371717205,-0.068097406
-0.66937,-0.51667,-0.1941,-0.66694,-0.52786,-0.5135,-0.43292,-0.08257,0.15446,0.1321,0.26691,-0.12115,-0.17067,0.031965,0.28367,0.3197,0.20363,0.28649,0.083427,0.2933,0.24933,0.45795,0.65476,0.69325,0.76283,1.0402,0.34032,0.2956,0.157351772,-0.119922338,-0.2386161,-0.083249563,-0.362475783,-0.068097406
-0.66937,-0.53659,-0.18985,-0.66165,-0.53513,-0.48762,-0.44435,-0.079208,0.15465,0.16171,0.25653,-0.1241,-0.1691,-0.0044628,0.28367,0.32058,0.20196,0.28649,0.084471,0.2933,0.24933,0.46317,0.66207,0.69985,0.76283,1.0193,0.33906,0.29652,0.14660872,-0.110126604,-0.267044567,-0.087478934,-0.360207509,-0.044068561
-0.61605,-0.53108,-0.13763,-0.66617,-0.53119,-0.57576,-0.41646,-0.079208,0.15816,0.16266,0.25653,-0.13832,-0.17577,-0.0044628,0.28367,0.32058,0.20196,0.28649,0.084471,0.29425,0.25775,0.46537,0.66432,0.69214,0.76283,1.0233,0.30905,0.29129,0.141046063,-0.110126604,-0.244021437,-0.081817349,-0.389189965,-0.053259616
-0.61605,-0.53461,-0.22392,-0.60236,-0.53119,-0.57553,-0.41646,-0.11511,0.15816,0.16266,0.25653,-0.13832,-0.17577,-0.0044628,0.28367,0.32058,0.20196,0.31517,0.0406,0.30324,0.25775,0.48825,0.66665,0.73318,0.76948,1.026,0.2741,0.30342,0.141046063,-0.116464118,-0.244021437,-0.082609143,-0.389189965,-0.053259616
-0.64365,-0.53536,-0.17135,-0.53831,-0.47768,-0.57553,-0.41646,-0.11511,0.15816,0.16266,0.26311,-0.13832,-0.17577,-0.0012851,0.27487,0.32639,0.20322,0.31555,0.04502,0.29452,0.2572,0.48825,0.67508,0.72842,0.76948,1.0228,0.2741,0.32054,0.163414287,-0.116464118,-0.244021437,-0.082609143,-0.389189965,-0.053259616
-0.59377,-0.50097,-0.17135,-0.53831,-0.47768,-0.57553,-0.40577,-0.11511,0.15816,0.15715,0.2192,-0.1536,-0.22088,0.00537,0.25241,0.31469,0.18197,0.3257,0.054319,0.28169,0.29439,0.53302,0.67508,0.75189,0.80683,1.0228,0.2741,0.32054,0.163414287,-0.116464118,-0.233065539,-0.082609143,-0.389189965,-0.039337242
-0.48284,-0.50097,-0.17135,-0.53831,-0.47768,-0.57553,-0.43797,-0.10183,0.15816,0.16387,0.22269,-0.13902,-0.25306,0.0090398,0.22375,0.28514,0.14485,0.3175,0.041078,0.29495,0.35301,0.53302,0.67508,0.75189,0.80683,1.0228,0.26474,0.32054,0.163414287,-0.135666615,-0.238915485,-0.146198827,-0.387684681,-0.032936029
-0.48284,-0.50097,-0.17135,-0.5154,-0.44611,-0.62428,-0.42722,-0.10183,0.14584,0.20642,0.21601,-0.13902,-0.25232,-0.023757,0.2202,0.28512,0.11344,0.33118,0.039957,0.29495,0.35301,0.53302,0.65622,0.75189,0.80683,1.061,0.21143,0.33577,0.207979434,-0.164880558,-0.163945172,-0.135023484,-0.354447168,-0.026333076
-0.48284,-0.41571,-0.15297,-0.52016,-0.37784,-0.61683,-0.42722,-0.076113,0.15099,0.18813,0.21601,-0.18693,-0.2778,-0.039264,0.2202,0.30817,0.13394,0.33118,0.041078,0.29495,0.35301,0.52375,0.64421,0.71351,0.80575,1.0628,0.2033,0.32835,0.206276734,-0.150821911,-0.163945172,-0.074738947,-0.376615101,-0.022405468
-0.33611,-0.36172,-0.15297,-0.52016,-0.28981,-0.54615,-0.41314,-0.076113,0.13207,0.1827,0.21601,-0.18693,-0.24245,-0.039264,0.2202,0.30817,0.13394,0.33118,0.054801,0.25924,0.4255,0.53713,0.64421,0.72468,0.84965,1.0519,0.18165,0.32835,0.246473922,-0.157933181,-0.139085055,-0.074738947,-0.360043467,-0.011659021
-0.33611,-0.36172,-0.11288,-0.49329,-0.28981,-0.54615,-0.41314,-0.07092,0.13207,0.1827,0.21601,-0.18693,-0.24245,-0.039264,0.23788,0.30817,0.13394,0.33118,0.054801,0.25924,0.4255,0.53713,0.64421,0.74706,0.84965,1.0874,0.14878,0.35758,0.246473922,-0.162027368,-0.139085055,-0.060937474,-0.360043467,-0.011659021
-0.26982,-0.33519,-0.11288,-0.49329,-0.24134,-0.54615,-0.41314,-0.07092,0.13207,0.1827,0.21991,-0.18693,-0.24245,-0.031716,0.25456,0.30817,0.13394,0.34189,0.049592,0.2441,0.45645,0.59681,0.64421,0.74706,0.8787,1.0679,0.14878,0.35758,0.268126242,-0.162027368,-0.139085055,-0.060937474,-0.360043467,-0.011659021
-0.26982,-0.32045,-0.11288,-0.49329,-0.24134,-0.54615,-0.42723,-0.07092,0.13207,0.20871,0.22827,-0.19959,-0.24245,-0.013355,0.26501,0.28901,0.13394,0.33157,0.048527,0.2441,0.45645,0.59681,0.64421,0.75965,0.8787,1.0679,0.14878,0.35758,0.268126242,-0.162027368,-0.139085055,-0.060937474,-0.360043467,-0.010957406
-0.2468,-0.32045,-0.11288,-0.49329,-0.24134,-0.54095,-0.51042,-0.07092,0.15197,0.2392,0.17883,-0.19959,-0.26219,-0.00054637,0.2831,0.28901,0.13372,0.31647,0.066376,0.22202,0.46578,0.59681,0.64421,0.75965,0.8787,1.0679,0.14878,0.35758,0.268126242,-0.195637259,-0.138946836,-0.060937474,-0.351918065,-0.010957406
-0.2468,-0.32045,-0.090552,-0.49062,-0.24134,-0.53317,-0.51432,-0.12739,0.15197,0.22411,0.18871,-0.12512,-0.26219,-0.0060689,0.28485,0.2631,0.13372,0.32764,0.065446,0.22202,0.46578,0.59681,0.64421,0.75965,0.8787,1.0738,0.12144,0.33947,0.268126242,-0.203685638,-0.213688935,-0.038344409,-0.351918065,-0.0326586
-0.2468,-0.32045,-0.090502,-0.47837,-0.20871,-0.52794,-0.54137,-0.12712,0.16453,0.13259,0.15164,-0.12143,-0.28624,0.0013743,0.28485,0.25274,0.0068013,0.32764,0.066376,0.22202,0.46578,0.6086,0.64421,0.75965,0.88186,1.098,0.1207,0.37258,0.2845025,-0.196071959,-0.164129887,-0.026165162,-0.340582588,-0.019271167
-0.2468,-0.32617,-0.11281,-0.48401,-0.20861,-0.53507,-0.58032,-0.12944,0.18093,0.11156,0.15164,-0.12232,-0.24195,0.0013743,0.28485,0.25274,0.0068013,0.32764,0.065446,0.22202,0.52121,0.65144,0.63798,0.75965,0.91841,1.0884,0.11167,0.37911,0.24389905,-0.196207061,-0.168678329,-0.035676708,-0.325001139,-0.087629317
-0.24808,-0.323,-0.13249,-0.48455,-0.20861,-0.50311,-0.58032,-0.082118,0.18093,0.11156,0.15164,-0.12232,-0.24195,0.0013743,0.28375,0.25274,0.0068013,0.37298,0.074542,0.19438,0.55283,0.65096,0.64727,0.76919,0.93959,1.085,0.11638,0.38847,0.24389905,-0.196361589,-0.168678329,-0.040797124,-0.319269922,-0.087629317
-0.23098,-0.323,-0.099653,-0.48573,-0.20041,-0.50311,-0.58032,-0.082118,0.18093,0.11156,0.15164,-0.12232,-0.24784,-0.028353,0.28375,0.25274,8.90E-05,0.39075,0.073647,0.18797,0.55307,0.66166,0.72268,0.75723,0.93959,1.085,0.11638,0.38847,0.236081622,-0.196361589,-0.168678329,-0.040797124,-0.319269922,-0.087629317
-0.21581,-0.32117,-0.099653,-0.48573,-0.20041,-0.50311,-0.56952,-0.082118,0.18093,0.13768,0.15193,-0.13121,-0.23359,-0.047615,0.2403,0.25274,0.0031392,0.39075,0.09446,0.21884,0.55307,0.66166,0.72268,0.75723,0.93959,1.085,0.11638,0.38847,0.236081622,-0.196361589,-0.168678329,-0.040797124,-0.319269922,-0.117925509
-0.20581,-0.32117,-0.099653,-0.48573,-0.20041,-0.50311,-0.60208,-0.082118,0.202,0.13768,0.15945,-0.1332,-0.23359,-0.047615,0.11861,0.28763,0.0031392,0.39575,0.098471,0.1176,0.55398,0.66166,0.72268,0.75723,0.93959,1.085,0.22274,0.38847,0.236081622,-0.196361589,-0.17056023,-0.040797124,-0.319269922,-0.117925509
-0.20581,-0.32117,-0.32065,-0.5198,-0.20041,-0.50311,-0.61739,-0.098777,0.202,0.13768,0.14663,-0.12894,-0.23359,-0.033206,0.12937,0.27545,0.020052,0.29147,0.099244,0.1176,0.55398,0.66166,0.72881,0.75723,0.93959,1.085,0.20937,0.38911,0.236081622,-0.175354047,-0.161730435,-0.036970258,-0.318229119,-0.108683625
-0.20581,-0.34282,-0.3222,-0.59514,-0.21698,-0.5258,-0.62571,-0.01117,0.17264,0.23616,0.14833,-0.041191,-0.18905,-0.023674,0.12937,0.21888,-0.057376,0.29147,0.098471,0.1176,0.55398,0.65754,0.72007,0.71009,0.94001,1.0837,0.20505,0.42432,0.251699271,-0.141844235,-0.169113336,-0.157508167,-0.310182279,-0.111118966
-0.28071,-0.16821,-0.3222,-0.58882,-0.2449,-0.48435,-0.62528,-0.017309,0.10925,0.23655,0.14833,-0.064949,-0.19548,-0.023674,0.12937,0.21888,-0.057376,0.29147,0.089854,0.1173,0.5897,0.59977,0.69763,0.76005,0.95334,0.98692,0.20518,0.413414828,0.163147283,-0.181787264,-0.173380263,-0.168274551,-0.255249244,-0.027997552
-0.27169,-0.13958,-0.31113,-0.59142,-0.24611,-0.46722,-0.62528,-0.014867,0.070903,0.23655,0.14833,-0.064949,-0.19548,-0.023674,0.12305,0.21888,-0.057376,0.31022,0.11243,0.11756,0.68143,0.60104,0.70084,0.76944,1.006,1.0077,0.1989,0.414512237,0.183209132,-0.202092331,-0.173380263,-0.148684677,-0.213195194,-0.027997552
-0.22732,-0.13305,-0.30717,-0.60585,-0.25138,-0.46722,-0.62528,-0.014867,0.070903,0.23655,0.14834,-0.064949,-0.19548,-0.010617,0.1247,0.22505,-0.063047,0.31022,0.11071,0.11794,0.69762,0.60169,0.69009,0.7689,1.0325,1.0142,0.1989,0.403403543,0.191725234,-0.202092331,-0.173380263,-0.148684677,-0.213195194,-0.027997552
-0.21761,-0.13305,-0.30717,-0.60585,-0.25138,-0.46722,-0.63317,-0.014867,0.070903,0.25119,0.13235,-0.063536,-0.21353,-0.0092009,0.12438,0.22282,-0.063047,0.30266,0.11207,0.13098,0.69622,0.59552,0.69009,0.75774,1.0352,1.0142,0.1989,0.403403543,0.191725234,-0.202092331,-0.175304948,-0.148684677,-0.213195194,-0.032787383
-0.22261,-0.13305,-0.30717,-0.60585,-0.25138,-0.46866,-0.63291,-0.022497,0.068496,0.25447,0.13024,-0.063536,-0.21666,-0.0097075,0.1187,0.22238,-0.060613,0.30108,0.12176,0.12792,0.6947,0.59552,0.69009,0.75774,1.0352,1.0142,0.18922,0.403403543,0.191725234,-0.202092331,-0.117336776,-0.148684677,-0.213195194,-0.032787383
-0.22261,-0.13305,-0.29422,-0.60964,-0.25138,-0.46928,-0.63291,-0.026804,0.07612,0.25823,0.13024,-0.069983,-0.21694,0.00015887,0.1187,0.24099,-0.053522,0.29603,0.12176,0.12792,0.6947,0.59552,0.69009,0.75774,1.0352,1.0142,0.18922,0.414171326,0.200454121,-0.215639978,-0.117336776,-0.152295837,-0.214198644,-0.030319276
-0.22261,-0.13662,-0.29422,-0.62706,-0.24381,-0.48231,-0.60965,-0.029241,0.092963,0.23829,0.15036,-0.050327,-0.21311,0.013371,0.1187,0.23719,-0.05623,0.29603,0.12176,0.12792,0.6947,0.59317,0.69021,0.75856,1.038,0.99098,0.21455,0.390790066,0.141626466,-0.219301581,-0.10218345,-0.156733343,-0.209780727,-0.023684284
-0.22416,-0.18667,-0.3389,-0.61932,-0.23585,-0.48246,-0.60851,-0.014379,0.089765,0.23473,0.15036,-0.057383,-0.23316,0.013371,0.1187,0.23719,-0.05623,0.29603,0.12806,0.1207,0.68383,0.57733,0.68139,0.7413,1.0273,0.98467,0.21585,0.384897585,0.141794096,-0.254980246,-0.102288941,-0.163333981,-0.177721776,-0.081667164
-0.22416,-0.15169,-0.32544,-0.63302,-0.23585,-0.44936,-0.60851,-0.014005,0.089765,0.23473,0.15036,-0.057383,-0.23316,0.013371,0.13341,0.23719,-0.05623,0.30807,0.13024,0.11855,0.68383,0.67668,0.65949,0.74184,1.0273,0.98467,0.21785,0.386467072,0.141794096,-0.265056673,-0.102288941,-0.144205685,-0.177154907,-0.081667164
-0.32592,-0.15917,-0.335,-0.62136,-0.21894,-0.44936,-0.60851,-0.014005,0.089765,0.23473,0.14854,-0.057383,-0.23316,0.011253,0.13403,0.26244,-0.029927,0.31066,0.10753,0.12252,0.68741,0.67765,0.65949,0.72342,1.0197,0.9933,0.21785,0.417082318,0.134301208,-0.265056673,-0.102288941,-0.144205685,-0.177154907,-0.081667164
-0.3217,-0.17972,-0.335,-0.62136,-0.21894,-0.44936,-0.60209,-0.014005,0.089765,0.20386,0.14874,-0.051951,-0.22989,0.011127,0.13248,0.26269,-0.030135,0.31038,0.10753,0.12252,0.68741,0.68599,0.65949,0.71565,1.0208,0.9933,0.21785,0.417082318,0.134301208,-0.274367631,-0.070776112,-0.144205685,-0.177154907,-0.055648596
-0.49517,-0.17972,-0.335,-0.62136,-0.21894,-0.44631,-0.56392,-0.015116,0.10135,0.20718,0.11535,-0.045395,-0.22931,0.025596,0.14143,0.22021,-0.027527,0.31038,0.088011,0.074758,0.68838,0.68599,0.65949,0.71565,1.0208,0.9933,0.21848,0.417082318,0.134301208,-0.274365202,-0.05682514,-0.158273894,-0.157192199,-0.055648596
-0.49517,-0.17972,-0.26608,-0.62136,-0.20636,-0.44492,-0.55115,0.031704,0.10135,0.17715,0.11438,-0.04874,-0.24534,0.046306,0.18634,0.2037,-0.050713,0.29393,0.088011,0.074758,0.68838,0.68599,0.64869,0.71565,1.0208,0.98399,0.22568,0.386978386,0.134301208,-0.269349311,-0.050360982,-0.152974674,-0.157192199,-0.060353664
-0.49517,-0.22139,-0.08424,-0.69161,-0.35832,-0.4371,-0.55115,-0.011806,0.12644,0.17072,0.08682,-0.036963,-0.23238,0.054845,0.18634,0.19196,-0.068098,0.29393,0.10753,0.074758,0.68838,0.65417,0.65431,0.7043,1.0268,0.98751,0.23035,0.379543184,0.16822947,-0.269349311,-0.050360982,-0.168276143,-0.15778759,-0.077974761
-0.57687,-0.2707,-0.14636,-0.65001,-0.3991,-0.39449,-0.56323,-0.014882,0.11956,0.17362,0.08682,-0.02887,-0.17849,0.054845,0.18634,0.19196,-0.068098,0.29393,0.09981,0.089539,0.66451,0.64223,0.65854,0.66651,1.0093,0.97952,0.30421,0.372783996,0.19994482,-0.252589067,-0.046927747,-0.153918806,-0.1655972,-0.140843297
-0.55723,-0.29976,-0.06908,-0.67989,-0.39559,-0.35224,-0.56323,0.012035,0.12167,0.17362,0.08682,-0.02887,-0.17849,0.054845,0.18634,0.19196,-0.068098,0.31938,0.047015,0.092068,0.63954,0.63404,0.65854,0.70971,1.0036,0.9287,0.30421,0.372783996,0.188207861,-0.274733903,-0.046927747,-0.183952638,-0.149732289,-0.140843297
-0.5418,-0.29976,-0.06908,-0.66586,-0.42322,-0.35224,-0.56323,0.012035,0.12167,0.17362,0.076263,-0.028639,-0.17849,0.064649,0.1915,0.18637,-0.058016,0.30041,0.046913,0.079922,0.63159,0.62953,0.64538,0.56206,1.0016,0.95075,0.30421,0.417332512,0.185359885,-0.274733903,-0.046927747,-0.183952638,-0.149732289,-0.140843297
-0.61964,-0.23015,-0.06908,-0.66586,-0.42322,-0.35224,-0.53521,0.012035,0.12167,0.13502,0.076263,-0.028639,-0.18824,0.12113,0.23916,0.18637,-0.012589,0.24311,0.020011,0.064249,0.58627,0.67573,0.64538,0.56206,0.84041,0.95075,0.30421,0.417332512,0.185359885,-0.274733903,-0.049584921,-0.183952638,-0.149732289,-0.271526133
-0.61964,-0.23015,-0.06908,-0.66586,-0.42322,-0.34028,-0.50221,0.012035,0.13638,0.13502,0.072204,-0.028639,-0.18824,0.12113,0.23916,0.21239,-0.012589,0.24311,0.075216,0.046796,0.58627,0.67573,0.64538,0.56206,0.84041,0.95075,0.30164,0.417332512,0.185359885,-0.27646727,-0.049894374,-0.183952638,-0.128711929,-0.271526133
-0.61964,-0.23015,-0.086727,-0.66586,-0.42322,-0.34028,-0.51904,0.029208,0.15417,0.13427,0.041033,-0.036044,-0.17038,0.11905,0.23916,0.21239,-0.017436,0.19847,0.075216,0.046796,0.58627,0.67573,0.64538,0.56206,0.84041,0.95075,0.31437,0.417332512,0.210707118,-0.27646727,-0.008887901,-0.183952638,-0.108859825,-0.301854605
-0.61964,-0.23015,-0.1762,-0.64769,-0.42322,-0.31766,-0.51947,0.044082,0.15385,0.13427,0.0024896,-0.052249,-0.17038,0.11755,0.23916,0.18617,0.02212,0.19847,0.075216,0.046796,0.58627,0.67573,0.60685,0.54839,0.84041,0.95075,0.31906,0.419150229,0.210707118,-0.295565192,0.009132915,-0.199131508,-0.098143563,-0.301854605
-0.63762,-0.24164,-0.22015,-0.64769,-0.47989,-0.41673,-0.54268,0.044082,0.13078,0.1319,0.0024896,-0.052249,-0.16752,0.11755,0.23916,0.18617,0.02212,0.19847,0.075216,0.046796,0.57987,0.6124,0.60898,0.5478,0.81364,0.9053,0.33579,0.415956489,0.218958257,-0.295682392,0.009098113,-0.199131508,-0.098183399,-0.289680637
-0.59801,-0.25933,-0.22015,-0.64769,-0.48913,-0.41732,-0.54268,0.053855,0.1538,0.1319,0.0024896,-0.052249,-0.16752,0.11755,0.31898,0.18617,0.02212,0.19785,0.01896,0.051321,0.56724,0.62657,0.6133,0.54699,0.80551,0.90517,0.30953,0.425255306,0.217578749,-0.333327525,0.009098113,-0.199481653,-0.052639084,-0.289680637
-0.59746,-0.24232,-0.22496,-0.62095,-0.48719,-0.41732,-0.54268,0.053855,0.1538,0.1319,0.009288,-0.052249,-0.16752,0.097403,0.32951,0.16675,0.02212,0.13231,0.017862,0.051729,0.56724,0.64226,0.61295,0.52402,0.71538,0.90517,0.30953,0.425255306,0.168893414,-0.333327525,0.009098113,-0.199481653,-0.052639084,-0.289680637
-0.59657,-0.2366,-0.22496,-0.62095,-0.48719,-0.41732,-0.52926,0.053855,0.1538,0.1319,0.012042,-0.049004,-0.086244,0.095417,0.32866,0.16675,0.035701,0.13342,0.017779,0.052689,0.44287,0.64915,0.61295,0.52183,0.7137,0.90517,0.30953,0.425255306,0.168893414,-0.333327525,0.009098113,-0.199481653,-0.052639084,-0.289680637
-0.62669,-0.2366,-0.22496,-0.62095,-0.48719,-0.41732,-0.52926,0.053855,0.14192,0.21078,0.031837,-0.049004,-0.094995,0.10641,0.31539,0.16469,0.041596,0.14463,0.017779,0.052689,0.44287,0.64915,0.61295,0.52183,0.7137,0.90517,0.30953,0.425255306,0.168893414,-0.333327525,0.011772732,-0.199481653,-0.052639084,-0.308911776
-0.62669,-0.2366,-0.21627,-0.62024,-0.5065,-0.41653,-0.52926,0.056237,0.17368,0.2144,-0.027188,-0.047086,-0.095477,0.11259,0.32453,0.16469,0.041596,0.1339,0.017779,0.052689,0.44287,0.64915,0.61295,0.52183,0.7137,0.90563,0.30953,0.427730515,0.171491021,-0.363636871,0.011772732,-0.210939066,-0.043171219,-0.33725273
-0.62669,-0.2366,-0.19977,-0.62024,-0.50518,-0.41771,-0.48914,0.056237,0.17368,0.10405,-0.02877,-0.094229,-0.15346,0.16814,0.32453,0.1586,0.049076,0.1339,0.017779,0.052689,0.44287,0.64988,0.62776,0.52183,0.71095,0.90629,0.29919,0.427730515,0.166331267,-0.340170297,0.000406704,-0.210939066,-0.054414148,-0.292869513
-0.63052,-0.18416,-0.20911,-0.62024,-0.51474,-0.46361,-0.49232,0.061416,0.14482,0.10405,-0.02877,-0.094229,-0.14907,0.16814,0.32453,0.1586,0.049076,0.1339,0.026581,0.052689,0.44287,0.68982,0.63611,0.52183,0.71095,0.86188,0.29531,0.427730515,0.166331267,-0.325843286,0.000406704,-0.146151758,-0.052919024,-0.274195105
-0.61371,-0.21774,-0.27453,-0.594,-0.50996,-0.44654,-0.49232,0.06321,0.15455,0.10405,-0.02877,-0.094229,-0.14907,0.16814,0.32453,0.1586,0.049076,0.10159,0.037781,0.044301,0.44903,0.69688,0.608,0.57908,0.71443,0.90045,0.30385,0.431167048,0.190194026,-0.339510884,0.000406704,-0.146151758,-0.035872529,-0.274195105
-0.63607,-0.20364,-0.26412,-0.594,-0.50533,-0.44654,-0.49232,0.06321,0.15455,0.10405,-0.030047,-0.094229,-0.14907,0.16653,0.32587,0.1586,0.049648,0.097629,0.0069191,0.048264,0.44227,0.69863,0.60381,0.56369,0.81468,0.9012,0.30385,0.431167048,0.182176661,-0.339510884,0.000406704,-0.146151758,-0.035872529,-0.274195105
-0.6162,-0.19892,-0.26412,-0.594,-0.50533,-0.44654,-0.49232,0.06321,0.15455,0.11221,-0.029338,-0.10291,-0.13386,0.161,0.32471,0.15932,0.063388,0.06565,-0.00099392,0.032367,0.44536,0.71965,0.60381,0.56391,0.76804,0.9012,0.30385,0.431167048,0.182176661,-0.339510884,0.006282848,-0.146151758,-0.035872529,-0.276309213
-0.63138,-0.19892,-0.26412,-0.594,-0.50533,-0.44654,-0.49509,0.06321,0.15507,0.11436,-0.028303,-0.10291,-0.11698,0.16165,0.32163,0.16049,0.016801,0.036862,-0.0078366,0.031116,0.37258,0.71965,0.60381,0.56391,0.76804,0.9012,0.29664,0.431167048,0.182176661,-0.339510884,0.002644353,-0.154561394,-0.036444253,-0.27399822
-0.63138,-0.19892,-0.26643,-0.54527,-0.51145,-0.44627,-0.49626,0.065932,0.15592,0.10928,-0.028303,-0.10669,-0.11698,0.16145,0.31618,0.16847,-0.002063,0.037548,-0.0078366,0.031116,0.37258,0.71965,0.61027,0.56391,0.76804,0.89088,0.29622,0.435188177,0.181106652,-0.345424053,0.009107081,-0.154728876,-0.036405541,-0.259688306
-0.63138,-0.20237,-0.26643,-0.54528,-0.47208,-0.43682,-0.49753,0.066621,0.155,0.11591,-0.039015,-0.097577,-0.11591,0.1655,0.31618,0.16989,-0.0037603,0.039796,-0.0078366,0.031116,0.37258,0.71522,0.60877,0.57116,0.75745,0.89097,0.29477,0.427738398,0.183876406,-0.348529211,0.009107081,-0.163901167,-0.049175516,-0.262788697
-0.60472,-0.20189,-0.27752,-0.54036,-0.47834,-0.44181,-0.49378,0.074632,0.17433,0.10245,-0.039015,-0.10731,-0.11254,0.1655,0.31618,0.16989,-0.0037603,0.037548,-0.00306,0.030526,0.3649,0.7217,0.61649,0.57091,0.75823,0.88526,0.29551,0.427310438,0.183995469,-0.350381996,0.011926045,-0.164429364,-0.048341695,-0.270921406
-0.60504,-0.22682,-0.28341,-0.53975,-0.46977,-0.43265,-0.49378,0.06965,0.16979,0.10245,-0.039015,-0.10731,-0.11254,0.1655,0.316,0.16989,-0.0037603,0.04285,-0.016973,0.026379,0.36384,0.73029,0.63538,0.57071,0.75516,0.88471,0.25763,0.425150418,0.184011223,-0.352079336,0.011926045,-0.171277252,-0.046496472,-0.270921406
-0.55747,-0.22082,-0.3042,-0.614,-0.48492,-0.43265,-0.49378,0.06965,0.16979,0.10245,-0.046493,-0.10731,-0.11254,0.17256,0.31747,0.17509,-0.0046454,0.048017,-0.018085,0.026968,0.37512,0.72959,0.64273,0.56365,0.75375,0.88652,0.25763,0.428529788,0.163427231,-0.352079336,0.011926045,-0.171277252,-0.046496472,-0.270921406
-0.55693,-0.24022,-0.3042,-0.614,-0.48492,-0.43265,-0.46311,0.06965,0.16979,0.11637,-0.046019,-0.10678,-0.11778,0.18082,0.32937,0.19789,0.0079129,0.050986,-0.017414,0.021159,0.36121,0.72521,0.64273,0.56735,0.74462,0.88652,0.25763,0.428529788,0.163427231,-0.352079336,0.005365096,-0.171277252,-0.046496472,-0.272072793
-0.55497,-0.24022,-0.3042,-0.614,-0.48492,-0.43284,-0.46379,0.075073,0.17437,0.11637,-0.046121,-0.10985,-0.11778,0.18964,0.32937,0.1981,0.0079129,0.061931,-0.02048,0.023795,0.36159,0.72521,0.64273,0.56735,0.74462,0.88652,0.25672,0.428529788,0.163427231,-0.351874834,0.005844712,-0.179528107,-0.045147408,-0.272072793
-0.55497,-0.24022,-0.31337,-0.63638,-0.50307,-0.41745,-0.4688,0.074706,0.17424,0.1551,-0.01681,-0.13238,-0.12764,0.18135,0.334,0.20097,0.0021889,0.059677,-0.02048,0.023795,0.36159,0.72521,0.6401,0.56735,0.74462,0.87789,0.25738,0.407591375,0.157449116,-0.33196811,0.008732582,-0.179780455,-0.044989619,-0.273136511
-0.55497,-0.24204,-0.34123,-0.63813,-0.50442,-0.41745,-0.46062,0.075442,0.17464,0.19439,-0.014757,-0.077206,-0.12773,0.16903,0.334,0.20608,0.035706,0.059677,-0.02048,0.023795,0.36159,0.72521,0.64077,0.56768,0.74554,0.87789,0.25738,0.40926838,0.156818293,-0.33196811,0.002760873,-0.17674306,-0.044767056,-0.273136511
-0.54608,-0.24204,-0.36919,-0.63832,-0.55128,-0.40662,-0.41213,0.059772,0.17464,0.16522,-0.014757,-0.071379,-0.096141,0.16903,0.334,0.20608,0.035706,0.059677,-0.013621,0.033769,0.36622,0.71348,0.62182,0.56307,0.74425,0.85952,0.30652,0.404688216,0.159601565,-0.333732315,-0.034007994,-0.183379488,-0.047564611,-0.24036696
-0.42039,-0.23058,-0.36919,-0.4876,-0.49015,-0.39242,-0.41213,0.058751,0.15549,0.16522,-0.014757,-0.071379,-0.096141,0.16903,0.33949,0.20608,0.035706,0.075453,0.023315,0.024784,0.38473,0.71137,0.59681,0.55936,0.70668,0.83011,0.33249,0.370940614,0.170952984,-0.15080426,-0.034007994,-0.188003776,-0.049129767,-0.24036696
-0.46102,-0.14153,-0.36371,-0.44603,-0.56314,-0.39242,-0.41213,0.058751,0.15549,0.16522,-0.014757,-0.071379,-0.096141,0.14005,0.33949,0.20772,0.012203,0.092454,0.0098374,0.025095,0.35138,0.72216,0.59504,0.54524,0.68597,0.78895,0.33249,0.36526797,0.192357547,-0.15080426,-0.034007994,-0.188003776,-0.049129767,-0.24036696
-0.45709,-0.17081,-0.36371,-0.44603,-0.56314,-0.39242,-0.38708,0.058751,0.15549,0.20959,0.014106,-0.039603,-0.092484,0.12185,0.32785,0.20548,0.013292,0.089959,0.0072099,0.026702,0.3611,0.70801,0.59504,0.53561,0.702,0.78895,0.33249,0.36526797,0.192357547,-0.15080426,-0.094625789,-0.188003776,-0.049129767,-0.221064814
-0.47931,-0.17081,-0.36371,-0.44603,-0.56314,-0.39122,-0.38708,0.060803,0.15589,0.21808,0.014106,-0.051679,-0.089491,0.12185,0.32785,0.20548,0.0089689,0.068234,0.051752,0.0028294,0.34171,0.70801,0.59504,0.53561,0.702,0.78895,0.23806,0.36526797,0.192357547,-0.136603206,-0.093813239,-0.166118675,-0.053862827,-0.006784371
-0.47931,-0.17081,-0.28007,-0.38976,-0.59118,-0.39122,-0.37821,0.051646,0.19503,0.20353,0.029583,-0.04019,-0.091536,0.12646,0.31088,0.19152,0.0062348,0.14734,0.051752,0.0028294,0.34171,0.70801,0.53597,0.53561,0.702,0.78895,0.23806,0.377272449,0.17005603,-0.136603206,-0.093813239,-0.175498286,-0.036632402,-0.006784371
-0.47931,-0.17081,-0.28007,-0.38976,-0.59118,-0.37668,-0.37821,0.051646,0.19503,0.20353,0.019727,-0.04019,-0.090576,0.12646,0.31088,0.23118,0.057251,0.14734,0.051752,0.0028294,0.34171,0.47,0.53597,0.54094,0.69726,0.78895,0.23983,0.377272449,0.17005603,-0.117263901,-0.103371935,-0.175498286,-0.036632402,0.018384469
-0.47931,-0.17081,-0.2945,-0.34071,-0.64304,-0.37668,-0.37821,-0.019284,0.18754,0.20353,0.019727,-0.032235,-0.074988,0.12646,0.31088,0.23118,0.057251,0.14515,0.051752,0.0028294,0.34171,0.4682,0.53855,0.54094,0.69726,0.76518,0.23983,0.195794011,0.167828608,-0.117263901,-0.126182674,-0.182700186,-0.044441558,0.018384469
-0.47931,-0.1463,-0.2945,-0.34071,-0.64304,-0.37668,-0.37821,-0.019284,0.18754,0.20353,0.019727,-0.032235,-0.074988,0.12646,0.30698,0.23118,0.057251,0.19119,0.075565,0.034688,0.31902,0.45959,0.52367,0.53366,0.63527,0.76498,0.22197,0.195794011,0.167828608,-0.0425513,-0.126182674,-0.179312483,0.017509175,0.018384469
-0.47576,-0.15372,-0.31978,-0.34071,-0.65512,-0.37668,-0.37821,-0.019284,0.18754,0.20353,0.019727,-0.032235,-0.074988,0.12646,0.3057,0.24032,0.075239,0.19351,0.097416,0.029603,0.30639,0.4575,0.47689,0.53516,0.64544,0.76498,0.22197,0.199703097,0.075486764,-0.0425513,-0.126182674,-0.179312483,0.017509175,0.018384469
-0.46758,-0.15252,-0.31978,-0.34071,-0.65512,-0.37668,-0.36699,-0.019284,0.18754,0.20353,0.011518,-0.028036,-0.074988,0.12949,0.30217,0.24121,0.085206,0.19578,0.1047,0.037435,0.32639,0.46812,0.47689,0.51888,0.62797,0.76498,0.22197,0.199703097,0.075486764,-0.0425513,-0.126182674,-0.179312483,0.017509175,0.018384469
-0.4827,-0.15252,-0.31978,-0.34071,-0.65512,-0.31931,-0.34146,-0.035898,0.12083,0.19649,0.0071633,-0.028036,-0.056059,0.099756,0.30117,0.24121,0.086285,0.067523,0.1784,0.029554,0.30079,0.46812,0.47689,0.51888,0.62797,0.76498,0.24343,0.199703097,0.075486764,-0.037134386,-0.133725711,-0.179312483,0.000857947,0.018384469
-0.4827,-0.15252,-0.32663,-0.35078,-0.61684,-0.29167,-0.33962,-0.041471,0.12095,0.16992,0.0071633,-0.063342,-0.056059,0.085031,0.30117,0.17265,0.096756,0.067523,0.1784,0.029554,0.30079,0.46812,0.43841,0.51888,0.62797,0.45772,0.24499,0.262163814,0.125908538,-0.068195875,-0.106835098,-0.179312483,0.02037699,0.194607089
-0.4827,-0.20148,-0.32378,-0.35774,-0.61684,-0.29026,-0.29818,-0.042929,0.12021,0.16992,0.048962,-0.079525,-0.069024,0.085031,0.30117,0.16836,0.099636,0.06938,0.1784,0.029554,0.30079,0.4458,0.43841,0.41768,0.59427,0.45945,0.24499,0.203732238,0.125187758,-0.050667864,-0.108294331,-0.226242387,0.022591518,0.218742962
-0.494,-0.19824,-0.32998,-0.37317,-0.61376,-0.338,-0.29818,-0.037096,0.1006,0.20987,0.048962,-0.079525,-0.061834,0.085031,0.30117,0.16836,0.099636,0.06938,0.19653,0.014287,0.30125,0.4458,0.43841,0.40596,0.60076,0.45945,0.25127,0.225502896,0.125506307,-0.051070115,-0.088620291,-0.212027137,0.039622533,0.218742962
-0.51507,-0.19824,-0.33271,-0.39969,-0.60822,-0.33804,-0.29818,-0.058024,0.071336,0.20987,0.048962,-0.079525,-0.061834,0.085031,0.30086,0.16836,0.099636,0.066642,0.19653,0.014287,0.27934,0.4458,0.44816,0.40596,0.60076,0.44268,0.25407,0.223571505,0.125506307,-0.085061175,-0.088620291,-0.210801486,0.041644932,0.218742962
-0.54352,-0.218,-0.33307,-0.39969,-0.59857,-0.33804,-0.29818,-0.058024,0.071336,0.20987,0.045631,-0.079525,-0.061834,0.089702,0.36095,0.16836,0.099178,0.083124,0.19472,0.014287,0.27573,0.44433,0.40547,0.40661,0.58835,0.44268,0.25407,0.208619978,0.123648718,-0.085061175,-0.088620291,-0.210801486,0.041644932,0.218742962
-0.54242,-0.21894,-0.33307,-0.39969,-0.59857,-0.33804,-0.29045,-0.058024,0.071336,0.21517,0.04519,-0.10412,-0.050042,0.09997,0.35836,0.16781,0.093246,0.084977,0.20358,0.024364,0.24231,0.46728,0.40547,0.42937,0.59522,0.44268,0.25407,0.208619978,0.123648718,-0.085061175,-0.089134526,-0.210801486,0.041644932,0.209039772
-0.55116,-0.21894,-0.33307,-0.39969,-0.59857,-0.3386,-0.28857,-0.068734,0.070049,0.22195,0.042133,-0.089312,-0.05931,0.099598,0.35839,0.16994,0.16811,0.087221,0.20158,0.036244,0.24515,0.46728,0.40547,0.42937,0.59522,0.44268,0.254,0.208619978,0.123648718,-0.081773064,-0.089819418,-0.25128003,0.041644932,-0.030245325
-0.55116,-0.21894,-0.33307,-0.3996,-0.59857,-0.33737,-0.28053,-0.06859,0.071238,0.22162,0.043339,-0.080316,-0.061626,0.099577,0.35543,0.20052,0.17086,0.084597,0.20158,0.036244,0.24515,0.46728,0.39727,0.42937,0.59522,0.44268,0.254,0.203677049,0.123648718,-0.076016397,-0.090996216,-0.252795676,0.041644932,-0.019144995
-0.55116,-0.21951,-0.32492,-0.39886,-0.59857,-0.3838,-0.28008,-0.038772,0.071238,0.22213,0.03685,-0.079714,-0.061626,0.068287,0.35543,0.19734,0.17086,0.084597,0.20158,0.036244,0.24515,0.46792,0.39416,0.42762,0.59522,0.4481,0.26138,0.203677049,0.123648718,-0.059291868,-0.093312532,-0.246320117,0.041644932,-0.013629964
-0.53249,-0.204,-0.32626,-0.39933,-0.59857,-0.38184,-0.27935,-0.037714,0.063929,0.20487,0.03685,-0.078406,-0.061626,0.068287,0.35543,0.19734,0.17086,0.086264,0.2085,0.028916,0.25026,0.39115,0.38904,0.41822,0.59522,0.43209,0.26102,0.201918824,0.123648718,-0.059126807,-0.093699692,-0.246349236,0.051980029,-0.041081228
-0.53249,-0.19652,-0.32407,-0.39694,-0.5924,-0.38681,-0.27935,-0.037679,0.063929,0.20487,0.03685,-0.078406,-0.061626,0.068287,0.35708,0.19734,0.17086,0.084597,0.20873,0.070818,0.25026,0.39583,0.38583,0.41733,0.59808,0.43175,0.26281,0.202651314,0.128690973,-0.058433159,-0.093699692,-0.23594954,0.051980029,-0.041081228
-0.53249,-0.19526,-0.31543,-0.40107,-0.57958,-0.38681,-0.27935,-0.037679,0.063929,0.20487,0.025099,-0.078406,-0.061626,0.065663,0.35565,0.20218,0.17086,0.081885,0.2096,0.069253,0.25048,0.39746,0.37467,0.40943,0.59808,0.4335,0.26281,0.204935565,0.128690973,-0.058433159,-0.093699692,-0.23594954,0.051980029,-0.041081228
-0.53158,-0.19798,-0.31543,-0.40107,-0.57958,-0.38681,-0.27254,-0.037679,0.063929,0.22314,0.028463,-0.081538,-0.061826,0.059854,0.35741,0.19995,0.17016,0.083512,0.2037,0.065864,0.25048,0.37371,0.37467,0.4031,0.59893,0.4335,0.26281,0.204935565,0.128690973,-0.058433159,-0.102297298,-0.23594954,0.051980029,-0.066695649
-0.53158,-0.19798,-0.31543,-0.40107,-0.57958,-0.38681,-0.27255,-0.033527,0.064309,0.22501,0.028711,-0.065786,-0.062052,0.066807,0.3574,0.20036,0.17016,0.07486,0.20776,0.053112,0.25048,0.37371,0.37467,0.4031,0.59893,0.4335,0.27662,0.204935565,0.128690973,-0.050009795,-0.102049892,-0.236761759,0.051980029,-0.063030496
-0.53158,-0.19798,-0.33869,-0.41541,-0.57958,-0.38713,-0.26739,-0.038486,0.064309,0.21612,0.021471,-0.065727,-0.062052,0.066805,0.36099,0.19991,0.17016,0.079301,0.20776,0.053112,0.25048,0.37371,0.37558,0.4031,0.59893,0.4335,0.27659,0.19200007,0.128690973,-0.050044629,-0.100680666,-0.237317996,0.051980029,-0.07628471
-0.53158,-0.17937,-0.33861,-0.40626,-0.57958,-0.39032,-0.26739,-0.038471,0.064309,0.22393,0.0096795,-0.06573,-0.062052,0.066805,0.36099,0.19768,0.17016,0.079301,0.20776,0.053112,0.25048,0.37494,0.37043,0.4031,0.59893,0.42179,0.28007,0.190422775,0.128690973,-0.038255184,-0.098861488,-0.236751222,0.051980029,-0.07628471
-0.53692,-0.17876,-0.33961,-0.3996,-0.57524,-0.39242,-0.28928,-0.035637,0.069978,0.20878,0.0096795,-0.044363,-0.067501,0.066805,0.36099,0.19768,0.17016,0.079301,0.20776,0.053792,0.25124,0.37695,0.3716,0.4031,0.59081,0.42163,0.28708,0.195135473,0.136206186,-0.056352362,-0.09957714,-0.238564121,0.046042841,-0.104312736
-0.53281,-0.11673,-0.27597,-0.3996,-0.61426,-0.37577,-0.28928,-0.035637,0.070066,0.20878,0.0096795,-0.044363,-0.067501,0.066805,0.36702,0.19768,0.17016,0.079301,0.21205,0.053792,0.25195,0.37131,0.36786,0.39156,0.59226,0.39352,0.28938,0.195135473,0.136206186,-0.049089621,-0.09957714,-0.238564121,0.043141159,-0.104312736
-0.51168,-0.22597,-0.21044,-0.34929,-0.61479,-0.37577,-0.28928,-0.035637,0.070066,0.20878,0.021044,-0.044363,-0.067501,0.066805,0.36168,0.19985,0.17648,0.06054,0.20415,0.049682,0.25564,0.37772,0.38792,0.39156,0.59724,0.37649,0.28938,0.201473446,0.140472144,-0.049089621,-0.09957714,-0.238564121,0.043141159,-0.104312736
-0.52461,-0.17163,-0.21044,-0.34929,-0.61479,-0.37577,-0.28906,-0.035637,0.070066,0.1891,0.019563,-0.088753,-0.067704,0.059371,0.3577,0.17495,0.17668,0.042367,0.19213,0.07944,0.25564,0.35177,0.38792,0.424,0.59433,0.37649,0.28938,0.201473446,0.140472144,-0.049089621,-0.111165763,-0.238564121,0.043141159,-0.092829599
-0.50756,-0.17163,-0.21044,-0.34929,-0.61479,-0.3715,-0.28906,-0.035637,0.065243,0.14698,0.019563,-0.091165,-0.065779,0.035498,0.35711,0.1479,0.17919,0.048548,0.18883,0.10914,0.27059,0.35177,0.38792,0.424,0.59433,0.37649,0.29299,0.201473446,0.140472144,-0.049374368,-0.105707262,-0.235964955,0.046509126,-0.062976574
-0.50756,-0.17163,-0.18986,-0.32561,-0.61479,-0.3875,-0.26765,-0.034137,0.068058,0.14896,-0.0069526,-0.090871,-0.045981,0.039827,0.37408,0.1308,0.16926,0.067853,0.18883,0.10914,0.27059,0.35177,0.38316,0.424,0.59433,0.36769,0.27782,0.205105543,0.129193556,-0.049973888,-0.045504507,-0.2080336,0.048568825,-0.148856931
-0.50756,-0.17163,-0.21751,-0.25539,-0.6223,-0.37577,-0.26765,-0.02934,0.09366,0.16076,-0.0069526,-0.11785,-0.035959,0.04998,0.37408,0.14621,0.17099,0.067853,0.18883,0.10914,0.27059,0.37463,0.39626,0.4279,0.61305,0.30916,0.27782,0.204258043,0.114762206,0.049623544,-0.045504507,-0.21281315,0.052082778,-0.077305514
-0.40877,-0.16887,-0.21751,-0.16416,-0.61641,-0.37577,-0.26417,-0.043557,0.09309,0.16076,-0.0069526,-0.13131,-0.072828,0.04998,0.37408,0.14621,0.17099,0.067853,0.1647,0.18495,0.27105,0.36584,0.40896,0.48391,0.61093,0.30731,0.2919,0.265508125,0.12023269,0.049623544,-0.037685234,-0.1963701,0.055116991,-0.066701978
-0.36363,-0.16887,-0.19528,-0.16416,-0.59982,-0.36814,-0.26417,-0.043557,0.094916,0.16076,-0.0069526,-0.13131,-0.072828,0.04998,0.37408,0.14621,0.17099,0.076934,0.1647,0.18495,0.27967,0.36584,0.40896,0.48391,0.60691,0.29534,0.2919,0.265508125,0.108161899,0.064173682,-0.037685234,-0.1963701,0.066935329,-0.066701978
-0.36363,-0.1336,-0.19528,-0.12054,-0.59982,-0.36814,-0.26417,-0.043557,0.094916,0.16076,-0.017026,-0.13131,-0.072828,0.064763,0.35897,0.14621,0.17099,0.076934,0.15546,0.20595,0.27967,0.36584,0.4321,0.50081,0.61656,0.27164,0.2919,0.276555709,0.022939904,0.064173682,-0.037685234,-0.1963701,0.066935329,-0.066701978
-0.34669,-0.1336,-0.19528,-0.12054,-0.59982,-0.36814,-0.26417,-0.043557,0.094916,0.16458,-0.017026,-0.13131,-0.070084,0.078243,0.35897,0.14621,0.17329,0.07249,0.15546,0.20595,0.32646,0.36584,0.4321,0.50081,0.59128,0.27164,0.2919,0.276555709,0.022939904,0.064173682,-0.037685234,-0.1963701,0.066935329,-0.066701978
-0.33268,-0.1336,-0.19528,-0.12054,-0.59982,-0.29134,-0.30421,-0.028437,0.12379,0.17073,0.046531,-0.14654,-0.047754,0.084695,0.33245,0.14733,0.1671,0.07249,0.14054,0.21104,0.32646,0.36584,0.4321,0.50081,0.59128,0.27164,0.25413,0.276555709,0.022939904,0.064173682,0.001119214,-0.19244438,0.069147669,-0.066701978
-0.33268,-0.1336,-0.18978,-0.12054,-0.5897,-0.36472,-0.3044,-0.028437,0.14379,0.12718,0.056259,-0.14654,-0.037221,0.094906,0.32998,0.14733,0.15434,0.086198,0.14054,0.21104,0.32646,0.36584,0.4321,0.50081,0.59128,0.27164,0.30933,0.276555709,0.006206695,0.062599958,0.027359184,-0.19244438,0.069147669,-0.066701978
-0.33268,-0.10754,-0.18551,-0.081306,-0.58575,-0.36659,-0.30726,-0.021667,0.13483,0.13082,0.055678,-0.16206,-0.040414,0.095423,0.32998,0.03482,0.1584,0.086198,0.14054,0.21104,0.32646,0.36584,0.4321,0.50332,0.59537,0.22983,0.31403,0.307069958,0.001638895,-0.010375476,0.023389507,-0.190190698,0.057307991,-0.055214982
-0.33268,-0.10752,-0.19504,-0.080858,-0.57828,-0.38758,-0.26562,-0.0073867,0.046185,0.1063,0.055678,-0.15426,-0.037295,0.095423,0.32998,0.03482,0.1584,0.086198,0.14054,0.26065,0.33395,0.36584,0.44585,0.56957,0.63013,0.22544,0.31793,0.298602404,0.014858453,-0.007149766,0.016285093,-0.175958992,0.060707497,-0.053449608
-0.33423,-0.14658,-0.19584,-0.080858,-0.58394,-0.42339,-0.26562,-0.0073867,0.028587,0.1063,0.055678,-0.15426,-0.037295,0.095423,0.32998,0.03482,0.1584,0.086198,0.12437,0.2824,0.3724,0.3554,0.44422,0.58957,0.62769,0.21421,0.31793,0.298602404,0.015849542,-0.007575276,0.016285093,-0.166437318,-0.029385132,-0.053449608
-0.33333,-0.15042,-0.19571,-0.071494,-0.55798,-0.42339,-0.26562,-0.0073867,0.028587,0.1063,0.04835,-0.15827,-0.037295,0.099398,0.32998,0.037189,0.19878,0.091696,0.12353,0.27994,0.37354,0.34812,0.44422,0.58957,0.61542,0.21266,0.31793,0.284428796,0.013652625,-0.007575276,0.016285093,-0.166437318,-0.029385132,-0.053449608
-0.33333,-0.1492,-0.19571,-0.071494,-0.55798,-0.42339,-0.26562,-0.0073867,0.028587,0.1063,0.045821,-0.14521,-0.05482,0.099398,0.3341,0.040406,0.20819,0.091696,0.12418,0.27994,0.38165,0.39751,0.44422,0.58957,0.61542,0.21266,0.31793,0.284428796,0.013652625,-0.007575276,0.016285093,-0.166437318,-0.029385132,-0.052949375
-0.33217,-0.1492,-0.19571,-0.071494,-0.55798,-0.42173,-0.26562,0.012166,0.052643,0.089289,0.047916,-0.14521,-0.071775,0.075598,0.33414,0.040406,0.20819,0.092797,0.098316,0.28006,0.38165,0.39751,0.44422,0.58957,0.61542,0.21266,0.31784,0.284428796,0.013652625,-0.007575276,0.017412899,-0.166437318,-0.072814543,-0.046489957
-0.33217,-0.1492,-0.20464,-0.071494,-0.55798,-0.41835,-0.26399,0.012166,0.052643,0.084207,0.05228,-0.14521,-0.071775,0.071574,0.33087,0.039369,0.20729,0.10693,0.098316,0.28006,0.38165,0.39751,0.44291,0.58957,0.61542,0.21608,0.31746,0.284428796,0.013652625,-0.00818082,0.016395026,-0.165735401,-0.072814543,-0.071829924
-0.33217,-0.16679,-0.2038,-0.070258,-0.55798,-0.41586,-0.26149,0.012077,0.052643,0.083833,0.05433,-0.14689,-0.07451,0.070459,0.33087,-0.022308,0.20292,0.10693,0.098316,0.28006,0.38165,0.40139,0.47046,0.58962,0.61542,0.21752,0.317777815,0.289194755,0.023282283,-0.007681656,0.017569843,-0.165810194,-0.048430267,-0.132087666
-0.32313,-0.17123,-0.19749,-0.044688,-0.55386,-0.41995,-0.26088,0.0049981,0.056424,0.084254,0.05433,-0.14698,-0.07629,0.070459,0.33087,-0.022308,0.20292,0.10693,0.098134,0.28189,0.38112,0.4021,0.46965,0.59237,0.61526,0.21615,0.318008827,0.286072657,0.023398122,-0.011155994,0.031870375,-0.161296329,-0.050122223,-0.130569622
-0.32368,-0.17123,-0.19849,-0.045277,-0.55698,-0.41984,-0.26088,-0.012512,0.056788,0.084254,0.05433,-0.14698,-0.07629,0.070459,0.32862,-0.022308,0.20292,0.10553,0.098758,0.36046,0.37258,0.39319,0.46891,0.64877,0.61136,0.21614,0.310907113,0.293346001,0.024458658,-0.014155015,0.031870375,-0.142145908,-0.049586445,-0.130569622
-0.31074,-0.16942,-0.20138,-0.04714,-0.5521,-0.41984,-0.26088,-0.012512,0.056788,0.084254,0.054263,-0.14698,-0.07629,0.06826,0.32744,-0.030176,0.22581,0.1107,0.099476,0.37236,0.40791,0.39489,0.46399,0.66426,0.61963,0.20942,0.310907113,0.298961279,0.025081262,-0.014155015,0.031870375,-0.142145908,-0.049586445,-0.130569622
-0.3089,-0.16485,-0.20138,-0.04714,-0.5521,-0.41984,-0.26636,-0.012512,0.056788,0.082386,0.054263,-0.14399,-0.077501,0.069707,0.32747,-0.030176,0.22581,0.11144,0.096326,0.37141,0.40936,0.38769,0.46399,0.66492,0.63044,0.20942,0.310907113,0.298961279,0.025081262,-0.014155015,0.031870375,-0.142145908,-0.049586445,-0.17457426
-0.3089,-0.16485,-0.20138,-0.04714,-0.5521,-0.41922,-0.26529,-0.011937,0.064007,0.087073,0.050322,-0.14328,-0.077133,0.068181,0.32405,-0.025215,0.2239,0.11102,0.095248,0.37225,0.40848,0.38769,0.46399,0.66492,0.63044,0.20942,0.316003786,0.298961279,0.025081262,-0.012767104,0.035342029,-0.142145908,-0.045278037,-0.174253132
-0.3089,-0.16485,-0.20002,-0.04714,-0.5525,-0.41876,-0.26591,-0.0072465,0.064918,0.081972,0.065859,-0.14328,-0.077042,0.065397,0.32257,-0.023056,0.22179,0.12004,0.095248,0.37225,0.40848,0.38769,0.4636,0.66492,0.63044,0.20434,0.313995868,0.303321543,0.025081262,-0.005981804,0.032133701,-0.142365151,-0.045278037,-0.175841653
-0.3089,-0.15869,-0.20158,-0.030553,-0.55261,-0.41876,-0.26747,-0.010444,0.062203,0.081972,0.065307,-0.14007,-0.074855,0.065397,0.32257,-0.025601,0.21609,0.12004,0.095248,0.37225,0.40848,0.38769,0.46512,0.66407,0.63044,0.20434,0.313995868,0.300932702,0.022900611,-0.005981804,0.032133701,-0.140263367,-0.049298072,-0.473219317
-0.30843,-0.15869,-0.19588,-0.022428,-0.55455,-0.41329,-0.26752,-0.011259,0.058763,0.083824,0.065307,-0.15717,-0.061663,0.065397,0.32257,-0.025601,0.21609,0.12004,0.093972,0.36449,0.4093,0.38867,0.4652,0.65768,0.61237,0.20005,0.313995868,0.300932702,0.024445276,-0.005981804,0.032133701,-0.139343304,-0.047555208,-0.473219317
-0.33576,-0.14771,-0.1936,-0.022428,-0.5549,-0.41343,-0.26752,-0.011259,0.057778,0.083824,0.065307,-0.15717,-0.061663,0.065397,0.32621,-0.025601,0.21609,0.11943,0.094576,0.36449,0.39881,0.38234,0.4741,0.65768,0.61175,0.20005,0.313995868,0.300932702,0.023167843,-0.005981804,0.032133701,-0.139343304,-0.052384252,-0.473219317
-0.31845,-0.13388,-0.1878,-0.023288,-0.5544,-0.41343,-0.26752,-0.011259,0.057778,0.083824,0.063657,-0.15717,-0.061663,0.065987,0.32614,-0.021969,0.21439,0.11894,0.095792,0.36778,0.36428,0.39388,0.47121,0.66631,0.61175,0.20005,0.313995868,0.300932702,0.023167843,-0.005981804,0.032133701,-0.139343304,-0.052384252,-0.473219317
-0.31722,-0.13483,-0.1878,-0.023288,-0.5544,-0.41343,-0.26542,-0.011259,0.057778,0.086687,0.070554,-0.15875,-0.058538,0.065824,0.30114,-0.021914,0.21502,0.10767,0.095792,0.36778,0.36442,0.39388,0.47121,0.66693,0.62694,0.20005,0.313995868,0.300932702,0.023167843,-0.005981804,0.032133701,-0.139343304,-0.052384252,-0.473219317
-0.32303,-0.13483,-0.1878,-0.023288,-0.5544,-0.4117,-0.2431,-0.0026251,0.068114,0.086095,0.088401,-0.15885,-0.058504,0.062172,0.29496,-0.021888,0.21635,0.10767,0.072563,0.36757,0.36065,0.39388,0.47121,0.66693,0.62694,0.20005,0.313995868,0.300932702,0.023167843,-0.005981804,0.032133701,-0.139343304,-0.052384252,-0.473219317
-0.32303,-0.13483,-0.1878,-0.010724,-0.55255,-0.40495,-0.2431,-0.0026251,0.067103,0.074672,0.088401,-0.16968,-0.053382,0.066987,0.30099,-0.030434,0.21635,0.10767,0.072563,0.36757,0.36065,0.39388,0.4703,0.66693,0.62694,0.20005,0.313995868,0.300932702,0.023167843,-0.005981804,0.032133701,-0.139343304,-0.052384252,-0.473219317
-0.32303,-0.10534,-0.18498,-0.072833,-0.55544,-0.40035,-0.2431,-0.00028101,0.045238,0.077354,0.088401,-0.15862,-0.043084,0.088179,0.30099,-0.040151,0.20828,0.10767,0.072563,0.36757,0.36065,0.39136,0.45759,0.65033,0.63571,0.20005,0.313995868,0.300932702,0.023167843,-0.005981804,0.032133701,-0.139343304,-0.052384252,-0.473219317
-0.33969,-0.026165,-0.18498,-0.089573,-0.55307,-0.40035,-0.2431,-0.0019291,0.040771,0.062427,0.088401,-0.11513,-0.042166,0.088179,0.30099,-0.040151,0.20828,0.10767,0.070509,0.35988,0.35189,0.39167,0.47484,0.64562,0.63738,0.20005,0.313995868,0.300932702,0.023167843,-0.005981804,0.032133701,-0.139343304,-0.052384252,-0.473219317
-0.35189,-0.053238,-0.18498,-0.086513,-0.53937,-0.40694,-0.2431,8.36E-05,0.037261,0.062427,0.088401,-0.11513,-0.042166,0.088179,0.30099,-0.040151,0.20828,0.1066,0.071828,0.35552,0.34998,0.39868,0.41317,0.64439,0.63871,0.20005,0.313995868,0.300932702,0.023167843,-0.005981804,0.032133701,-0.139343304,-0.052384252,-0.473219317
-0.3593,-0.047975,-0.18498,-0.10534,-0.52098,-0.40694,-0.2431,8.36E-05,0.037261,0.062427,0.088401,-0.11513,-0.042166,0.088179,0.30099,-0.034245,0.21088,0.096258,0.067034,0.35599,0.35091,0.39868,0.41317,0.64296,0.63442,0.20005,0.313995868,0.300932702,0.023167843,-0.005981804,0.032133701,-0.139343304,-0.052384252,-0.473219317
-0.3593,-0.047975,-0.18498,-0.10534,-0.52098,-0.40694,-0.2431,8.36E-05,0.037261,0.061924,0.088401,-0.12238,-0.040693,0.088921,0.31672,-0.012445,0.20352,0.096258,0.059332,0.33057,0.34914,0.39611,0.41317,0.57305,0.64503,0.20005,0.313995868,0.300932702,0.023167843,-0.005981804,0.032133701,-0.139343304,-0.052384252,-0.473219317
-0.32647,-0.047975,-0.18498,-0.10534,-0.52098,-0.40637,-0.2431,0.0087928,0.015663,0.061924,0.088401,-0.12238,-0.0069168,0.09313,0.31672,-0.012445,0.17508,0.087147,0.059882,0.33057,0.37378,0.39611,0.41317,0.57305,0.64503,0.20005,0.313995868,0.300932702,0.023167843,-0.005981804,0.032133701,-0.139343304,-0.052384252,-0.473219317
-0.32647,-0.047975,-0.18498,-0.10534,-0.51944,-0.39558,-0.2431,0.0091516,0.015663,0.059206,0.088401,-0.11338,-0.0069168,0.09313,0.30742,-0.014008,0.17508,0.088107,0.059882,0.33057,0.37378,0.39611,0.41116,0.57305,0.64503,0.20005,0.313995868,0.300932702,0.023167843,-0.005981804,0.032133701,-0.139343304,-0.052384252,-0.473219317
-0.32647,-0.060435,-0.18498,-0.10534,-0.51944,-0.39779,-0.2431,0.0081924,0.015145,0.047022,0.088401,-0.11338,-0.0090245,0.09313,0.30742,-0.011396,0.17517,0.088107,0.059882,0.33057,0.37378,0.39611,0.41049,0.57305,0.64503,0.20005,0.313995868,0.300932702,0.023167843,-0.005981804,0.032133701,-0.139343304,-0.052384252,-0.473219317
-0.32647,-0.05993,-0.18498,-0.12817,-0.51225,-0.39779,-0.2431,-0.0014747,0.015145,0.047022,0.088401,-0.11274,-0.011876,0.09313,0.30742,-0.011396,0.17517,0.088107,0.059882,0.33012,0.37378,0.395,0.41049,0.57417,0.64503,0.20005,0.313995868,0.300932702,0.023167843,-0.005981804,0.032133701,-0.139343304,-0.052384252,-0.473219317
-0.33554,-0.05993,-0.18498,-0.12511,-0.517,-0.39779,-0.2431,-0.0014747,0.013929,0.047022,0.088401,-0.11274,-0.011876,0.09313,0.30742,-0.011396,0.17517,0.088107,0.059882,0.32939,0.37273,0.395,0.41049,0.57417,0.64452,0.20005,0.313995868,0.300932702,0.023167843,-0.005981804,0.032133701,-0.139343304,-0.052384252,-0.473219317
-0.31496,-0.05993,-0.18498,-0.12511,-0.517,-0.39779,-0.2431,-0.0014747,0.013929,0.047022,0.088401,-0.11274,-0.011876,0.09313,0.30742,-0.011396,0.17517,0.088107,0.059882,0.32939,0.37273,0.395,0.41049,0.57417,0.64452,0.20005,0.313995868,0.300932702,0.023167843,-0.005981804,0.032133701,-0.139343304,-0.052384252,-0.473219317
-0.31496,-0.05993,-0.18498,-0.12511,-0.517,-0.39779,-0.2431,-0.0014747,0.013929,0.047022,0.088401,-0.11274,-0.011876,0.09313,0.30742,-0.011396,0.17517,0.088107,0.059882,0.32939,0.37273,0.395,0.41049,0.57417,0.64452,0.20005,0.313995868,0.300932702,0.023167843,-0.005981804,0.032133701,-0.139343304,-0.052384252,-0.473219317
-0.31496,-0.05993,-0.18498,-0.12511,-0.517,-0.39779,-0.2431,-0.0014747,0.013929,0.047022,0.088401,-0.11274,-0.011876,0.09313,0.30742,-0.011396,0.17517,0.088107,0.059882,0.32939,0.37273,0.395,0.41049,0.57417,0.64452,0.20005,0.313995868,0.300932702,0.023167843,-0.005981804,0.032133701,-0.139343304,-0.052384252,-0.473219317
-0.31496,-0.05993,-0.18498,-0.12511,-0.517,-0.39779,-0.2431,-0.0014747,0.013929,0.047022,0.088401,-0.11274,-0.011876,0.09313,0.30742,-0.011396,0.17517,0.088107,0.059882,0.32939,0.37273,0.395,0.41049,0.57417,0.64452,0.20005,0.313995868,0.300932702,0.023167843,-0.005981804,0.032133701,-0.139343304,-0.052384252,-0.473219317
-0.31496,-0.05993,-0.18498,-0.12511,-0.517,-0.39779,-0.2431,-0.0014747,0.013929,0.047022,0.088401,-0.11274,-0.011876,0.09313,0.30742,-0.011396,0.17517,0.088107,0.059882,0.32939,0.37273,0.395,0.41049,0.57417,0.64452,0.20005,0.313995868,0.300932702,0.023167843,-0.005981804,0.032133701,-0.139343304,-0.052384252,-0.473219317
-0.31496,-0.05993,-0.18498,-0.12511,-0.517,-0.39779,-0.2431,-0.0014747,0.013929,0.047022,0.088401,-0.11274,-0.011876,0.09313,0.30742,-0.011396,0.17517,0.088107,0.059882,0.32939,0.37273,0.395,0.41049,0.57417,0.64452,0.20005,0.313995868,0.300932702,0.023167843,-0.005981804,0.032133701,-0.139343304,-0.052384252,-0.473219317
-0.31496,-0.05993,-0.18498,-0.12511,-0.517,-0.39779,-0.2431,-0.0014747,0.013929,0.047022,0.088401,-0.11274,-0.011876,0.09313,0.30742,-0.011396,0.17517,0.088107,0.059882,0.32939,0.37273,0.395,0.41049,0.57417,0.64452,0.20005,0.313995868,0.300932702,0.023167843,-0.005981804,0.032133701,-0.139343304,-0.052384252,-0.473219317
-0.31496,-0.05993,-0.18498,-0.12511,-0.517,-0.39779,-0.2431,-0.0014747,0.013929,0.047022,0.088401,-0.11274,-0.011876,0.09313,0.30742,-0.011396,0.17517,0.088107,0.059882,0.32939,0.37273,0.395,0.41049,0.57417,0.64452,0.20005,0.313995868,0.300932702,0.023167843,-0.005981804,0.032133701,-0.139343304,-0.052384252,-0.473219317
-0.31496,-0.05993,-0.18498,-0.12511,-0.517,-0.39779,-0.2431,-0.0014747,0.013929,0.047022,0.088401,-0.11274,-0.011876,0.09313,0.30742,-0.011396,0.17517,0.088107,0.059882,0.32939,0.37273,0.395,0.41049,0.57417,0.64452,0.20005,0.313995868,0.300932702,0.023167843,-0.005981804,0.032133701,-0.139343304,-0.052384252,-0.473219317
-0.31496,-0.05993,-0.18498,-0.12511,-0.517,-0.39779,-0.2431,-0.0014747,0.013929,0.047022,0.088401,-0.11274,-0.011876,0.09313,0.30742,-0.011396,0.17517,0.088107,0.059882,0.32939,0.37273,0.395,0.41049,0.57417,0.64452,0.20005,0.313995868,0.300932702,0.023167843,-0.005981804,0.032133701,-0.139343304,-0.052384252,-0.473219317
-0.31496,-0.05993,-0.18498,-0.12511,-0.517,-0.39779,-0.2431,-0.0014747,0.013929,0.047022,0.088401,-0.11274,-0.011876,0.09313,0.30742,-0.011396,0.17517,0.088107,0.059882,0.32939,0.37273,0.395,0.41049,0.57417,0.64452,0.20005,0.313995868,0.300932702,0.023167843,-0.005981804,0.032133701,-0.139343304,-0.052384252,-0.473219317
-0.31496,-0.05993,-0.18498,-0.12511,-0.517,-0.39779,-0.2431,-0.0014747,0.013929,0.047022,0.088401,-0.11274,-0.011876,0.09313,0.30742,-0.011396,0.17517,0.088107,0.059882,0.32939,0.37273,0.395,0.41049,0.57417,0.64452,0.20005,0.313995868,0.300932702,0.023167843,-0.005981804,0.032133701,-0.139343304,-0.052384252,-0.473219317
-0.31496,-0.05993,-0.18498,-0.12511,-0.517,-0.39779,-0.2431,-0.0014747,0.013929,0.047022,0.088401,-0.11274,-0.011876,0.09313,0.30742,-0.011396,0.17517,0.088107,0.059882,0.32939,0.37273,0.395,0.41049,0.57417,0.64452,0.20005,0.313995868,0.300932702,0.023167843,-0.005981804,0.032133701,-0.139343304,-0.052384252,-0.473219317
-0.31496,-0.05993,-0.18498,-0.12511,-0.517,-0.39779,-0.2431,-0.0014747,0.013929,0.047022,0.088401,-0.11274,-0.011876,0.09313,0.30742,-0.011396,0.17517,0.088107,0.059882,0.32939,0.37273,0.395,0.41049,0.57417,0.64452,0.20005,0.313995868,0.300932702,0.023167843,-0.005981804,0.032133701,-0.139343304,-0.052384252,-0.473219317
-0.31496,-0.05993,-0.18498,-0.12511,-0.517,-0.39779,-0.2431,-0.0014747,0.013929,0.047022,0.088401,-0.11274,-0.011876,0.09313,0.30742,-0.011396,0.17517,0.088107,0.059882,0.32939,0.37273,0.395,0.41049,0.57417,0.64452,0.20005,0.313995868,0.300932702,0.023167843,-0.005981804,0.032133701,-0.139343304,-0.052384252,-0.473219317
-0.31496,-0.05993,-0.18498,-0.12511,-0.517,-0.39779,-0.2431,-0.0014747,0.013929,0.047022,0.088401,-0.11274,-0.011876,0.09313,0.30742,-0.011396,0.17517,0.088107,0.059882,0.32939,0.37273,0.395,0.41049,0.57417,0.64452,0.20005,0.313995868,0.300932702,0.023167843,-0.005981804,0.032133701,-0.139343304,-0.052384252,-0.473219317
-0.31496,-0.05993,-0.18498,-0.12511,-0.517,-0.39779,-0.2431,-0.0014747,0.013929,0.047022,0.088401,-0.11274,-0.011876,0.09313,0.30742,-0.011396,0.17517,0.088107,0.059882,0.32939,0.37273,0.395,0.41049,0.57417,0.64452,0.20005,0.313995868,0.300932702,0.023167843,-0.005981804,0.032133701,-0.139343304,-0.052384252,-0.473219317
-0.31496,-0.05993,-0.18498,-0.12511,-0.517,-0.39779,-0.2431,-0.0014747,0.013929,0.047022,0.088401,-0.11274,-0.011876,0.09313,0.30742,-0.011396,0.17517,0.088107,0.059882,0.32939,0.37273,0.395,0.41049,0.57417,0.64452,0.20005,0.313995868,0.300932702,0.023167843,-0.005981804,0.032133701,-0.139343304,-0.052384252,-0.473219317
-0.31496,-0.05993,-0.18498,-0.12511,-0.517,-0.39779,-0.2431,-0.0014747,0.013929,0.047022,0.088401,-0.11274,-0.011876,0.09313,0.30742,-0.011396,0.17517,0.088107,0.059882,0.32939,0.37273,0.395,0.41049,0.57417,0.64452,0.20005,0.313995868,0.300932702,0.023167843,-0.005981804,0.032133701,-0.139343304,-0.052384252,-0.473219317
-0.31496,-0.05993,-0.18498,-0.12511,-0.517,-0.39779,-0.2431,-0.0014747,0.013929,0.047022,0.088401,-0.11274,-0.011876,0.09313,0.30742,-0.011396,0.17517,0.088107,0.059882,0.32939,0.37273,0.395,0.41049,0.57417,0.64452,0.20005,0.313995868,0.300932702,0.023167843,-0.005981804,0.032133701,-0.139343304,-0.052384252,-0.473219317
-0.31496,-0.05993,-0.18498,-0.12511,-0.517,-0.39779,-0.2431,-0.0014747,0.013929,0.047022,0.088401,-0.11274,-0.011876,0.09313,0.30742,-0.011396,0.17517,0.088107,0.059882,0.32939,0.37273,0.395,0.41049,0.57417,0.64452,0.20005,0.313995868,0.300932702,0.023167843,-0.005981804,0.032133701,-0.139343304,-0.052384252,-0.473219317
-0.31496,-0.05993,-0.18498,-0.12511,-0.517,-0.39779,-0.2431,-0.0014747,0.013929,0.047022,0.088401,-0.11274,-0.011876,0.09313,0.30742,-0.011396,0.17517,0.088107,0.059882,0.32939,0.37273,0.395,0.41049,0.57417,0.64452,0.20005,0.313995868,0.300932702,0.023167843,-0.005981804,0.032133701,-0.139343304,-0.052384252,-0.473219317
-0.31496,-0.05993,-0.18498,-0.12511,-0.517,-0.39779,-0.2431,-0.0014747,0.013929,0.047022,0.088401,-0.11274,-0.011876,0.09313,0.30742,-0.011396,0.17517,0.088107,0.059882,0.32939,0.37273,0.395,0.41049,0.57417,0.64452,0.20005,0.313995868,0.300932702,0.023167843,-0.005981804,0.032133701,-0.139343304,-0.052384252,-0.473219317
-0.31496,-0.05993,-0.18498,-0.12511,-0.517,-0.39779,-0.2431,-0.0014747,0.013929,0.047022,0.088401,-0.11274,-0.011876,0.09313,0.30742,-0.011396,0.17517,0.088107,0.059882,0.32939,0.37273,0.395,0.41049,0.57417,0.64452,0.20005,0.313995868,0.300932702,0.023167843,-0.005981804,0.032133701,-0.139343304,-0.052384252,-0.473219317
-0.31496,-0.05993,-0.18498,-0.12511,-0.517,-0.39779,-0.2431,-0.0014747,0.013929,0.047022,0.088401,-0.11274,-0.011876,0.09313,0.30742,-0.011396,0.17517,0.088107,0.059882,0.32939,0.37273,0.395,0.41049,0.57417,0.64452,0.20005,0.313995868,0.300932702,0.023167843,-0.005981804,0.032133701,-0.139343304,-0.052384252,-0.473219317
-0.31496,-0.05993,-0.18498,-0.12511,-0.517,-0.39779,-0.2431,-0.0014747,0.013929,0.047022,0.088401,-0.11274,-0.011876,0.09313,0.30742,-0.011396,0.17517,0.088107,0.059882,0.32939,0.37273,0.395,0.41049,0.57417,0.64452,0.20005,0.313995868,0.300932702,0.023167843,-0.005981804,0.032133701,-0.139343304,-0.052384252,-0.473219317
-0.31496,-0.05993,-0.18498,-0.12511,-0.517,-0.39779,-0.2431,-0.0014747,0.013929,0.047022,0.088401,-0.11274,-0.011876,0.09313,0.30742,-0.011396,0.17517,0.088107,0.059882,0.32939,0.37273,0.395,0.41049,0.57417,0.64452,0.20005,0.313995868,0.300932702,0.023167843,-0.005981804,0.032133701,-0.139343304,-0.052384252,-0.473219317
-0.31496,-0.05993,-0.18498,-0.12511,-0.517,-0.39779,-0.2431,-0.0014747,0.013929,0.047022,0.088401,-0.11274,-0.011876,0.09313,0.30742,-0.011396,0.17517,0.088107,0.059882,0.32939,0.37273,0.395,0.41049,0.57417,0.64452,0.20005,0.313995868,0.300932702,0.023167843,-0.005981804,0.032133701,-0.139343304,-0.052384252,-0.473219317
-0.31496,-0.05993,-0.18498,-0.12511,-0.517,-0.39779,-0.2431,-0.0014747,0.013929,0.047022,0.088401,-0.11274,-0.011876,0.09313,0.30742,-0.011396,0.17517,0.088107,0.059882,0.32939,0.37273,0.395,0.41049,0.57417,0.64452,0.20005,0.313995868,0.300932702,0.023167843,-0.005981804,0.032133701,-0.139343304,-0.052384252,-0.473219317
-0.31496,-0.05993,-0.18498,-0.12511,-0.517,-0.39779,-0.2431,-0.0014747,0.013929,0.047022,0.088401,-0.11274,-0.011876,0.09313,0.30742,-0.011396,0.17517,0.088107,0.059882,0.32939,0.37273,0.395,0.41049,0.57417,0.64452,0.20005,0.313995868,0.300932702,0.023167843,-0.005981804,0.032133701,-0.139343304,-0.052384252,-0.473219317
-0.31496,-0.05993,-0.18498,-0.12511,-0.517,-0.39779,-0.2431,-0.0014747,0.013929,0.047022,0.088401,-0.11274,-0.011876,0.09313,0.30742,-0.011396,0.17517,0.088107,0.059882,0.32939,0.37273,0.395,0.41049,0.57417,0.64452,0.20005,0.313995868,0.300932702,0.023167843,-0.005981804,0.032133701,-0.139343304,-0.052384252,-0.473219317
-0.31496,-0.05993,-0.18498,-0.12511,-0.517,-0.39779,-0.2431,-0.0014747,0.013929,0.047022,0.088401,-0.11274,-0.011876,0.09313,0.30742,-0.011396,0.17517,0.088107,0.059882,0.32939,0.37273,0.395,0.41049,0.57417,0.64452,0.20005,0.313995868,0.300932702,0.023167843,-0.005981804,0.032133701,-0.139343304,-0.052384252,-0.473219317
-0.31496,-0.05993,-0.18498,-0.12511,-0.517,-0.39779,-0.2431,-0.0014747,0.013929,0.047022,0.088401,-0.11274,-0.011876,0.09313,0.30742,-0.011396,0.17517,0.088107,0.059882,0.32939,0.37273,0.395,0.41049,0.57417,0.64452,0.20005,0.313995868,0.300932702,0.023167843,-0.005981804,0.032133701,-0.139343304,-0.052384252,-0.473219317
-0.31496,-0.05993,-0.18498,-0.12511,-0.517,-0.39779,-0.2431,-0.0014747,0.013929,0.047022,0.088401,-0.11274,-0.011876,0.09313,0.30742,-0.011396,0.17517,0.088107,0.059882,0.32939,0.37273,0.395,0.41049,0.57417,0.64452,0.20005,0.313995868,0.300932702,0.023167843,-0.005981804,0.032133701,-0.139343304,-0.052384252,-0.473219317
-0.31496,-0.05993,-0.18498,-0.12511,-0.517,-0.39779,-0.2431,-0.0014747,0.013929,0.047022,0.088401,-0.11274,-0.011876,0.09313,0.30742,-0.011396,0.17517,0.088107,0.059882,0.32939,0.37273,0.395,0.41049,0.57417,0.64452,0.20005,0.313995868,0.300932702,0.023167843,-0.005981804,0.032133701,-0.139343304,-0.052384252,-0.473219317
-0.31496,-0.05993,-0.18498,-0.12511,-0.517,-0.39779,-0.2431,-0.0014747,0.013929,0.047022,0.088401,-0.11274,-0.011876,0.09313,0.30742,-0.011396,0.17517,0.088107,0.059882,0.32939,0.37273,0.395,0.41049,0.57417,0.64452,0.20005,0.313995868,0.300932702,0.023167843,-0.005981804,0.032133701,-0.139343304,-0.052384252,-0.473219317
-0.31496,-0.05993,-0.18498,-0.12511,-0.517,-0.39779,-0.2431,-0.0014747,0.013929,0.047022,0.088401,-0.11274,-0.011876,0.09313,0.30742,-0.011396,0.17517,0.088107,0.059882,0.32939,0.37273,0.395,0.41049,0.57417,0.64452,0.20005,0.313995868,0.300932702,0.023167843,-0.005981804,0.032133701,-0.139343304,-0.052384252,-0.473219317
-0.31496,-0.05993,-0.18498,-0.12511,-0.517,-0.39779,-0.2431,-0.0014747,0.013929,0.047022,0.088401,-0.11274,-0.011876,0.09313,0.30742,-0.011396,0.17517,0.088107,0.059882,0.32939,0.37273,0.395,0.41049,0.57417,0.64452,0.20005,0.313995868,0.300932702,0.023167843,-0.005981804,0.032133701,-0.139343304,-0.052384252,-0.473219317
-0.31496,-0.05993,-0.18498,-0.12511,-0.517,-0.39779,-0.2431,-0.0014747,0.013929,0.047022,0.088401,-0.11274,-0.011876,0.09313,0.30742,-0.011396,0.17517,0.088107,0.059882,0.32939,0.37273,0.395,0.41049,0.57417,0.64452,0.20005,0.313995868,0.300932702,0.023167843,-0.005981804,0.032133701,-0.139343304,-0.052384252,-0.473219317
-0.31496,-0.05993,-0.18498,-0.12511,-0.517,-0.39779,-0.2431,-0.0014747,0.013929,0.047022,0.088401,-0.11274,-0.011876,0.09313,0.30742,-0.011396,0.17517,0.088107,0.059882,0.32939,0.37273,0.395,0.41049,0.57417,0.64452,0.20005,0.313995868,0.300932702,0.023167843,-0.005981804,0.032133701,-0.139343304,-0.052384252,-0.473219317
-0.31496,-0.05993,-0.18498,-0.12511,-0.517,-0.39779,-0.2431,-0.0014747,0.013929,0.047022,0.088401,-0.11274,-0.011876,0.09313,0.30742,-0.011396,0.17517,0.088107,0.059882,0.32939,0.37273,0.395,0.41049,0.57417,0.64452,0.20005,0.313995868,0.300932702,0.023167843,-0.005981804,0.032133701,-0.139343304,-0.052384252,-0.473219317
-0.31496,-0.05993,-0.18498,-0.12511,-0.517,-0.39779,-0.2431,-0.0014747,0.013929,0.047022,0.088401,-0.11274,-0.011876,0.09313,0.30742,-0.011396,0.17517,0.088107,0.059882,0.32939,0.37273,0.395,0.41049,0.57417,0.64452,0.20005,0.313995868,0.300932702,0.023167843,-0.005981804,0.032133701,-0.139343304,-0.052384252,-0.473219317
-0.31496,-0.05993,-0.18498,-0.12511,-0.517,-0.39779,-0.2431,-0.0014747,0.013929,0.047022,0.088401,-0.11274,-0.011876,0.09313,0.30742,-0.011396,0.17517,0.088107,0.059882,0.32939,0.37273,0.395,0.41049,0.57417,0.64452,0.20005,0.313995868,0.300932702,0.023167843,-0.005981804,0.032133701,-0.139343304,-0.052384252,-0.473219317
-0.31496,-0.05993,-0.18498,-0.12511,-0.517,-0.39779,-0.2431,-0.0014747,0.013929,0.047022,0.088401,-0.11274,-0.011876,0.09313,0.30742,-0.011396,0.17517,0.088107,0.059882,0.32939,0.37273,0.395,0.41049,0.57417,0.64452,0.20005,0.313995868,0.300932702,0.023167843,-0.005981804,0.032133701,-0.139343304,-0.052384252,-0.473219317
-0.883451,-1.127177,-0.773571,-0.547831,-0.800195,-0.846566,0.005751,0.183386,-0.199346,0.113252,-0.006061,0.141663,-0.208996,0.20863,0.398912,0.22875,0.489311,0.32881,0.188032,0.539575,0.311184,0.563899,0.37939,0.377675,0.536412,-0.011104,0.006379,-0.082508,0.152196,0.192516,0.123136,-0.011526,-0.221342,-5.459411
