0.061098,-0.37165,-0.058675,0.088035,-0.27158,-0.11216,-0.060981,-0.23363,0.29008,0.42567,0.25557,0.43559,0.12161,0.058148,0.3137,0.68864,0.54629,0.4203,0.46013,0.38354,0.49878,0.45348,0.77309,0.8594,0.75736,0.79289,1.0528,0.24101,0.30296,0.153811491,-0.020446557,0.020588152,0.331225905,-0.013967599
0.061098,-0.37165,-0.085469,0.072288,-0.29037,-0.10991,-0.029059,-0.25258,0.2899,0.42592,0.33829,0.43186,0.12035,0.059352,0.25568,0.69023,0.55056,0.41782,0.46013,0.38354,0.49878,0.45348,0.78925,0.8594,0.75736,0.79289,1.0018,0.24101,0.33248,0.136450006,0.018296654,0.020318749,0.32469082,-0.009584269
0.061098,-0.30804,-0.078466,0.072321,-0.29087,-0.1107,-0.14173,-0.25294,0.27986,0.46193,0.33951,0.38696,0.1394,0.041877,0.25568,0.69023,0.55552,0.41782,0.46013,0.38354,0.49878,0.47575,0.79203,0.88031,0.76744,0.79289,1.0069,0.2107,0.33402,0.145702625,0.018296654,0.072873859,0.329435356,-0.01929735
0.05816,-0.30804,-0.092083,0.087137,-0.29636,-0.1107,-0.14292,-0.25222,0.27986,0.46193,0.33951,0.37849,0.1265,0.041877,0.25568,0.69023,0.55552,0.41782,0.52461,0.38354,0.49965,0.47575,0.7865,0.89019,0.75506,0.75688,1.0113,0.20837,0.34308,0.145702625,0.019392838,0.04391439,0.332325183,-0.01929735
0.025999,-0.33032,-0.089946,0.077445,-0.2726,-0.090807,-0.14292,-0.22922,0.24923,0.46193,0.33951,0.37849,0.1265,0.041877,0.25787,0.69023,0.55552,0.4103,0.52516,0.32065,0.51713,0.44983,0.7865,0.86243,0.76649,0.75688,1.0067,0.1621,0.35261,0.172801092,0.019392838,0.068765434,0.331521291,-0.01929735
0.025748,-0.31144,-0.04495,0.095796,-0.25084,-0.090807,-0.14292,-0.22922,0.24923,0.46193,0.32541,0.37849,0.1265,0.0015643,0.24169,0.69023,0.56005,0.39484,0.54716,0.32729,0.50991,0.48095,0.77584,0.87222,0.76217,0.7878,1.0067,0.12589,0.37753,0.172801092,0.019392838,0.068765434,0.331521291,-0.01929735
0.023163,-0.27595,-0.04495,0.095796,-0.25084,-0.090807,-0.14292,-0.22922,0.24923,0.46193,0.33244,0.38858,0.10974,-0.030871,0.24932,0.68034,0.5504,0.36461,0.53297,0.33316,0.5001,0.53289,0.77584,0.88563,0.77849,0.7878,1.0067,0.12589,0.37753,0.172801092,0.001125361,0.068765434,0.331521291,-0.019050125
-0.0038651,-0.27595,-0.04495,0.095796,-0.25084,-0.072821,-0.18595,-0.21946,0.27012,0.44035,0.3718,0.34968,0.13375,-0.029767,0.28351,0.66372,0.51156,0.32877,0.54511,0.33229,0.5142,0.53289,0.77584,0.88563,0.77849,0.7878,1.0251,0.12589,0.37753,0.246291113,-0.006969335,0.089396576,0.234753566,0.007887234
-0.0038651,-0.27595,-0.022257,0.095796,-0.23968,-0.050558,-0.18081,-0.25063,0.27012,0.44394,0.35215,0.35289,0.13375,-0.052145,0.27197,0.62438,0.51154,0.34519,0.54511,0.33229,0.5142,0.53289,0.75373,0.88563,0.77849,0.775,1.0278,0.11771,0.39945,0.244601654,0.008653818,0.078797743,0.249246789,-0.024472277
-0.0038651,-0.19007,0.0098638,0.11487,-0.23625,-0.013477,-0.09115,-0.2489,0.27548,0.44156,0.34157,0.34954,0.10745,-0.034023,0.27197,0.62521,0.51608,0.34519,0.54511,0.33229,0.5142,0.52758,0.76495,0.82512,0.71813,0.78393,1.0155,0.10171,0.40206,0.253847584,0.005927465,0.090697182,0.276750067,-0.025044948
0.0038532,-0.19007,0.0098638,0.11487,-0.23625,-0.013477,-0.09115,-0.2489,0.27548,0.44156,0.34157,0.34954,0.10745,-0.034023,0.27197,0.62521,0.51608,0.34519,0.54511,0.33868,0.49715,0.52758,0.76495,0.80375,0.7187,0.78393,1.074,0.090167,0.40206,0.253847584,0.082797845,0.090697182,0.276750067,-0.025044948
0.0038532,-0.15648,0.022711,0.13708,-0.22266,0.01117,-0.09115,-0.22978,0.2836,0.44156,0.34157,0.34954,0.10745,-0.034023,0.28329,0.62521,0.51608,0.34519,0.55832,0.33868,0.49715,0.57565,0.81524,0.80375,0.75764,0.83473,1.0718,0.052611,0.45386,0.292854796,0.082797845,0.139308837,0.303745166,-0.025044948
5.65E-05,-0.15648,0.027101,0.13708,-0.22266,0.01117,-0.09115,-0.22978,0.2836,0.44156,0.3386,0.34954,0.10745,-0.034023,0.27599,0.62831,0.51608,0.34519,0.54558,0.33028,0.47337,0.57565,0.81524,0.80375,0.75764,0.83473,1.0718,0.0044267,0.45386,0.292854796,0.082797845,0.139308837,0.303745166,-0.025044948
5.65E-05,-0.14887,0.027101,0.13708,-0.22266,0.01117,-0.085037,-0.22978,0.2836,0.47306,0.38589,0.35491,0.090393,-0.060258,0.29336,0.65224,0.48984,0.34559,0.54308,0.33028,0.47337,0.59059,0.81524,0.80375,0.7579,0.83473,1.0718,0.0044267,0.45386,0.292854796,0.022599957,0.139308837,0.303745166,-0.009499706
-0.018775,-0.14887,0.027101,0.13708,-0.22266,0.01117,-0.07071,-0.25415,0.2836,0.47306,0.3525,0.36961,0.090393,-0.060258,0.28468,0.6676,0.48984,0.34559,0.55698,0.3264,0.42527,0.59059,0.81524,0.80375,0.7579,0.83473,1.0805,0.0044267,0.45386,0.292854796,0.00971245,0.139308837,0.303745166,-0.009499706
-0.018775,-0.14887,0.027101,0.1423,-0.21991,0.023295,-0.081625,-0.26436,0.20538,0.47941,0.35965,0.36077,0.11361,-0.086163,0.29317,0.67868,0.47515,0.31629,0.55698,0.3264,0.42527,0.59059,0.83561,0.80375,0.7579,0.84006,1.0814,0.0044267,0.46256,0.300969111,0.005889155,0.141260544,0.292480139,0.006018195
-0.018775,-0.14887,0.023973,0.14233,-0.21317,0.025025,-0.078867,-0.27363,0.2049,0.48463,0.35514,0.37213,0.11641,-0.061741,0.29317,0.6769,0.46868,0.31629,0.55698,0.3264,0.42527,0.59763,0.83979,0.80375,0.7579,0.83238,1.0667,0.0025677,0.46955,0.238105193,-0.001849175,0.098857703,0.27763505,0.023898732
-0.018775,-0.14951,0.027203,0.15376,-0.21022,0.025025,-0.073068,-0.27634,0.20482,0.48463,0.35514,0.36617,0.11632,-0.061741,0.29317,0.6769,0.46868,0.31629,0.56149,0.3264,0.42527,0.60069,0.8381,0.80375,0.7579,0.84087,1.0685,0.0018646,0.48174,0.238105193,-0.001616228,0.195231113,0.255525767,0.0221222
-0.018252,-0.14135,0.027203,0.12833,-0.21027,0.027195,-0.073068,-0.28033,0.20968,0.48463,0.35514,0.36617,0.11632,-0.071012,0.29012,0.6769,0.46868,0.30271,0.56713,0.33253,0.42001,0.60484,0.8381,0.80003,0.75091,0.84087,1.0685,0.0048595,0.50127,0.240793446,-0.001616228,0.193992445,0.256761641,0.0221222
-0.018962,-0.13025,0.028351,0.19737,-0.21138,0.027195,-0.073068,-0.28033,0.20968,0.48463,0.35789,0.36617,0.11632,-0.073232,0.28648,0.67083,0.46868,0.30246,0.56713,0.33253,0.40114,0.60484,0.8381,0.84571,0.71448,0.84087,1.0685,0.018164,0.50127,0.240793446,-0.001616228,0.193992445,0.256761641,0.0221222
-0.36306,-0.10871,0.028351,0.19737,-0.21138,0.027195,-0.073068,-0.28033,0.20968,0.48678,0.35789,0.36617,0.11456,-0.073232,0.28648,0.67083,0.46868,0.30246,0.57341,0.37676,0.46168,0.6075,0.8381,0.92331,0.71448,0.84087,1.0685,0.018164,0.50127,0.240793446,-0.001616228,0.193992445,0.256761641,0.0221222
-0.32693,-0.10871,0.028351,0.19737,-0.21138,0.027195,-0.073068,-0.26556,0.20968,0.48678,0.35789,0.37541,0.11079,-0.073232,0.31215,0.61159,0.5269,0.33332,0.40251,0.355,0.35495,0.6075,0.8381,0.92331,0.71448,0.84087,1.0685,0.018164,0.50127,0.240793446,0.041455908,0.193992445,0.256761641,0.024936803
-0.32693,-0.10871,-0.056904,-0.20154,-0.25142,-0.014179,-0.12929,-0.34359,0.1726,0.42683,0.52202,0.37731,0.12102,0.0054353,0.31789,0.38246,0.49339,0.2845,0.40251,0.355,0.35495,0.6075,0.82644,0.92331,0.71448,0.84217,1.0647,0.21704,0.50373,0.276588448,0.113773521,0.178512111,0.267842876,0.03271009
-0.32693,-0.24182,0.29303,-0.19895,-0.41126,-0.1923,-0.065715,-0.38597,0.32457,0.33723,0.52175,0.34819,0.26148,-0.0031305,0.31789,0.41117,0.38834,0.2845,0.40251,0.355,0.35495,0.66571,0.74921,0.93593,0.63193,0.88744,0.87125,0.18234,0.59688,0.133774923,0.079845084,0.194852582,0.01170474,0.122043247
-0.33045,-0.2317,0.30306,-0.19895,-0.42688,-0.19311,-0.03999,-0.39451,0.29881,0.29424,0.52175,0.35056,0.20366,-0.0031305,0.31789,0.41117,0.38834,0.2845,0.39778,0.33413,0.35432,0.67642,0.6526,0.90777,0.72674,0.93328,0.91033,0.17681,0.568770177,0.160313231,0.024955941,0.178538137,-0.019546082,0.16759493
-0.30308,-0.2233,0.30998,-0.20246,-0.42912,-0.19662,-0.03999,-0.39384,0.30257,0.29424,0.52175,0.35056,0.20366,-0.0031305,0.34986,0.41117,0.38834,0.27251,0.39778,0.36035,0.35528,0.70439,0.65221,0.8858,0.73401,0.98615,0.91404,0.17717,0.568251041,0.16523305,0.024955941,0.175653787,0.011832779,0.16759493
-0.30365,-0.20037,0.30998,-0.19781,-0.44699,-0.19662,-0.03999,-0.39384,0.30257,0.29424,0.55685,0.35056,0.20366,-0.048757,0.35182,0.40326,0.40595,0.27251,0.37872,0.37788,0.36217,0.70184,0.66778,0.87372,0.73401,0.99028,0.91404,0.159,0.559890119,0.16523305,0.024955941,0.175653787,0.011832779,0.16759493
-0.29813,-0.20192,0.30998,-0.19781,-0.44699,-0.19662,-0.040406,-0.39384,0.30257,0.30819,0.55897,0.34279,0.20355,-0.024379,0.35191,0.4041,0.40381,0.31311,0.37886,0.37232,0.32699,0.70738,0.66778,0.86384,0.72115,0.99028,0.91404,0.159,0.559890119,0.16523305,0.024955941,0.175653787,0.011832779,0.16759493
-0.27544,-0.20192,0.30998,-0.19781,-0.44699,-0.19662,-0.04138,-0.38428,0.28725,0.31452,0.51678,0.39204,0.20355,-0.024622,0.30954,0.40324,0.40381,0.32403,0.36962,0.38851,0.32531,0.70738,0.66778,0.86384,0.72115,0.99028,0.91404,0.159,0.559890119,0.181029381,-0.001538423,0.189691444,0.011832779,0.165744562
-0.27544,-0.20192,0.30042,-0.19324,-0.46032,-0.2125,-0.091273,-0.38622,0.28883,0.30745,0.51606,0.39207,0.20976,-0.0023767,0.31431,0.40089,0.36883,0.32228,0.36962,0.38851,0.32531,0.70738,0.68319,0.86384,0.72115,0.97766,0.85304,0.14109,0.58835537,0.126264056,-0.00028333,0.224473802,0.051068247,0.147609383
-0.27544,-0.21292,0.30247,-0.19324,-0.45327,-0.21765,-0.090049,-0.38622,0.28727,0.30409,0.51242,0.39207,0.21398,-0.0078842,0.31431,0.40089,0.36641,0.32228,0.36962,0.38851,0.32531,0.69579,0.66782,0.86384,0.72313,0.96113,0.84097,0.14109,0.513661958,0.126422558,-0.004241271,0.224473802,0.048069754,0.152972256
-0.2364,-0.21292,0.33242,-0.28999,-0.45095,-0.21765,-0.010417,-0.31766,0.33405,0.30409,0.51242,0.47053,0.19598,-0.0078842,0.31431,0.40089,0.36641,0.32228,0.27476,0.41857,0.26912,0.69579,0.74273,0.86602,0.69767,0.96113,0.84097,0.14289,0.516715738,0.126422558,-0.030069299,0.318794192,0.059874181,0.154144375
-0.23639,-0.35466,0.3322,-0.28585,-0.45136,-0.20939,-0.010417,-0.31543,0.33478,0.30409,0.51242,0.47053,0.19598,-0.0078842,0.35893,0.40089,0.36641,0.40609,0.27985,0.42042,0.26733,0.68457,0.74536,0.84575,0.69912,0.99577,0.94324,0.14645,0.520492622,0.109089851,-0.030069299,0.318486044,0.073331704,0.154144375
-0.22663,-0.3524,0.31327,-0.3039,-0.45002,-0.20939,-0.010417,-0.31543,0.33478,0.30409,0.54881,0.47053,0.19598,-0.033568,0.3588,0.45414,0.45959,0.40586,0.26944,0.39049,0.27047,0.68457,0.7354,0.85861,0.7213,0.99826,0.94324,0.15386,0.520492622,0.109089851,-0.049102332,0.318486044,0.073331704,0.154144375
-0.22767,-0.43019,0.31327,-0.3039,-0.45002,-0.20939,-0.0052538,-0.31543,0.33478,0.33024,0.55063,0.47183,0.19897,-0.033169,0.38608,0.45479,0.45986,0.40673,0.26944,0.39049,0.27047,0.67859,0.7354,0.85861,0.71963,0.99826,0.94324,0.15386,0.520492622,0.109089851,-0.049095235,0.318486044,0.073331704,0.184767644
-0.26612,-0.43019,0.31327,-0.3039,-0.45002,-0.20485,-0.029219,-0.29374,0.34778,0.33024,0.53143,0.4775,0.19504,-0.026842,0.40007,0.46741,0.43571,0.38711,0.25606,0.39049,0.24445,0.67859,0.7354,0.85861,0.71963,0.99826,0.95905,0.15386,0.479604619,0.109089851,-0.04359374,0.302272136,0.089713933,0.184767644
-0.26612,-0.43019,0.29696,-0.27862,-0.45002,-0.25629,-0.021998,-0.25553,0.35857,0.32859,0.52314,0.4465,0.19737,-0.016638,0.41084,0.4735,0.42094,0.37514,0.25606,0.39049,0.24445,0.67859,0.70336,0.85861,0.71963,0.95148,0.96181,0.15499,0.474175943,0.079650597,-0.04359374,0.317233245,0.096348204,0.205243153
-0.26612,-0.46127,0.28602,-0.23805,-0.4591,-0.27287,0.018428,-0.24383,0.28484,0.32172,0.53147,0.44548,0.22038,0.02401,0.41084,0.48701,0.39951,0.37514,0.25606,0.39049,0.24445,0.65961,0.69132,0.84743,0.7064,0.93902,0.95046,0.16494,0.459551256,0.101865357,-0.027111901,0.328990061,0.078205943,0.199927861
-0.23582,-0.4519,0.2551,-0.25687,-0.42394,-0.27235,0.032873,-0.24383,0.28174,0.32292,0.53147,0.43323,0.22256,0.02401,0.41084,0.48701,0.39951,0.37514,0.30313,0.3842,0.26953,0.6307,0.67016,0.86353,0.67041,0.93305,0.86235,0.1696,0.459551256,0.088492402,-0.00813645,0.328990061,0.109196082,0.220601498
-0.23161,-0.4285,0.2551,-0.19623,-0.43758,-0.26014,0.032873,-0.24711,0.28225,0.32292,0.53147,0.43323,0.22256,0.02401,0.42873,0.48701,0.39951,0.38199,0.29013,0.33673,0.2714,0.61366,0.66634,0.8622,0.70876,0.93228,0.87146,0.17711,0.470354736,0.084509764,-0.00813645,0.325959459,0.110071035,0.220601498
-0.2408,-0.4553,0.29034,-0.19623,-0.43173,-0.26014,0.032873,-0.24711,0.28225,0.32292,0.50886,0.43323,0.22301,0.029252,0.45685,0.48701,0.38918,0.39579,0.26794,0.33673,0.25568,0.59613,0.66638,0.8622,0.68743,0.92035,0.87146,0.17711,0.470354736,0.084509764,-0.00813645,0.325959459,0.110071035,0.220601498
-0.2408,-0.4553,0.29034,-0.19623,-0.43173,-0.26014,0.04608,-0.24711,0.28225,0.32537,0.50886,0.41112,0.22301,0.029252,0.45685,0.49608,0.38918,0.39579,0.26794,0.29036,0.25328,0.59613,0.66638,0.83606,0.68743,0.92035,0.87146,0.17711,0.470354736,0.084509764,-0.018118265,0.325959459,0.110071035,0.223058895
-0.28004,-0.4553,0.29034,-0.19623,-0.43173,-0.26014,0.04608,-0.18992,0.28225,0.36168,0.50784,0.41112,0.22301,0.054089,0.45311,0.49205,0.3681,0.38842,0.20886,0.30145,0.23761,0.59613,0.66638,0.83606,0.68743,0.92035,0.87146,0.17711,0.470354736,0.093335832,-0.018118265,0.320929148,0.110071035,0.264233139
-0.28004,-0.4553,0.29034,-0.20158,-0.43173,-0.26014,0.082828,-0.13139,0.31675,0.36138,0.50784,0.40337,0.21373,0.054089,0.45877,0.49205,0.3681,0.37562,0.20886,0.30145,0.23761,0.59613,0.66638,0.83606,0.68743,0.92035,0.87146,0.17222,0.475031224,0.093335832,-0.062735609,0.320693799,0.110071035,0.288385271
-0.28004,-0.46452,0.28423,-0.21476,-0.42319,-0.28955,0.059982,-0.13977,0.34141,0.34503,0.4764,0.38773,0.19058,0.056563,0.45877,0.49205,0.37205,0.37562,0.20886,0.30145,0.23761,0.58521,0.57771,0.83606,0.66764,0.89304,0.87487,0.19933,0.467869115,0.116469165,-0.062743272,0.32322925,0.07168054,0.288813181
-0.28004,-0.45,0.29035,-0.23551,-0.42319,-0.29147,0.018555,-0.13304,0.34141,0.34926,0.4764,0.36704,0.19058,0.056563,0.45877,0.49205,0.37205,0.37562,0.20701,0.30145,0.23761,0.56025,0.60767,0.8001,0.66686,0.87802,0.90176,0.19861,0.488530918,0.113026988,-0.072905326,0.358673085,0.07168054,0.306281063
-0.30629,-0.45002,0.2961,-0.23551,-0.42319,-0.29119,0.018555,-0.12721,0.37051,0.34926,0.4764,0.36704,0.19058,0.056563,0.42166,0.49205,0.37205,0.37562,0.19489,0.25874,0.24733,0.56025,0.61935,0.79858,0.66728,0.88025,0.90176,0.22712,0.488530918,0.112410653,-0.072905326,0.360070113,0.070024202,0.306281063
-0.33028,-0.45023,0.2964,-0.23666,-0.4147,-0.29119,0.018555,-0.12721,0.37051,0.34926,0.4764,0.36704,0.19058,0.1206,0.42748,0.50306,0.33574,0.37502,0.19872,0.25861,0.24775,0.53677,0.63781,0.79795,0.61827,0.87636,0.90176,0.23045,0.488530918,0.112410653,-0.072905326,0.360070113,0.070024202,0.306281063
-0.33113,-0.45955,0.2964,-0.23666,-0.4147,-0.29119,0.018555,-0.12721,0.37051,0.32933,0.49042,0.36647,0.1975,0.12643,0.41614,0.53977,0.33574,0.38517,0.19864,0.25252,0.25049,0.53677,0.63781,0.79611,0.61453,0.87636,0.90176,0.23045,0.488530918,0.112410653,-0.072905326,0.360070113,0.070024202,0.306281063
-0.33113,-0.45955,0.2964,-0.23666,-0.4147,-0.29627,0.018953,-0.12606,0.37051,0.33139,0.48564,0.35969,0.1975,0.11857,0.44164,0.5355,0.32739,0.38517,0.14492,0.25252,0.25049,0.53677,0.63781,0.79611,0.61453,0.87636,0.90137,0.23045,0.493519304,0.118195379,-0.061396016,0.360070113,0.070024202,0.295157082
-0.33113,-0.45955,0.2964,-0.24236,-0.41296,-0.29559,-0.058138,-0.12606,0.37743,0.33139,0.21488,0.3981,0.19235,-0.069812,0.42705,0.48441,0.32739,0.41633,0.14492,0.25252,0.25049,0.53677,0.59766,0.79611,0.61453,0.87653,0.85677,0.23045,0.493519304,0.119241987,-0.056478694,0.380499654,0.040814805,0.297415328
-0.33113,-0.46084,0.29123,-0.21471,-0.41296,-0.29476,-0.16479,-0.12606,0.37743,0.24959,0.21488,0.21245,0.046667,-0.060777,0.42705,0.50209,0.31258,0.41633,0.14492,0.25252,0.25049,0.53677,0.68521,0.79611,0.61453,0.87653,0.72468,0.23045,0.493519304,0.119241987,-0.03807957,0.380499654,0.040814805,0.30583792
-0.33113,-0.43196,0.15338,-0.23018,-0.41296,-0.22698,-0.081488,-0.0084802,0.37999,0.29743,0.21488,0.2012,0.046667,-0.060777,0.42705,0.50209,0.31258,0.41633,0.048214,0.31703,0.25049,0.56789,0.72397,0.88077,0.61453,0.89539,0.71344,0.21646,0.489036058,0.195763255,-0.081503468,0.32644135,0.235307175,0.379491911
-0.29263,-0.47344,0.20901,-0.46643,-0.23676,-0.18039,-0.081488,-0.020832,0.38218,0.29743,0.21488,0.2012,0.046667,-0.060777,0.4188,0.50209,0.31258,0.40284,0.024635,0.36665,0.22233,0.52388,0.71739,0.89313,0.82298,1.2297,0.7224,0.18964,0.489036058,0.17234045,-0.081503468,0.32644135,0.235307175,0.379491911
-0.36399,-0.41704,0.2118,-0.45252,-0.23676,-0.18039,-0.081488,-0.020832,0.38218,0.29743,0.25377,0.2012,0.046667,0.013433,0.39334,0.50209,0.31258,0.45143,0.043771,0.38565,0.23394,0.53414,0.72409,0.89229,0.80563,1.2035,0.7224,0.21523,0.489036058,0.17234045,-0.081503468,0.32644135,0.235307175,0.379491911
-0.36717,-0.4331,0.2118,-0.45252,-0.23676,-0.18039,-0.081488,-0.020832,0.38218,0.30026,0.26023,0.19888,0.0028386,0.082363,0.40303,0.50517,0.31663,0.42354,0.089508,0.3648,0.15397,0.52225,0.72409,0.88567,0.79981,1.2035,0.7224,0.21523,0.489036058,0.17234045,-0.081503468,0.32644135,0.235307175,0.375049527
-0.36717,-0.4331,0.2118,-0.45252,-0.23676,-0.18881,-0.070508,-0.020832,0.38218,0.30063,0.24981,0.19838,0.0028386,0.082185,0.44237,0.50327,0.31932,0.3751,0.089158,0.3507,0.15098,0.52225,0.72409,0.88567,0.79981,1.2035,0.69965,0.21523,0.558131686,0.165244795,-0.094077515,0.333406665,0.187232505,0.37529255
-0.36717,-0.4331,0.20162,-0.45878,-0.27048,-0.1921,-0.088521,-0.026725,0.39098,0.2985,0.25283,0.16522,-0.0050639,0.057444,0.44558,0.49917,0.35629,0.35297,0.089158,0.3507,0.15098,0.52225,0.72674,0.88567,0.79981,1.1821,0.71479,0.20452,0.543154516,0.17417196,-0.112537757,0.329663646,0.191293481,0.371989713
-0.36717,-0.42706,0.21461,-0.45878,-0.27051,-0.19519,-0.095352,-0.030247,0.39096,0.32777,0.24341,0.16522,-0.077553,0.058475,0.44558,0.49862,0.3688,0.35297,0.089158,0.3507,0.15098,0.47759,0.73512,0.90232,0.8051,1.1834,0.70519,0.21957,0.542741118,0.174989911,-0.112203775,0.342895976,0.173630891,0.391979648
-0.37683,-0.43694,0.20467,-0.44195,-0.27193,-0.15551,-0.13016,-0.048899,0.40938,0.32379,0.24341,0.16218,-0.091024,0.058475,0.44558,0.49862,0.3688,0.35297,0.09061,0.32416,0.12336,0.50997,0.77975,0.93723,0.80617,1.2076,0.69101,0.17115,0.536145234,0.137130153,-0.105801359,0.342895976,0.113916566,0.394198586
-0.36683,-0.41857,0.16998,-0.44013,-0.26387,-0.16584,-0.13016,-0.046036,0.39307,0.32379,0.24341,0.16218,-0.091024,0.058475,0.50589,0.49862,0.3688,0.3524,0.11455,0.33341,0.17638,0.51246,0.77705,0.93386,0.80681,1.2013,0.69021,0.1721,0.538552012,0.132398942,-0.105801359,0.343871469,0.107248283,0.394198586
-0.35708,-0.41182,0.16331,-0.41023,-0.26873,-0.16584,-0.13016,-0.046036,0.39307,0.32379,0.28642,0.16218,-0.091024,0.059875,0.51114,0.53808,0.36993,0.41712,0.11649,0.30435,0.1759,0.54846,0.77062,0.90836,0.79379,1.2144,0.69021,0.10558,0.538552012,0.132398942,-0.105801359,0.343871469,0.107248283,0.394198586
-0.42733,-0.40851,0.16331,-0.41023,-0.26873,-0.16584,-0.13089,-0.046036,0.39307,0.35581,0.28642,0.14446,-0.12376,0.059875,0.49546,0.54025,0.3523,0.41712,0.12577,0.30585,0.1458,0.5495,0.77062,0.92766,0.83525,1.2144,0.69021,0.10558,0.538552012,0.132398942,-0.104795246,0.343871469,0.107248283,0.394655407
-0.40814,-0.40851,0.16331,-0.41023,-0.26873,-0.20611,-0.11694,0.065653,0.42,0.35532,0.34382,0.14511,-0.12863,0.05706,0.49366,0.55262,0.35309,0.40924,0.12577,0.28051,0.14786,0.5495,0.77062,0.92766,0.83525,1.2144,0.65827,0.10558,0.459530545,0.112491279,-0.078375614,0.363728677,0.087389111,0.395431701
-0.40814,-0.40851,0.14811,-0.41915,-0.3106,-0.20789,-0.11694,0.063226,0.41869,0.31354,0.37839,0.14951,-0.1768,0.055838,0.48099,0.55262,0.37759,0.43399,0.12577,0.28051,0.14786,0.5495,0.77062,0.92766,0.83525,1.2179,0.65827,0.10189,0.46655207,0.109932322,-0.078375614,0.366088309,0.086139434,0.380275827
-0.40814,-0.39906,0.14811,-0.43425,-0.31295,-0.24563,-0.1049,0.042258,0.41897,0.31354,0.37474,0.16057,-0.13711,0.079835,0.48099,0.55259,0.38333,0.43399,0.12577,0.28051,0.14786,0.56057,0.7617,0.91217,0.83655,1.2186,0.63476,0.10815,0.448701294,0.114905771,-0.078235174,0.358757883,0.085574653,0.369414347
-0.40093,-0.35167,0.15302,-0.44231,-0.31515,-0.22386,-0.080295,0.052526,0.39887,0.29063,0.37474,0.13841,-0.11018,0.079835,0.48099,0.55259,0.38333,0.43399,0.1432,0.28779,0.15069,0.57139,0.74414,0.91361,0.81445,1.1711,0.63001,0.10815,0.397019734,0.131519511,-0.008525645,0.350120504,0.07602623,0.369121064
-0.33521,-0.36626,0.16517,-0.44231,-0.25641,-0.24375,-0.080295,0.11348,0.40162,0.29063,0.37474,0.13841,-0.11018,0.079835,0.41015,0.55259,0.38333,0.43457,0.16337,0.2991,0.14077,0.54421,0.779,0.88853,0.8078,1.1402,0.56628,0.15019,0.377294789,0.159803825,-0.008525645,0.298614914,0.071899613,0.369121064
-0.28151,-0.35264,0.14709,-0.42963,-0.24203,-0.24375,-0.080295,0.11348,0.40162,0.29063,0.359,0.13841,-0.11018,0.10175,0.4177,0.56897,0.38566,0.41005,0.15032,0.25594,0.14885,0.57092,0.74955,0.85442,0.79014,1.1609,0.56628,0.17695,0.377294789,0.159803825,-0.008525645,0.298614914,0.071899613,0.369121064
-0.25898,-0.36363,0.14709,-0.42963,-0.24203,-0.24375,-0.079035,0.11348,0.40162,0.31048,0.36924,0.13841,-0.051354,0.092798,0.4177,0.56897,0.37928,0.40765,0.16975,0.25433,0.1548,0.55107,0.74955,0.85606,0.77843,1.1609,0.56628,0.17695,0.377294789,0.159803825,0.038687508,0.298614914,0.071899613,0.34267092
-0.25521,-0.36363,0.14709,-0.42963,-0.24203,-0.27025,-0.079035,0.11906,0.40913,0.32062,0.36308,0.15965,-0.062089,0.096646,0.42737,0.56748,0.37928,0.40101,0.18739,0.28653,0.15615,0.55107,0.74955,0.85606,0.77843,1.1609,0.56628,0.17695,0.431718124,0.132871978,0.038687508,0.291462968,0.139231121,0.370266229
-0.25521,-0.36363,0.14709,-0.41865,-0.17986,-0.27025,-0.051993,0.11906,0.38888,0.32062,0.36308,0.15965,-0.062578,0.096713,0.42737,0.56748,0.36519,0.41319,0.18739,0.28653,0.15615,0.55107,0.71944,0.85606,0.77843,1.0926,0.56628,0.14502,0.431718124,0.132871978,0.093559075,0.297422143,0.129386862,0.370266229
-0.25521,-0.36363,0.14709,-0.41865,-0.17986,-0.29849,-0.051993,0.15851,0.38888,0.288,0.36308,0.18137,-0.062578,0.12057,0.42737,0.53622,0.37151,0.41319,0.18739,0.28653,0.15615,0.55107,0.71338,0.83529,0.73148,1.0926,0.47419,0.14502,0.351453582,0.127378072,0.093559075,0.297422143,0.129386862,0.347531557
-0.26449,-0.36363,0.15674,-0.42613,-0.14387,-0.29849,-0.051993,0.15851,0.33331,0.288,0.36308,0.16422,-0.028201,0.12057,0.42737,0.53622,0.37151,0.41319,0.29422,0.28653,0.15615,0.54465,0.71674,0.83529,0.73148,1.0549,0.47352,0.14951,0.351453582,0.127378072,0.100314748,0.26940966,0.107299658,0.351786461
-0.26449,-0.36237,0.14724,-0.42613,-0.14387,-0.35922,-0.051993,0.15851,0.33331,0.288,0.36308,0.16422,-0.028201,0.12057,0.42737,0.53622,0.37151,0.44672,0.29422,0.34102,0.16297,0.51604,0.70914,0.84131,0.71053,1.1616,0.47352,0.14951,0.361176048,-0.00864589,0.100314748,0.268157387,0.114273225,0.351786461
-0.24436,-0.27468,0.15424,-0.43571,-0.14387,-0.35922,-0.051993,0.15851,0.33331,0.288,0.36308,0.16422,-0.028201,0.12057,0.43317,0.52822,0.38891,0.46531,0.32935,0.39743,0.15209,0.65466,0.69798,0.79834,0.71553,1.1129,0.47352,0.17064,0.361176048,-0.00864589,0.100314748,0.268157387,0.114273225,0.351786461
-0.24436,-0.2923,0.15424,-0.43571,-0.14387,-0.35922,0.011882,0.15851,0.33331,0.2418,0.36829,0.16422,-0.02175,0.20193,0.45753,0.52579,0.38684,0.46198,0.26595,0.41182,0.17376,0.6836,0.69798,0.81086,0.66913,1.1129,0.47352,0.17064,0.361176048,-0.00864589,0.116908625,0.268157387,0.114273225,0.17836933
-0.22816,-0.2923,0.15424,-0.43571,-0.14387,-0.34439,0.01373,0.13721,0.3315,0.24216,0.39291,0.16596,-0.02175,0.20193,0.42506,0.5362,0.38684,0.43594,0.26595,0.42269,0.17296,0.6836,0.69798,0.81086,0.66913,1.1129,0.42022,0.17064,0.364462774,0.028237212,0.139941574,0.268157387,0.114273225,0.195279826
-0.22816,-0.2923,0.14261,-0.43702,-0.14611,-0.34439,0.017829,0.13322,0.30379,0.23878,0.39291,0.17688,-0.01578,0.22501,0.42506,0.53626,0.39667,0.45216,0.26595,0.42269,0.17296,0.6836,0.70251,0.81086,0.66913,1.1107,0.4365,0.17204,0.363499488,0.015631433,0.136696516,0.240579282,0.114273225,0.243453432
-0.22816,-0.29317,0.14434,-0.41791,-0.15325,-0.33099,-0.26733,0.14069,0.30122,0.23667,0.43226,0.17688,-0.016078,0.22006,0.42506,0.53626,0.39697,0.45216,0.26595,0.42269,0.17296,0.69039,0.70251,0.81818,0.66433,1.0823,0.4365,0.18459,0.409367284,0.029081698,0.13259503,0.243823438,0.114395585,0.269679681
-0.2279,-0.2836,0.14434,-0.42056,-0.15209,-0.31431,-0.25357,0.13786,0.30152,0.20301,0.43226,0.17501,-0.016078,0.22006,0.42506,0.53626,0.39697,0.45216,0.25827,0.41375,0.18386,0.69037,0.70251,0.81818,0.67938,1.0823,0.37502,0.18459,0.387414427,0.029081698,-0.154329869,0.228943862,0.112576038,0.262897777
-0.22726,-0.27477,-0.11111,-0.38881,-0.303,-0.31009,-0.25357,0.13786,0.30366,0.20301,0.43226,0.17501,-0.016078,0.22006,0.45968,0.53626,0.39697,0.44776,0.36189,0.41375,0.18386,0.68744,0.68382,0.81818,0.67938,1.0425,0.37502,0.23711,0.232343635,-0.00525743,-0.154329869,0.344913926,0.125046991,0.262897777
-0.22726,-0.27404,-0.06234,-0.40463,-0.303,-0.31009,-0.25357,0.13786,0.30366,0.20301,0.44363,0.17501,-0.016078,0.24503,0.51696,0.53154,0.39697,0.44222,0.36189,0.39776,0.18386,0.70785,0.83991,0.91431,0.68535,1.0506,0.37502,0.2155,0.232343635,-0.00525743,-0.154329869,0.344913926,0.125046991,0.262897777
-0.40147,-0.29021,-0.06234,-0.40463,-0.303,-0.31009,-0.25386,0.13786,0.30366,0.20229,0.45591,0.11969,-0.027142,0.23847,0.53528,0.59619,0.39288,0.46537,0.33372,0.38525,0.26985,0.70951,0.83991,0.88103,0.85122,1.0506,0.37502,0.2155,0.232343635,-0.00525743,-0.097345054,0.344913926,0.125046991,0.262897777
-0.41447,-0.29021,-0.06234,-0.40463,-0.303,-0.31009,-0.25309,0.1307,0.20997,0.20424,0.43724,0.11164,0.028507,0.22911,0.5351,0.55981,0.40963,0.47727,0.32727,0.39171,0.35519,0.70951,0.83991,0.88103,0.85122,1.0506,0.37502,0.2155,0.231152636,-0.00525743,-0.030440321,0.327175622,-0.182109554,0.262897777
-0.41447,-0.29021,-0.035233,-0.40463,-0.31255,-0.31009,-0.26107,0.12099,0.20657,0.20424,0.43958,0.090728,0.032253,0.22911,0.53257,0.56009,0.41974,0.47727,0.32727,0.39171,0.35519,0.70951,0.85136,0.88103,0.85122,1.0506,0.35007,0.20596,0.231152636,-0.00525743,0.014420038,0.318509967,-0.113185925,0.262897777
-0.41447,-0.28149,-0.0021578,-0.41187,-0.31558,-0.31009,-0.23685,0.13482,0.30949,0.19157,0.42691,0.08661,0.031295,0.22911,0.53257,0.56427,0.41145,0.47727,0.32727,0.39171,0.35519,0.72697,0.84469,0.87621,0.80607,1.0506,0.33826,0.20596,0.233165718,-0.00525743,0.014962132,0.311814316,-0.104263259,0.281654285
-0.41314,-0.28149,0.0074133,-0.39606,-0.32383,-0.30096,-0.24685,0.138,0.30807,0.19157,0.42691,0.12897,0.035788,0.22911,0.53257,0.56427,0.41145,0.47727,0.32727,0.4096,0.39822,0.72697,0.8606,0.86575,0.77662,1.0574,0.33699,0.21747,0.210586965,0.003914816,0.02928244,0.335378166,-0.104709246,0.281654285
-0.41304,-0.28149,0.0086447,-0.39833,-0.32465,-0.29502,-0.24685,0.14933,0.35613,0.19157,0.42691,0.12897,0.035788,0.22911,0.55578,0.56427,0.41145,0.47727,0.32817,0.42107,0.39617,0.72312,0.88797,0.84295,0.78105,1.0574,0.34233,0.21459,0.220688961,0.003914816,0.02928244,0.333895888,-0.041078673,0.281654285
-0.42298,-0.29107,0.0052224,-0.39075,-0.32904,-0.29502,-0.24685,0.14933,0.35613,0.19157,0.43028,0.12897,0.035788,0.22924,0.55067,0.59332,0.45038,0.47155,0.32045,0.43635,0.39595,0.72312,0.83501,0.79199,0.73523,1.0605,0.34233,0.21497,0.220688961,0.003914816,0.02928244,0.333895888,-0.041078673,0.281654285
-0.40129,-0.29107,0.0052224,-0.39075,-0.32904,-0.29502,-0.24685,0.14933,0.35613,0.18768,0.44371,0.12578,0.0187,0.23712,0.60865,0.58816,0.42109,0.47155,0.31129,0.42427,0.33022,0.72312,0.83501,0.77903,0.72004,1.0605,0.34233,0.21497,0.220688961,0.003914816,0.038231752,0.333895888,-0.041078673,0.281654285
-0.44191,-0.29107,0.0052224,-0.39075,-0.32904,-0.29502,-0.2653,0.20508,0.36153,0.18768,0.43653,0.14615,0.017162,0.23712,0.60982,0.59914,0.42182,0.47155,0.365,0.47052,0.31754,0.72312,0.83501,0.77903,0.72004,1.0605,0.34233,0.21497,0.159190053,0.003914816,0.037802732,0.281653247,-0.041222084,0.281654285
-0.44191,-0.29107,0.011612,-0.42575,-0.29677,-0.29502,-0.2666,0.20493,0.33364,0.18768,0.40433,0.14569,0.044617,0.23712,0.60982,0.60229,0.40798,0.47155,0.365,0.47052,0.31754,0.72312,0.849,0.77903,0.72004,1.0605,0.30403,0.25561,0.140695076,0.003914816,0.081222841,0.2709755,-0.029584599,0.281654285
-0.44191,-0.3099,0.015484,-0.42096,-0.30327,-0.27074,-0.26534,0.20581,0.33385,0.2582,0.3915,0.15763,0.045523,0.1932,0.60982,0.60791,0.40344,0.47155,0.365,0.47052,0.31754,0.73726,0.8618,0.78675,0.72004,1.0161,0.30165,0.25697,0.14531971,0.036174554,0.049188333,0.27493641,-0.022604204,0.273749742
-0.39186,-0.30465,0.063845,-0.4252,-0.29961,-0.37217,-0.23361,0.20581,0.36852,0.25922,0.3915,0.14207,0.037505,0.1932,0.60982,0.60791,0.40344,0.47155,0.365,0.47115,0.33271,0.73966,0.83767,0.76837,0.72004,1.0213,0.24391,0.26503,0.14531971,0.036174554,0.081990998,0.275530442,-0.028535054,0.263197153
-0.39186,-0.30801,-0.015293,-0.36605,-0.29961,-0.37536,-0.23361,0.1631,0.36852,0.25922,0.3915,0.14207,0.037505,0.1932,0.60982,0.60791,0.40344,0.52656,0.31118,0.48157,0.33271,0.73023,0.85525,0.77314,0.68353,1.0294,0.19179,0.27758,0.180074212,0.048251982,0.081990998,0.275151125,-0.028535054,0.263197153
-0.41759,-0.30848,0.033412,-0.30678,-0.25004,-0.37536,-0.23361,0.1631,0.36852,0.25922,0.40382,0.14207,0.037505,0.19479,0.5943,0.61474,0.39981,0.52693,0.31946,0.47217,0.30887,0.73023,0.88256,0.7673,0.68353,1.0249,0.19179,0.31273,0.180074212,0.048251982,0.081990998,0.275151125,-0.028535054,0.263197153
-0.37134,-0.27629,0.033412,-0.30678,-0.25004,-0.37536,-0.22154,0.1631,0.36852,0.24017,0.35156,0.12006,-0.011166,0.1819,0.57195,0.60108,0.378,0.54375,0.32658,0.45844,0.34993,0.71367,0.88256,0.79001,0.72537,1.0249,0.19179,0.31273,0.180074212,0.048251982,0.094801787,0.275151125,-0.028535054,0.286770786
-0.2687,-0.27629,0.033412,-0.30678,-0.25004,-0.37536,-0.25758,0.17777,0.36852,0.24755,0.35535,0.13685,-0.051734,0.19029,0.53483,0.5704,0.33732,0.52288,0.31338,0.47738,0.42056,0.71367,0.88256,0.79001,0.72537,1.0249,0.18073,0.31273,0.236057218,0.026143006,0.088983812,0.199622679,-0.027613846,0.30229057
-0.2687,-0.27629,0.033412,-0.28547,-0.22056,-0.40258,-0.25178,0.17777,0.35475,0.30205,0.35095,0.13685,-0.050679,0.22301,0.53439,0.57003,0.30276,0.54115,0.31338,0.47738,0.42056,0.71367,0.83262,0.79001,0.72537,1.0521,0.15619,0.33199,0.234029349,0.011886209,0.102954927,0.207888531,0.003176033,0.308825948
-0.2687,-0.1977,0.050654,-0.28967,-0.15735,-0.39415,-0.25178,0.18511,0.36073,0.28391,0.35095,0.10292,-0.078849,0.20904,0.53439,0.57684,0.32572,0.54115,0.31338,0.47738,0.42056,0.70501,0.79877,0.73969,0.72853,1.0572,0.14576,0.32564,0.248200552,0.029570791,0.102954927,0.242673432,-0.021752444,0.313390984
-0.13201,-0.14746,0.050654,-0.28967,-0.077312,-0.31634,-0.22497,0.18511,0.35783,0.27808,0.35095,0.10292,-0.055351,0.20904,0.53439,0.57684,0.32572,0.54115,0.31991,0.46129,0.42943,0.72047,0.79877,0.7406,0.74343,1.039,0.091438,0.32564,0.248200552,0.025017548,0.16393975,0.242673432,-0.021190617,0.319933516
-0.13201,-0.14746,0.08798,-0.26463,-0.077312,-0.31634,-0.22497,0.19698,0.35783,0.27808,0.35095,0.10292,-0.055351,0.20904,0.53866,0.57684,0.32572,0.54115,0.31991,0.46129,0.42943,0.72047,0.79877,0.79746,0.74343,1.1038,0.020355,0.39679,0.302776359,0.081482425,0.16393975,0.276137073,-0.021190617,0.319933516
-0.070099,-0.12293,0.08798,-0.26463,-0.032031,-0.31634,-0.22497,0.19698,0.35783,0.27808,0.35848,0.10292,-0.055351,0.21936,0.5741,0.57684,0.32572,0.55273,0.30674,0.4272,0.50009,0.79456,0.79877,0.79746,0.81832,1.0998,0.020355,0.39679,0.302776359,0.081482425,0.16393975,0.276137073,-0.021190617,0.319933516
-0.070099,-0.10929,0.08798,-0.26463,-0.032031,-0.31634,-0.24231,0.19698,0.35783,0.27913,0.37774,0.080793,-0.055351,0.21681,0.59626,0.53846,0.32572,0.5352,0.30674,0.4272,0.50009,0.79456,0.79877,0.80268,0.81832,1.0998,0.020355,0.39679,0.302776359,0.081482425,0.16393975,0.276137073,-0.021190617,0.318476911
-0.048758,-0.10929,0.08798,-0.26463,-0.032031,-0.29712,-0.25647,0.19698,0.40527,0.34762,0.36684,0.080793,-0.088845,0.23969,0.60624,0.53846,0.32716,0.53169,0.29936,0.35314,0.52031,0.79456,0.79877,0.80268,0.81832,1.0998,0.020355,0.39679,0.302776359,-0.001686053,0.166085379,0.276137073,-0.002970529,0.318476911
-0.048758,-0.10929,0.10854,-0.26219,-0.032031,-0.276,-0.26928,0.084029,0.40527,0.29802,0.37637,0.11032,-0.088845,0.22916,0.60293,0.5056,0.32716,0.54454,0.29936,0.35314,0.52031,0.79456,0.79877,0.80268,0.81832,1.1169,0.019188,0.40761,0.319215332,-0.020096226,0.113265697,0.263312624,-0.002970529,0.268423029
-0.048758,-0.10929,0.10858,-0.25084,-0.0016227,-0.28587,-0.27294,0.082661,0.4083,0.29924,0.36886,0.11037,-0.12174,0.23634,0.60293,0.49505,0.28071,0.54454,0.29936,0.35314,0.52031,0.82479,0.79877,0.80268,0.82787,1.1194,0.025481,0.4167,0.261128246,-0.022699413,0.160385436,0.248289092,0.010641813,0.288401646
-0.048758,-0.11462,0.088683,-0.25587,-0.0014767,-0.28086,-0.27851,0.082509,0.41678,0.29313,0.36886,0.11027,-0.093693,0.23634,0.60293,0.49505,0.28071,0.54454,0.29936,0.35314,0.53024,0.83141,0.78666,0.80268,0.82408,1.1063,0.028829,0.4345,0.261128246,-0.03295773,0.159970854,0.22192344,0.033905124,0.27448382
-0.049938,-0.11159,0.070134,-0.25636,-0.0014767,-0.27252,-0.27851,0.089192,0.41678,0.29313,0.36886,0.11027,-0.093693,0.23634,0.59261,0.49505,0.28071,0.55069,0.30756,0.34403,0.53489,0.82835,0.83383,0.79325,0.83838,1.109,0.034255,0.46194,0.263725859,-0.032628369,0.159970854,0.223039215,0.032175423,0.27448382
-0.033991,-0.11159,0.10097,-0.25747,0.0061158,-0.27252,-0.27851,0.089192,0.41678,0.29313,0.36886,0.11027,-0.10548,0.23247,0.59261,0.49505,0.25926,0.55929,0.30756,0.3296,0.54074,0.82834,0.87406,0.76418,0.83838,1.109,0.034255,0.46194,0.263725859,-0.032628369,0.159970854,0.223039215,0.032175423,0.27448382
-0.019803,-0.10989,0.10097,-0.25747,0.0061158,-0.27252,-0.27138,0.089192,0.41678,0.29694,0.38411,0.10811,-0.10822,0.22798,0.53425,0.49505,0.25885,0.55929,0.33699,0.35984,0.54074,0.82834,0.87406,0.76418,0.83838,1.109,0.034255,0.46194,0.263725859,-0.032628369,0.159970854,0.223039215,0.032175423,0.279593208
-0.010407,-0.10989,0.10097,-0.25747,0.0061158,-0.27252,-0.31132,0.089192,0.41976,0.29694,0.37376,0.10261,-0.10822,0.22798,0.41972,0.52937,0.25885,0.55603,0.32754,0.3154,0.54275,0.82834,0.87406,0.76418,0.83838,1.109,0.13343,0.46194,0.263725859,-0.032628369,0.148035364,0.223039215,0.032175423,0.279593208
-0.010407,-0.10989,-0.10669,-0.28952,0.0061158,-0.27252,-0.33189,0.071016,0.41976,0.29694,0.35928,0.11228,-0.10822,0.241,0.4334,0.50888,0.26963,0.47525,0.32754,0.3154,0.54275,0.82834,0.89158,0.76418,0.83838,1.109,0.11691,0.46318,0.304512778,0.028220157,0.158386572,0.233797117,0.035685825,0.273755758
-0.010407,-0.1302,-0.10808,-0.36026,-0.0094482,-0.29966,-0.34185,0.13952,0.39083,0.37144,0.36198,0.17399,-0.075986,0.2352,0.4334,0.45391,0.21731,0.47525,0.32754,0.3154,0.54275,0.8196,0.87935,0.72461,0.83942,1.1059,0.10994,0.51377,0.239512121,0.06079561,0.138062316,0.112267884,0.034827747,0.26621234
-0.080768,0.033859,-0.10808,-0.35461,-0.037685,-0.28114,-0.34133,0.12794,0.34843,0.37104,0.36198,0.14863,-0.085917,0.2352,0.4334,0.45391,0.21731,0.47525,0.31154,0.31498,0.56933,0.77017,0.84638,0.76367,0.89291,0.99704,0.1101,0.498230228,0.267100155,0.067251648,0.134605856,0.09906258,0.078937127,0.33755131
-0.072262,0.059914,-0.098215,-0.35708,-0.038813,-0.26089,-0.34133,0.13091,0.30224,0.37104,0.36198,0.14863,-0.085917,0.2352,0.42286,0.45391,0.21731,0.48716,0.34039,0.31696,0.61177,0.73051,0.83087,0.7743,0.91991,1.0173,0.0882,0.49696222,0.276401364,0.038840934,0.134605856,0.120507473,0.131693319,0.33755131
-0.031746,0.06606,-0.094359,-0.37065,-0.043761,-0.26089,-0.34133,0.13091,0.30224,0.37104,0.35191,0.14863,-0.085917,0.24924,0.4247,0.45928,0.19835,0.48716,0.34997,0.32136,0.65545,0.73098,0.81777,0.77014,0.99746,1.0554,0.0882,0.486644654,0.276401364,0.038840934,0.134605856,0.120507473,0.131693319,0.33755131
-0.022716,0.06606,-0.094359,-0.37065,-0.043761,-0.26089,-0.32272,0.13091,0.30224,0.41741,0.38796,0.14821,-0.10298,0.25147,0.42205,0.45908,0.19835,0.46687,0.34471,0.28934,0.65563,0.73909,0.81777,0.74839,1.0016,1.0554,0.0882,0.486644654,0.276401364,0.038840934,0.144195506,0.120507473,0.131693319,0.331962913
-0.027332,0.06606,-0.094359,-0.37065,-0.043761,-0.26123,-0.32236,0.11819,0.31019,0.41911,0.38797,0.14821,-0.088611,0.25195,0.42139,0.45912,0.2194,0.46619,0.39932,0.29623,0.663,0.73909,0.81777,0.74839,1.0016,1.0554,0.059969,0.486644654,0.299423003,0.038840934,0.196226735,0.120507473,0.131693319,0.331962913
-0.027332,0.06606,-0.082393,-0.37421,-0.043761,-0.26197,-0.32236,0.1222,0.31979,0.39676,0.38797,0.14994,-0.088495,0.21688,0.42139,0.42478,0.22908,0.44975,0.39932,0.29623,0.663,0.73909,0.81777,0.74839,1.0016,1.0554,0.059969,0.52212582,0.225687498,0.016347589,0.196226735,0.149501358,0.130061891,0.315346081
-0.027332,0.062699,-0.082393,-0.3902,-0.036873,-0.2822,-0.2733,0.11932,0.30477,0.40727,0.43294,0.15456,-0.067982,0.22074,0.42139,0.42309,0.22596,0.44975,0.39932,0.29623,0.663,0.75335,0.81798,0.75314,0.99179,0.9803,0.05977,0.474775856,0.226553145,0.0062588,0.265513201,0.162175162,0.118000453,0.342468977
-0.029436,0.017107,-0.12477,-0.38301,-0.030005,-0.28236,-0.272,0.13804,0.30098,0.40318,0.43294,0.14558,-0.072059,0.22074,0.42139,0.42309,0.22596,0.44975,0.41631,0.26222,0.62698,0.72007,0.78306,0.73547,0.96413,0.96843,0.063631,0.478447407,0.226553145,-0.014216858,0.264530337,0.165375549,0.123641385,0.274859933
-0.029436,0.049627,-0.11235,-0.39551,-0.030005,-0.24025,-0.272,0.13847,0.30098,0.40318,0.43294,0.14558,-0.072059,0.22074,0.4527,0.42309,0.22596,0.38981,0.4168,0.26174,0.62698,0.81038,0.78786,0.73704,0.96413,0.96843,0.075257,0.489013025,0.222293266,-0.019189572,0.264530337,0.191854146,0.126375857,0.274859933
-0.12462,0.042802,-0.12136,-0.38473,-0.014423,-0.24025,-0.272,0.13847,0.30098,0.40318,0.4368,0.14558,-0.072059,0.27586,0.45292,0.4813,0.27762,0.39323,0.38488,0.26299,0.62466,0.81323,0.78786,0.75513,0.98947,1.035,0.075257,0.489013025,0.222293266,-0.019189572,0.264530337,0.191854146,0.126375857,0.274859933
-0.12066,0.023655,-0.12136,-0.38473,-0.014423,-0.24025,-0.26123,0.13847,0.30098,0.42518,0.43869,0.14686,-0.087159,0.27581,0.45632,0.4814,0.27754,0.38764,0.38488,0.26299,0.62466,0.80009,0.78786,0.7554,0.99351,1.035,0.075257,0.489013025,0.222293266,-0.042656957,0.25556163,0.191854146,0.126375857,0.3272602
-0.28108,0.023655,-0.12136,-0.38473,-0.014423,-0.23225,-0.21805,0.14774,0.34347,0.42596,0.40705,0.14888,-0.086874,0.29264,0.46393,0.45995,0.27802,0.38764,0.38488,0.23472,0.62112,0.80009,0.78786,0.7554,0.99351,1.035,0.075122,0.451107866,0.222293266,-0.04263432,0.271816365,0.201251243,0.152722711,0.3272602
-0.28108,0.023655,-0.057708,-0.38473,-0.0027287,-0.25136,-0.20364,0.16112,0.34347,0.40806,0.40499,0.15188,-0.08742,0.30687,0.48309,0.4432,0.26193,0.3729,0.38488,0.23472,0.62112,0.80009,0.77519,0.7554,0.99351,1.0406,0.094355,0.435556101,0.204445385,-0.050235193,0.287363766,0.206736732,0.152722711,0.29783787
-0.28108,-0.014869,0.10931,-0.40377,-0.14306,-0.24265,-0.20364,0.11007,0.34199,0.39703,0.39173,0.17586,-0.072666,0.32161,0.48309,0.41051,0.25122,0.3729,0.38488,0.23472,0.62112,0.76401,0.80474,0.73581,0.95596,1.043,0.09941,0.427395057,0.244660096,-0.050235193,0.287363766,0.188112051,0.165423982,0.282274374
-0.35659,-0.060112,0.052049,-0.36415,-0.18083,-0.19543,-0.20745,0.10625,0.33411,0.40708,0.39173,0.18256,-0.031767,0.32161,0.48309,0.41051,0.25122,0.3729,0.37882,0.25838,0.6092,0.74757,0.78684,0.70126,0.93956,1.0217,0.11052,0.427395057,0.232676064,-0.020196113,0.286881423,0.203477893,0.160312147,0.215027711
-0.33837,-0.087232,0.12416,-0.39289,-0.17762,-0.18268,-0.20745,0.10731,0.33625,0.40708,0.39173,0.18256,-0.031767,0.32161,0.48309,0.41051,0.25122,0.40247,0.32767,0.26019,0.57695,0.73861,0.78684,0.72378,0.93369,0.96105,0.11052,0.446787613,0.237366273,0.011216893,0.286881423,0.207234769,0.18206165,0.215027711
-0.32387,-0.087232,0.12416,-0.3801,-0.20292,-0.18268,-0.20745,0.10731,0.33625,0.40708,0.37994,0.18315,-0.031767,0.33194,0.48927,0.40556,0.26311,0.39066,0.32767,0.24174,0.56907,0.73586,0.75615,0.68925,0.93403,0.98559,0.11052,0.446787613,0.237366273,0.011216893,0.286881423,0.207234769,0.18206165,0.215027711
-0.39589,-0.022578,0.12416,-0.3801,-0.20292,-0.18268,-0.17606,0.10731,0.33625,0.39828,0.37994,0.18315,-0.023924,0.36614,0.49901,0.40556,0.27696,0.36322,0.27602,0.23907,0.54942,0.7369,0.75615,0.68925,0.9026,0.98559,0.11052,0.446787613,0.237366273,0.011216893,0.283956473,0.207234769,0.18206165,0.184919469
-0.39589,-0.022578,0.12416,-0.3801,-0.20292,-0.16893,-0.10552,0.10731,0.33925,0.39828,0.36907,0.18315,-0.023924,0.36614,0.49901,0.37962,0.27696,0.36322,0.28343,0.21857,0.54942,0.7369,0.75615,0.68925,0.9026,0.98559,0.1073,0.446787613,0.242593709,0.010901685,0.285064287,0.207234769,0.184928413,0.184919469
-0.39589,-0.022578,0.1079,-0.3801,-0.20292,-0.16893,-0.12961,0.15084,0.35918,0.39676,0.32764,0.17528,0.0052062,0.36033,0.49901,0.37962,0.26792,0.2797,0.28343,0.21857,0.54942,0.7369,0.75615,0.68925,0.9026,0.98559,0.13956,0.453139125,0.242593709,0.010901685,0.288914794,0.207234769,0.206692869,0.108479806
-0.39589,-0.022578,0.072224,-0.40478,-0.20292,-0.12365,-0.12171,0.22782,0.35434,0.39676,0.3055,0.12438,0.0052062,0.39018,0.49901,0.36004,0.25912,0.2797,0.28343,0.21857,0.54942,0.7369,0.72546,0.66512,0.9026,0.98559,0.13773,0.445552096,0.269441385,-0.034141555,0.330626313,0.166769069,0.22818929,0.108479806
-0.41279,-0.033384,0.033162,-0.40478,-0.25565,-0.22801,-0.12154,0.22782,0.30574,0.36632,0.3055,0.12438,0.012598,0.39018,0.49901,0.36004,0.25912,0.2797,0.28343,0.21857,0.53819,0.62191,0.72315,0.6634,0.87232,0.99249,0.16712,0.469773574,0.260549583,-0.034224113,0.332543837,0.166769069,0.228583018,0.113359509
-0.38752,-0.037772,0.033162,-0.40478,-0.28217,-0.27693,-0.12154,0.26199,0.31034,0.36632,0.3055,0.12438,0.012598,0.39018,0.51143,0.36004,0.25912,0.27717,0.22754,0.22987,0.51078,0.65749,0.72284,0.66416,0.85443,1.0227,0.16681,0.469773574,0.257152391,-0.047582256,0.332543837,0.165090257,0.248849057,0.113359509
-0.39507,-0.022843,0.02893,-0.38108,-0.28019,-0.27693,-0.12154,0.26199,0.31034,0.36632,0.30434,0.12438,0.012598,0.34656,0.552,0.31691,0.25912,0.26546,0.22734,0.23051,0.51078,0.66712,0.72183,0.61052,0.85077,1.0227,0.16681,0.469773574,0.257152391,-0.047582256,0.332543837,0.165090257,0.248849057,0.113359509
-0.39438,-0.01782,0.02893,-0.38108,-0.28019,-0.27693,-0.1203,0.26199,0.31034,0.36632,0.29727,0.13171,0.078232,0.34813,0.5465,0.31691,0.25981,0.26989,0.21969,0.23425,0.48829,0.69652,0.72183,0.60528,0.84478,1.0227,0.16681,0.469773574,0.257152391,-0.047582256,0.332543837,0.165090257,0.248849057,0.113359509
-0.4208,-0.01782,0.02893,-0.38108,-0.28019,-0.27693,-0.1203,0.26199,0.2861,0.38042,0.30856,0.13171,0.07995,0.33352,0.52505,0.3059,0.27344,0.27004,0.21969,0.23425,0.48829,0.69652,0.72183,0.60528,0.84478,1.0227,0.16681,0.477694353,0.266236175,-0.047582256,0.344750305,0.165090257,0.248849057,0.084654367
-0.4208,-0.01782,0.03633,-0.38048,-0.29721,-0.27813,-0.1203,0.27069,0.28603,0.37516,0.2534,0.12544,0.070378,0.34628,0.53058,0.3059,0.27344,0.24202,0.21969,0.23425,0.48829,0.69652,0.72183,0.60528,0.84478,1.0218,0.16681,0.477694353,0.266670776,-0.029754109,0.344750305,0.122591625,0.232180866,0.008690747
-0.4208,-0.01782,0.051644,-0.38048,-0.29604,-0.29567,-0.09392,0.27069,0.28603,0.30695,0.25039,0.087316,0.014487,0.36183,0.53058,0.30002,0.28912,0.24202,0.21969,0.23425,0.48829,0.67475,0.74668,0.60528,0.8446,0.99793,0.16517,0.477694353,0.266670776,-0.027002282,0.335496346,0.122591625,0.233145252,0.023682597
-0.42406,0.028743,0.042898,-0.38048,-0.30437,-0.32425,-0.097918,0.26497,0.26093,0.30695,0.25039,0.087316,0.02487,0.36183,0.53058,0.30002,0.28912,0.24202,0.25374,0.23425,0.48829,0.69311,0.76643,0.60528,0.8446,0.96113,0.15912,0.471277988,0.292030872,-0.016875124,0.335496346,0.171794127,0.237568447,0.039101552
-0.40832,-0.003126,-0.018517,-0.35548,-0.29965,-0.30322,-0.097918,0.26572,0.27154,0.30695,0.25039,0.087316,0.02487,0.36183,0.53058,0.30002,0.28912,0.21773,0.26826,0.22468,0.50526,0.70314,0.76492,0.66595,0.85436,0.96291,0.16648,0.471277988,0.285451873,-0.055573295,0.335496346,0.171794127,0.264707021,0.039101552
-0.42824,0.010045,-0.0088904,-0.35548,-0.29533,-0.30322,-0.097918,0.26572,0.27154,0.30695,0.24774,0.087316,0.02487,0.35964,0.53465,0.30002,0.28232,0.21196,0.27347,0.23744,0.48891,0.70144,0.76359,0.62814,0.94714,0.97496,0.16648,0.471277988,0.285451873,-0.055573295,0.335496346,0.171794127,0.264707021,0.039101552
-0.40995,0.014451,-0.0088904,-0.35548,-0.29533,-0.30322,-0.097918,0.26572,0.27154,0.31636,0.24749,0.077389,0.04209,0.35252,0.53202,0.30099,0.29923,0.23119,0.24849,0.21619,0.49266,0.70555,0.76359,0.62969,0.92285,0.97496,0.16648,0.471277988,0.285451873,-0.055573295,0.345573068,0.171794127,0.264707021,0.037345366
-0.42346,0.014451,-0.0088904,-0.35548,-0.29533,-0.30322,-0.10121,0.26572,0.27224,0.31736,0.22236,0.077389,0.060228,0.36627,0.53274,0.30428,0.26538,0.25635,0.2413,0.2143,0.47899,0.70555,0.76359,0.62969,0.92285,0.97496,0.14912,0.474198785,0.283600502,-0.055573295,0.340276037,0.160801419,0.263906547,0.040122479
-0.42346,0.014451,-0.011064,-0.31113,-0.30102,-0.28581,-0.10066,0.26905,0.27246,0.30506,0.22236,0.071293,0.059287,0.382,0.53165,0.31461,0.20582,0.25146,0.2413,0.2143,0.47899,0.70555,0.78596,0.62969,0.92285,0.94615,0.15893,0.470002215,0.297373145,-0.063996961,0.345475314,0.159727606,0.263963626,0.064636667
-0.42346,0.011356,-0.011064,-0.31114,-0.26508,-0.29886,-0.12144,0.26871,0.27136,0.29534,0.22061,0.041441,0.04345,0.38431,0.53165,0.32033,0.19516,0.25146,0.2413,0.2143,0.47899,0.69998,0.79721,0.63435,0.90695,0.93918,0.14717,0.468628218,0.297547525,-0.066016417,0.345475314,0.154602911,0.26276524,0.056831409
-0.39934,0.011806,-0.021169,-0.30671,-0.27066,-0.30448,-0.11704,0.27425,0.29228,0.28673,0.22061,0.043448,0.044556,0.38431,0.53165,0.32033,0.19516,0.25146,0.23023,0.20571,0.45068,0.71023,0.79537,0.63551,0.91327,0.92669,0.14789,0.465435036,0.283714977,-0.060367955,0.314331005,0.136077755,0.272130943,0.040036434
-0.39963,-0.011209,-0.026495,-0.30609,-0.2627,-0.30898,-0.11704,0.25972,0.28694,0.28673,0.22061,0.043448,0.044556,0.38431,0.53627,0.32033,0.19516,0.25064,0.23743,0.23045,0.46441,0.73669,0.78634,0.63633,0.91683,0.92281,0.12415,0.46738635,0.271869002,-0.031686055,0.314331005,0.112729601,0.241936172,0.040036434
-0.35632,-0.0060096,-0.044438,-0.37404,-0.27667,-0.30898,-0.11704,0.25972,0.28694,0.28673,0.21749,0.043448,0.044556,0.40871,0.53731,0.3204,0.19491,0.25581,0.22855,0.22164,0.46481,0.73593,0.80445,0.61811,0.90436,0.91385,0.12415,0.46738635,0.271869002,-0.031686055,0.314331005,0.112729601,0.241936172,0.040036434
-0.35533,-0.024173,-0.044438,-0.37404,-0.27667,-0.30898,-0.064625,0.25972,0.28694,0.3004,0.21771,0.037057,0.049007,0.41111,0.54165,0.31788,0.22537,0.25665,0.22917,0.20917,0.47813,0.71919,0.80445,0.6294,0.90828,0.91385,0.12415,0.46738635,0.271869002,-0.031686055,0.322046173,0.112729601,0.241936172,0.024542744
-0.35349,-0.024173,-0.044438,-0.37404,-0.27667,-0.30919,-0.06545,0.28036,0.28896,0.3004,0.21912,0.034692,0.049007,0.40718,0.54165,0.31823,0.22537,0.25909,0.22016,0.21008,0.47858,0.71919,0.80445,0.6294,0.90828,0.91385,0.12293,0.44107917,0.253310563,-0.031227619,0.323121339,0.090289907,0.237072203,0.024542744
-0.35349,-0.024173,-0.052713,-0.39456,-0.29351,-0.30012,-0.074281,0.27991,0.28879,0.32121,0.22871,0.018043,0.047386,0.41131,0.54152,0.32829,0.22315,0.25909,0.22016,0.21008,0.47858,0.71919,0.79874,0.6294,0.90828,0.88903,0.12939,0.443384384,0.252458004,-0.008033055,0.30825443,0.089725276,0.237425922,0.032830155
-0.35349,-0.025797,-0.078387,-0.39615,-0.29474,-0.30012,-0.065351,0.28106,0.26617,0.35014,0.20718,0.048259,0.046814,0.40297,0.54152,0.33378,0.23748,0.25909,0.22016,0.21008,0.47858,0.71919,0.79945,0.62978,0.91002,0.88903,0.12939,0.432153228,0.250158861,-0.008033055,0.304907573,0.088036034,0.231116598,0.032830155
-0.34527,-0.025797,-0.10798,-0.39634,-0.33777,-0.28855,-0.011262,0.26411,0.26617,0.3525,0.20718,0.073357,0.065005,0.40297,0.54152,0.33378,0.23748,0.25909,0.227,0.20939,0.48162,0.73366,0.79356,0.61863,0.89278,0.87761,0.14722,0.409665275,0.258384624,-0.006556883,0.271459026,0.086704644,0.211100535,0.048897139
-0.23146,-0.02668,-0.10798,-0.25516,-0.28185,-0.27283,-0.011262,0.26335,0.2449,0.3525,0.20718,0.073357,0.065005,0.40297,0.55377,0.33378,0.23748,0.27378,0.22341,0.20175,0.48642,0.68765,0.76741,0.61673,0.86845,0.87573,0.22692,0.402100078,0.238481277,-0.006939725,0.271459026,0.08543597,0.211109586,0.048897139
-0.26819,0.054717,-0.10271,-0.21724,-0.34871,-0.27283,-0.011262,0.26335,0.2449,0.3525,0.20718,0.073357,0.065005,0.37601,0.55377,0.33782,0.25381,0.29296,0.21116,0.21828,0.46785,0.70271,0.78182,0.6146,0.83985,0.79056,0.22692,0.402100078,0.238481277,-0.006939725,0.271459026,0.08543597,0.211109586,0.048897139
-0.26449,0.027724,-0.10271,-0.21724,-0.34871,-0.27283,0.0078433,0.26335,0.2449,0.34693,0.23092,0.096286,0.07979,0.37485,0.54132,0.33496,0.25292,0.30166,0.21038,0.22013,0.47937,0.64359,0.78182,0.61395,0.86005,0.79056,0.22692,0.402100078,0.238481277,-0.006939725,0.26613361,0.08543597,0.211109586,0.129683381
-0.28386,0.027724,-0.10271,-0.21724,-0.34871,-0.27171,0.0078433,0.26572,0.24564,0.35702,0.23092,0.088151,0.079812,0.37485,0.54132,0.33496,0.24987,0.3395,0.24875,0.23588,0.46816,0.64359,0.78182,0.61395,0.86005,0.79056,0.20907,0.42067953,0.224596867,-0.002899055,0.26702276,0.10726222,0.200164203,0.16415922
-0.28386,0.027724,-0.026049,-0.16546,-0.37427,-0.27171,0.045806,0.25556,0.25554,0.35383,0.24984,0.085886,0.084131,0.38741,0.51192,0.32878,0.24172,0.3548,0.24875,0.23588,0.46816,0.64359,0.7719,0.61395,0.86005,0.79056,0.20907,0.42067953,0.224596867,-0.002899055,0.26702276,0.07143988,0.228857555,0.16415922
-0.28386,0.027724,-0.026049,-0.16546,-0.37427,-0.24535,0.045806,0.25556,0.25554,0.35383,0.23603,0.085886,0.084245,0.38741,0.51192,0.33649,0.25206,0.3548,0.24875,0.23588,0.46816,0.61264,0.7719,0.59933,0.83327,0.79056,0.2151,0.351496151,0.219671796,0.04612438,0.245745778,0.07143988,0.228857555,0.23163316
-0.28386,0.027724,-0.038853,-0.11039,-0.42098,-0.24535,0.045806,0.19813,0.22508,0.35383,0.23603,0.11615,0.10593,0.38741,0.51192,0.33649,0.25206,0.3548,0.24875,0.23588,0.46816,0.61123,0.78177,0.59933,0.83327,0.69924,0.2151,0.351496151,0.219671796,0.04612438,0.244245203,0.055453705,0.211927311,0.23163316
-0.28386,0.043979,-0.038853,-0.11039,-0.42098,-0.24535,0.045806,0.19813,0.22508,0.35383,0.23603,0.11615,0.10593,0.38741,0.5048,0.33649,0.25206,0.4625,0.29993,0.24202,0.46265,0.61815,0.74743,0.58049,0.8,0.69892,0.23304,0.360359536,0.197036734,0.05203366,0.244245203,0.064901551,0.216739095,0.23163316
-0.28053,0.037103,-0.06187,-0.11039,-0.43225,-0.24535,0.045806,0.19813,0.22508,0.35383,0.23603,0.11615,0.10593,0.38741,0.50387,0.35422,0.28302,0.4625,0.35394,0.23576,0.43724,0.61446,0.75126,0.58313,0.81724,0.69892,0.23304,0.360359536,0.197036734,0.05203366,0.244245203,0.064901551,0.216739095,0.23163316
-0.27254,0.038649,-0.06187,-0.11039,-0.43225,-0.24535,0.023752,0.19813,0.22508,0.35383,0.23451,0.12216,0.10593,0.38946,0.51805,0.34577,0.29054,0.49497,0.35927,0.2506,0.45836,0.58817,0.75126,0.54031,0.77169,0.69892,0.23304,0.360359536,0.197036734,0.05203366,0.244245203,0.064901551,0.216739095,0.23163316
-0.28647,0.038649,-0.06187,-0.11039,-0.43225,-0.18103,0.022989,0.19657,0.20837,0.35366,0.24729,0.12216,0.11842,0.42671,0.51796,0.34577,0.29389,0.43448,0.36816,0.24991,0.45815,0.58817,0.75126,0.54031,0.77169,0.69892,0.2343,0.364137575,0.232582335,0.067653911,0.227538236,0.064901551,0.196190159,0.23163316
-0.28647,0.038649,-0.068139,-0.11969,-0.3971,-0.17601,0.030432,0.17283,0.20857,0.38165,0.24729,0.12861,0.11842,0.39701,0.51796,0.36429,0.31252,0.43448,0.36816,0.24991,0.45815,0.58817,0.75134,0.54031,0.77169,0.63756,0.25668,0.360485252,0.230946561,0.111824851,0.223928639,0.064901551,0.214020145,0.265273945
-0.28647,-0.0059556,-0.065514,-0.12609,-0.3971,-0.17532,0.035621,0.16946,0.20561,0.38165,0.24824,0.12763,0.14425,0.39701,0.51796,0.36427,0.3288,0.43448,0.36816,0.24991,0.45815,0.58891,0.75134,0.53378,0.76926,0.64335,0.25668,0.396493439,0.25503902,0.112979767,0.218266457,0.071208964,0.225186536,0.304701107
-0.29633,-0.0029842,-0.071157,-0.14015,-0.39432,-0.21341,0.035621,0.16998,0.20377,0.39673,0.24824,0.12763,0.1561,0.39701,0.51796,0.36427,0.3288,0.43448,0.35823,0.26311,0.46334,0.58891,0.75134,0.55687,0.76874,0.64335,0.26103,0.388617751,0.25503902,0.111419012,0.239455203,0.07368382,0.22997941,0.304701107
-0.31513,-0.0029842,-0.073474,-0.16462,-0.38906,-0.21296,0.035621,0.1687,0.18698,0.39673,0.24824,0.12763,0.1561,0.39701,0.51589,0.36427,0.3288,0.43184,0.35823,0.26311,0.46126,0.58891,0.76875,0.55687,0.76874,0.63379,0.2568,0.368073607,0.22990183,0.069061908,0.239455203,0.078431139,0.219439125,0.304701107
-0.31803,-0.021569,-0.073829,-0.16462,-0.38008,-0.21296,0.035621,0.1687,0.18698,0.39673,0.25004,0.12763,0.1561,0.40812,0.54921,0.36427,0.32724,0.44139,0.35261,0.26311,0.45402,0.59409,0.7436,0.559,0.73264,0.63379,0.2568,0.368073607,0.22990183,0.069061908,0.239455203,0.078431139,0.219439125,0.304701107
-0.31702,-0.022852,-0.073829,-0.16462,-0.38008,-0.21296,0.037094,0.1687,0.18698,0.41151,0.24951,0.12376,0.1762,0.41332,0.53988,0.36309,0.3224,0.44139,0.35166,0.27607,0.47279,0.61136,0.7436,0.58121,0.74307,0.63379,0.2568,0.368073607,0.22990183,0.069061908,0.238811021,0.078431139,0.219439125,0.276972567
-0.32502,-0.022852,-0.073829,-0.16462,-0.38008,-0.21308,0.037558,0.15679,0.18681,0.42518,0.24809,0.14566,0.16999,0.40896,0.53992,0.36679,0.34686,0.42489,0.3435,0.28781,0.47278,0.61136,0.7436,0.58121,0.74307,0.63379,0.25649,0.347776256,0.22990183,0.073641877,0.237995677,0.044504083,0.219439125,0.162648117
-0.32502,-0.022852,-0.073829,-0.16447,-0.38008,-0.21179,0.046768,0.15683,0.18815,0.41122,0.2466,0.16693,0.16333,0.40894,0.53245,0.37526,0.35662,0.41769,0.3435,0.28781,0.47278,0.61136,0.72293,0.58121,0.74307,0.63379,0.25649,0.347776256,0.22990183,0.081176859,0.234572124,0.031961873,0.219439125,0.182588155
-0.32502,-0.023028,-0.066619,-0.16376,-0.38008,-0.21907,0.047416,0.19142,0.18815,0.41043,0.25594,0.1659,0.16333,0.40618,0.53245,0.37078,0.35662,0.41769,0.3435,0.28781,0.47278,0.61229,0.71243,0.57749,0.74307,0.64241,0.2552,0.344872102,0.22990183,0.112966945,0.242053486,0.043658939,0.219439125,0.189267188
-0.30804,-0.0085211,-0.067921,-0.16435,-0.38008,-0.21374,0.050488,0.19005,0.17971,0.40739,0.25594,0.16559,0.16333,0.40618,0.53245,0.37078,0.35662,0.41769,0.36138,0.26583,0.48584,0.60576,0.70118,0.5551,0.74307,0.63695,0.25491,0.341113971,0.239298978,0.112988148,0.240880164,0.043616577,0.238069965,0.197662141
-0.30804,-0.0016658,-0.065916,-0.16208,-0.37426,-0.21967,0.050488,0.19863,0.17971,0.40739,0.25594,0.16559,0.16333,0.40618,0.53672,0.37078,0.35662,0.41769,0.36661,0.26727,0.48584,0.61828,0.69417,0.55585,0.75012,0.63657,0.24416,0.350406818,0.239298978,0.145961045,0.240880164,0.064670551,0.238069965,0.197662141
-0.30804,-0.00046297,-0.057966,-0.16588,-0.36243,-0.21967,0.050488,0.19863,0.17971,0.40739,0.25469,0.16559,0.16333,0.39024,0.53012,0.37477,0.35662,0.41059,0.36922,0.27409,0.48444,0.62168,0.68347,0.53309,0.75012,0.63974,0.24416,0.350406818,0.239298978,0.145961045,0.240880164,0.064670551,0.238069965,0.197662141
-0.30716,-0.0028978,-0.057966,-0.16588,-0.36243,-0.21967,0.070825,0.19863,0.17971,0.40746,0.2609,0.1537,0.16345,0.38442,0.53174,0.37013,0.35612,0.40861,0.36162,0.26302,0.48444,0.57801,0.68347,0.51508,0.75426,0.63974,0.24416,0.350406818,0.239298978,0.145961045,0.238143547,0.064670551,0.238069965,0.1509615
-0.30716,-0.0028978,-0.057966,-0.16588,-0.36243,-0.21967,0.070809,0.20358,0.17881,0.41093,0.2645,0.1486,0.16544,0.39604,0.53252,0.36905,0.35612,0.39921,0.37027,0.24782,0.48444,0.57801,0.68347,0.51508,0.75426,0.63974,0.27911,0.316636368,0.239298978,0.176931035,0.223595327,0.068568528,0.238069965,0.154113451
-0.30716,-0.0028978,-0.079259,-0.17887,-0.36243,-0.22516,0.081062,0.18211,0.17881,0.39767,0.26369,0.15387,0.16544,0.39633,0.53471,0.36709,0.35612,0.40768,0.37027,0.24782,0.48444,0.57801,0.68453,0.51508,0.75426,0.63974,0.27686,0.31549633,0.239298978,0.176907283,0.224714994,0.06595273,0.238069965,0.163492612
-0.30716,0.01393,-0.079226,-0.17048,-0.36243,-0.22795,0.081062,0.18213,0.17881,0.39222,0.25554,0.15408,0.16544,0.39633,0.53471,0.36255,0.35612,0.40768,0.37027,0.24782,0.48444,0.57198,0.67021,0.51508,0.75426,0.61056,0.27878,0.303380911,0.246659812,0.19626369,0.220345752,0.066339186,0.238069965,0.163492612
-0.31218,0.016957,-0.08017,-0.16437,-0.35836,-0.22783,0.044901,0.19574,0.19742,0.38121,0.25554,0.1566,0.15598,0.39633,0.53471,0.36255,0.35612,0.40768,0.37045,0.24631,0.48814,0.58277,0.67264,0.51508,0.74511,0.61063,0.28167,0.303380911,0.246659812,0.194138288,0.225152943,0.067342601,0.232498067,0.116698469
-0.30838,0.074142,-0.017157,-0.16437,-0.34595,-0.2077,0.044901,0.19574,0.19757,0.38121,0.25554,0.1566,0.15598,0.39633,0.53879,0.36255,0.35612,0.40768,0.36738,0.24631,0.48879,0.57803,0.67186,0.49812,0.74697,0.58872,0.33313,0.316619567,0.26558544,0.244044244,0.225152943,0.067342601,0.228995477,0.116698469
-0.28916,-0.025811,0.0431,-0.12028,-0.35069,-0.2077,0.044901,0.19574,0.19757,0.38121,0.23856,0.1566,0.15598,0.39633,0.52927,0.36351,0.37217,0.39251,0.3635,0.24013,0.48666,0.58396,0.68348,0.49812,0.75895,0.54658,0.33313,0.316619567,0.26558544,0.244044244,0.225152943,0.067342601,0.228995477,0.116698469
-0.30174,0.024015,0.0431,-0.12028,-0.35069,-0.2077,0.045529,0.19574,0.19757,0.3902,0.24061,0.13211,0.15635,0.37702,0.5263,0.35488,0.37213,0.40302,0.3558,0.25963,0.48666,0.67321,0.68348,0.50136,0.76332,0.54658,0.33313,0.316619567,0.26558544,0.244044244,0.202439861,0.067342601,0.228995477,0.119346868
-0.28469,0.024015,0.0431,-0.12028,-0.35069,-0.20284,0.045529,0.19574,0.18073,0.35582,0.24061,0.10597,0.15317,0.3685,0.52542,0.33425,0.37631,0.40488,0.37077,0.30339,0.4944,0.67321,0.68348,0.50136,0.76332,0.54658,0.33424,0.320202355,0.282491904,0.245229271,0.198018373,0.071174619,0.254061719,0.119450411
-0.28469,0.024015,0.062222,-0.09854,-0.35069,-0.22102,0.049977,0.1934,0.18397,0.35727,0.21611,0.1065,0.15524,0.35049,0.53214,0.32544,0.36692,0.36999,0.37077,0.30339,0.4944,0.67321,0.67317,0.50136,0.76332,0.54773,0.31092,0.320735281,0.258926102,0.245687744,0.217575196,0.070833775,0.277380609,0.01032724
-0.28469,0.024015,0.037154,-0.034311,-0.36029,-0.21499,0.049977,0.19889,0.21712,0.35211,0.21611,0.089963,0.16105,0.34249,0.53214,0.3386,0.38365,0.36999,0.37077,0.30339,0.4944,0.66642,0.67255,0.52861,0.78699,0.52685,0.31092,0.326246829,0.267226812,0.22762477,0.217575196,0.06630855,0.28421998,0.016100411
-0.19374,0.02685,0.037154,0.04372,-0.35769,-0.21499,0.059124,0.19804,0.2041,0.35211,0.21611,0.1107,0.15605,0.34249,0.53214,0.3386,0.38365,0.36999,0.36612,0.3168,0.50515,0.63761,0.71201,0.54244,0.79275,0.52379,0.35758,0.326246829,0.269190662,0.22762477,0.239843621,0.083564745,0.289450145,0.029749598
-0.15229,0.02685,0.05768,0.04372,-0.33824,-0.19839,0.059124,0.19804,0.20608,0.35211,0.21611,0.1107,0.15605,0.34249,0.53214,0.3386,0.38365,0.37237,0.36612,0.3168,0.51497,0.63761,0.71201,0.54244,0.77395,0.48699,0.35758,0.365916532,0.273151598,0.269204633,0.239843621,0.083564745,0.303849013,0.029749598
-0.15229,0.059583,0.05768,0.083765,-0.33824,-0.19839,0.059124,0.19804,0.20608,0.35211,0.2003,0.1107,0.15605,0.34473,0.5059,0.3386,0.38365,0.37237,0.34289,0.36723,0.51497,0.63761,0.72212,0.59527,0.80561,0.42783,0.35758,0.365916532,0.273151598,0.269204633,0.239843621,0.083564745,0.303849013,0.029749598
-0.14,0.059583,0.05768,0.083765,-0.33824,-0.19839,0.059124,0.19804,0.20608,0.35842,0.2003,0.1107,0.16072,0.37088,0.5059,0.3386,0.38604,0.36139,0.34289,0.36723,0.56884,0.63761,0.72212,0.59527,0.80308,0.42783,0.35758,0.365916532,0.273151598,0.269204633,0.239843621,0.083564745,0.303849013,0.029749598
-0.12718,0.059583,0.05768,0.083765,-0.33824,-0.18612,-0.024063,0.23851,0.21794,0.37279,0.21921,0.087755,0.16392,0.38571,0.47591,0.34138,0.3764,0.36139,0.28091,0.38059,0.56884,0.63761,0.72212,0.59527,0.80308,0.42783,0.36644,0.365916532,0.215296669,0.269204633,0.23151825,0.093958825,0.301671336,0.029749598
-0.12718,0.059583,0.063431,0.083765,-0.31476,-0.19455,-0.026642,0.23851,0.26996,0.36692,0.21465,0.087755,0.18073,0.38814,0.46267,0.34138,0.37449,0.35169,0.28091,0.38059,0.56884,0.63761,0.72212,0.59527,0.80308,0.42783,0.37181,0.380696744,0.201529178,0.276367255,0.212203772,0.093958825,0.301671336,0.029749598
-0.12718,0.083525,0.067387,0.11961,-0.30019,-0.20486,-0.026794,0.2362,0.23006,0.36995,0.21463,0.065624,0.17437,0.38436,0.46267,0.30896,0.37843,0.35169,0.28091,0.38059,0.56884,0.63761,0.72212,0.60588,0.82497,0.43314,0.38689,0.36075932,0.201542692,0.245035164,0.195479589,0.096949744,0.268229121,0.063998168
-0.12718,0.083541,0.058726,0.12004,-0.3031,-0.20657,-0.023114,0.24432,0.22526,0.36489,0.21463,0.091698,0.17658,0.38436,0.46267,0.30896,0.37843,0.35169,0.28091,0.38624,0.59166,0.63761,0.71634,0.60731,0.82629,0.46735,0.40621,0.36075932,0.193615013,0.248252706,0.195006811,0.130728232,0.276164422,0.009931885
-0.12854,0.048101,0.058008,0.12004,-0.29767,-0.20991,-0.023114,0.24432,0.22198,0.36489,0.21463,0.091698,0.17658,0.38436,0.46267,0.30896,0.37843,0.35169,0.26796,0.3915,0.59537,0.62349,0.70992,0.62296,0.82705,0.46801,0.40621,0.359666093,0.193325316,0.248410928,0.195006811,0.131361185,0.269361076,0.009931885
-0.12768,0.044494,0.0581,0.12853,-0.29238,-0.20991,-0.023114,0.24432,0.22198,0.36489,0.21345,0.083615,0.17658,0.37037,0.46267,0.28635,0.38086,0.35393,0.26486,0.39558,0.59102,0.65513,0.70992,0.62296,0.82679,0.45981,0.40621,0.359666093,0.193325316,0.248410928,0.195006811,0.131361185,0.269361076,0.009931885
-0.12768,0.045585,0.0581,0.12853,-0.29238,-0.20991,-0.023114,0.24432,0.22198,0.36489,0.20854,0.081559,0.17573,0.37037,0.46482,0.28647,0.38927,0.35393,0.26565,0.39558,0.59144,0.65865,0.70992,0.62296,0.82679,0.45981,0.40621,0.359666093,0.193325316,0.248410928,0.195006811,0.131361185,0.269361076,0.013703273
-0.12656,0.045585,0.0581,0.12853,-0.29238,-0.20929,-0.02383,0.24608,0.22422,0.38099,0.21348,0.081559,0.17325,0.34606,0.46367,0.28647,0.38927,0.35717,0.26527,0.39551,0.59144,0.65865,0.70992,0.62296,0.82679,0.45981,0.40478,0.359666093,0.193325316,0.248410928,0.203400116,0.131361185,0.266751396,0.025473329
-0.12656,0.045585,0.049676,0.12853,-0.29238,-0.2061,-0.021591,0.24608,0.22422,0.37212,0.21222,0.081559,0.17325,0.34224,0.4602,0.28365,0.38621,0.3578,0.26527,0.39551,0.59144,0.65865,0.70898,0.62296,0.82679,0.46294,0.4068,0.380789961,0.2369399,0.244567709,0.200351863,0.132862662,0.266751396,-0.013584582
-0.12656,0.028867,0.050481,0.12972,-0.29238,-0.20509,-0.020103,0.24569,0.22422,0.3717,0.2147,0.078944,0.17377,0.34112,0.4602,0.25713,0.38215,0.3578,0.26527,0.39551,0.59144,0.67428,0.69649,0.62319,0.82679,0.46503,0.406939631,0.379261638,0.237079839,0.245141582,0.202043666,0.129097216,0.272071009,-0.038609778
-0.11791,0.024799,0.05633,0.15281,-0.28971,-0.20989,-0.019338,0.24193,0.22686,0.37312,0.2147,0.07293,0.16907,0.34112,0.4602,0.25713,0.38215,0.3578,0.26502,0.3966,0.60627,0.67495,0.70168,0.64795,0.82614,0.4613,0.406057301,0.393488267,0.25230996,0.231371932,0.207520043,0.132030211,0.265501663,-0.036538876
-0.11822,0.024799,0.055414,0.15224,-0.29534,-0.20977,-0.019338,0.22144,0.22657,0.37312,0.2147,0.07293,0.16907,0.34112,0.4558,0.25713,0.38215,0.35201,0.26702,0.4311,0.59226,0.65397,0.69537,0.64831,0.81495,0.46128,0.397886698,0.400102975,0.252904557,0.2277135,0.207520043,0.164768147,0.266498852,-0.036538876
-0.10657,0.026304,0.052679,0.15047,-0.28953,-0.20977,-0.019338,0.22144,0.22657,0.37312,0.21528,0.07293,0.16907,0.33547,0.45676,0.2414,0.3969,0.36357,0.26749,0.46389,0.59933,0.65506,0.67764,0.70377,0.81468,0.45239,0.397886698,0.400102975,0.252904557,0.2277135,0.207520043,0.164768147,0.266498852,-0.036538876
-0.10484,0.030542,0.052679,0.15047,-0.28953,-0.20977,-0.024581,0.22144,0.22657,0.36613,0.21528,0.077857,0.16766,0.33646,0.45674,0.2414,0.3969,0.36412,0.26773,0.46496,0.60083,0.64654,0.67764,0.7054,0.85189,0.45239,0.397886698,0.400102975,0.252904557,0.2277135,0.207520043,0.164768147,0.266498852,-0.116591691
-0.10484,0.030542,0.052679,0.15047,-0.28953,-0.20047,-0.024743,0.22189,0.26028,0.36919,0.21216,0.079205,0.16884,0.33764,0.45741,0.24046,0.38756,0.36418,0.25959,0.46726,0.60042,0.64654,0.67764,0.7054,0.85189,0.45239,0.416521372,0.417874357,0.252904557,0.228105049,0.211041255,0.164768147,0.273998435,-0.115295122
-0.10484,0.030542,0.053977,0.15047,-0.2896,-0.19979,-0.025609,0.2279,0.26068,0.36969,0.21278,0.079471,0.16934,0.33959,0.45744,0.24328,0.38763,0.36828,0.25959,0.46726,0.60042,0.64654,0.68124,0.7054,0.85189,0.43168,0.419314956,0.405207658,0.246379638,0.231308476,0.230454474,0.16412498,0.273998435,-0.115132531
-0.10484,0.036229,0.052336,0.16561,-0.28974,-0.19979,-0.036276,0.22878,0.26034,0.36969,0.21263,0.088547,0.15494,0.33959,0.45744,0.24095,0.37353,0.36828,0.25959,0.46726,0.60042,0.64654,0.69392,0.7069,0.85189,0.43168,0.419314956,0.405207658,0.23552887,0.231308476,0.230454474,0.166689344,0.270831458,-0.467989367
-0.10438,0.036229,0.05758,0.17299,-0.29069,-0.18212,-0.036317,0.22769,0.26288,0.37544,0.21263,0.088517,0.15503,0.33959,0.45744,0.24095,0.37353,0.36828,0.25959,0.46777,0.60197,0.65294,0.69392,0.70485,0.84725,0.4304,0.419314956,0.405207658,0.217586467,0.231308476,0.230454474,0.164487509,0.275991976,-0.467989367
-0.12995,0.045917,0.059677,0.17299,-0.29109,-0.18224,-0.036317,0.22769,0.26169,0.37544,0.21263,0.088517,0.15503,0.33959,0.46654,0.24095,0.37353,0.36828,0.25959,0.46777,0.59902,0.65381,0.69392,0.70485,0.84725,0.4304,0.419314956,0.405207658,0.217586467,0.231308476,0.230454474,0.164487509,0.24392055,-0.467989367
-0.11405,0.058768,0.065043,0.17226,-0.2894,-0.18224,-0.036317,0.22769,0.26169,0.37544,0.21285,0.088517,0.15503,0.34432,0.46657,0.2482,0.36557,0.36828,0.25959,0.46777,0.59902,0.65381,0.69392,0.70485,0.84725,0.4304,0.419314956,0.405207658,0.217586467,0.231308476,0.230454474,0.164487509,0.24392055,-0.467989367
-0.11292,0.057863,0.065043,0.17226,-0.2894,-0.18224,-0.032755,0.22769,0.26169,0.37898,0.21599,0.087044,0.1965,0.34439,0.46159,0.24818,0.366,0.36828,0.25959,0.46777,0.59902,0.65381,0.69392,0.70485,0.84725,0.4304,0.419314956,0.405207658,0.217586467,0.231308476,0.230454474,0.164487509,0.24392055,-0.467989367
-0.11832,0.057863,0.065043,0.17226,-0.2894,-0.18131,-0.027665,0.26301,0.27728,0.37778,0.21681,0.087186,0.19649,0.34216,0.45731,0.24823,0.36599,0.36828,0.25959,0.46777,0.59902,0.65381,0.69392,0.70485,0.84725,0.4304,0.419314956,0.405207658,0.217586467,0.231308476,0.230454474,0.164487509,0.24392055,-0.467989367
-0.11832,0.057863,0.065043,0.18373,-0.28345,-0.1726,-0.03853,0.26301,0.27741,0.36928,0.22019,0.083849,0.19973,0.34641,0.44112,0.2463,0.36599,0.36828,0.25959,0.46777,0.59902,0.65381,0.69392,0.70485,0.84725,0.4304,0.419314956,0.405207658,0.217586467,0.231308476,0.230454474,0.164487509,0.24392055,-0.467989367
-0.11832,0.085137,0.048739,0.12645,-0.28788,-0.16712,-0.039919,0.26294,0.26868,0.3668,0.22436,0.09198,0.20218,0.35299,0.44112,0.24555,0.36203,0.36828,0.25959,0.46777,0.59902,0.65381,0.69392,0.70485,0.84725,0.4304,0.419314956,0.405207658,0.217586467,0.231308476,0.230454474,0.164487509,0.24392055,-0.467989367
-0.13374,0.15788,0.059191,0.11111,-0.28509,-0.16712,-0.039433,0.26067,0.26109,0.36201,0.22436,0.10476,0.2078,0.35299,0.44112,0.24555,0.36203,0.36828,0.25959,0.46777,0.59902,0.65381,0.69392,0.70485,0.84725,0.4304,0.419314956,0.405207658,0.217586467,0.231308476,0.230454474,0.164487509,0.24392055,-0.467989367
-0.14494,0.13304,0.048198,0.1139,-0.26922,-0.16819,-0.039433,0.26268,0.26449,0.36201,0.22476,0.10476,0.2078,0.35299,0.44175,0.24555,0.36203,0.36828,0.25959,0.46777,0.59902,0.65381,0.69392,0.70485,0.84725,0.4304,0.419314956,0.405207658,0.217586467,0.231308476,0.230454474,0.164487509,0.24392055,-0.467989367
-0.15182,0.1384,0.047146,0.096516,-0.26578,-0.16819,-0.039433,0.26268,0.26449,0.36201,0.22476,0.10476,0.2078,0.35299,0.44175,0.25178,0.36623,0.36828,0.25959,0.46777,0.59902,0.65381,0.69392,0.70485,0.84725,0.4304,0.419314956,0.405207658,0.217586467,0.231308476,0.230454474,0.164487509,0.24392055,-0.467989367
-0.15182,0.1384,0.047146,0.096516,-0.26578,-0.16819,-0.039433,0.26268,0.26449,0.36123,0.22476,0.11155,0.20843,0.35425,0.43003,0.25553,0.36606,0.36828,0.25959,0.46777,0.59902,0.65381,0.69392,0.70485,0.84725,0.4304,0.419314956,0.405207658,0.217586467,0.231308476,0.230454474,0.164487509,0.24392055,-0.467989367
-0.12146,0.1384,0.047146,0.096516,-0.26578,-0.16694,-0.018147,0.26403,0.2665,0.36123,0.22504,0.11155,0.21792,0.36088,0.43003,0.25553,0.35697,0.36828,0.25959,0.46777,0.59902,0.65381,0.69392,0.70485,0.84725,0.4304,0.419314956,0.405207658,0.217586467,0.231308476,0.230454474,0.164487509,0.24392055,-0.467989367
-0.12146,0.1384,0.047146,0.096516,-0.26369,-0.13485,-0.0070912,0.26482,0.2665,0.35341,0.21713,0.12755,0.21792,0.36088,0.42065,0.25202,0.35697,0.36828,0.25959,0.46777,0.59902,0.65381,0.69392,0.70485,0.84725,0.4304,0.419314956,0.405207658,0.217586467,0.231308476,0.230454474,0.164487509,0.24392055,-0.467989367
-0.12146,0.12701,0.056242,0.096516,-0.26369,-0.13895,-0.0070912,0.2611,0.26543,0.34441,0.21713,0.12755,0.21342,0.36088,0.42065,0.2571,0.35658,0.36828,0.25959,0.46777,0.59902,0.65381,0.69392,0.70485,0.84725,0.4304,0.419314956,0.405207658,0.217586467,0.231308476,0.230454474,0.164487509,0.24392055,-0.467989367
-0.12146,0.10899,0.056242,0.075506,-0.24452,-0.13895,-0.0070912,0.24858,0.26543,0.34441,0.21713,0.12748,0.21174,0.36088,0.42065,0.2571,0.35658,0.36828,0.25959,0.46777,0.59902,0.65381,0.69392,0.70485,0.84725,0.4304,0.419314956,0.405207658,0.217586467,0.231308476,0.230454474,0.164487509,0.24392055,-0.467989367
-0.12965,0.10899,0.056242,0.076926,-0.25448,-0.13895,-0.0070912,0.24858,0.26618,0.34441,0.21713,0.12748,0.21174,0.36088,0.42065,0.2571,0.35658,0.36828,0.25959,0.46777,0.59902,0.65381,0.69392,0.70485,0.84725,0.4304,0.419314956,0.405207658,0.217586467,0.231308476,0.230454474,0.164487509,0.24392055,-0.467989367
-0.1213,0.10899,0.056242,0.076926,-0.25448,-0.13895,-0.0070912,0.24858,0.26618,0.34441,0.21713,0.12748,0.21174,0.36088,0.42065,0.2571,0.35658,0.36828,0.25959,0.46777,0.59902,0.65381,0.69392,0.70485,0.84725,0.4304,0.419314956,0.405207658,0.217586467,0.231308476,0.230454474,0.164487509,0.24392055,-0.467989367
-0.1213,0.10899,0.056242,0.076926,-0.25448,-0.13895,-0.0070912,0.24858,0.26618,0.34441,0.21713,0.12748,0.21174,0.36088,0.42065,0.2571,0.35658,0.36828,0.25959,0.46777,0.59902,0.65381,0.69392,0.70485,0.84725,0.4304,0.419314956,0.405207658,0.217586467,0.231308476,0.230454474,0.164487509,0.24392055,-0.467989367
-0.1213,0.10899,0.056242,0.076926,-0.25448,-0.13895,-0.0070912,0.24858,0.26618,0.34441,0.21713,0.12748,0.21174,0.36088,0.42065,0.2571,0.35658,0.36828,0.25959,0.46777,0.59902,0.65381,0.69392,0.70485,0.84725,0.4304,0.419314956,0.405207658,0.217586467,0.231308476,0.230454474,0.164487509,0.24392055,-0.467989367
-0.1213,0.10899,0.056242,0.076926,-0.25448,-0.13895,-0.0070912,0.24858,0.26618,0.34441,0.21713,0.12748,0.21174,0.36088,0.42065,0.2571,0.35658,0.36828,0.25959,0.46777,0.59902,0.65381,0.69392,0.70485,0.84725,0.4304,0.419314956,0.405207658,0.217586467,0.231308476,0.230454474,0.164487509,0.24392055,-0.467989367
-0.1213,0.10899,0.056242,0.076926,-0.25448,-0.13895,-0.0070912,0.24858,0.26618,0.34441,0.21713,0.12748,0.21174,0.36088,0.42065,0.2571,0.35658,0.36828,0.25959,0.46777,0.59902,0.65381,0.69392,0.70485,0.84725,0.4304,0.419314956,0.405207658,0.217586467,0.231308476,0.230454474,0.164487509,0.24392055,-0.467989367
-0.1213,0.10899,0.056242,0.076926,-0.25448,-0.13895,-0.0070912,0.24858,0.26618,0.34441,0.21713,0.12748,0.21174,0.36088,0.42065,0.2571,0.35658,0.36828,0.25959,0.46777,0.59902,0.65381,0.69392,0.70485,0.84725,0.4304,0.419314956,0.405207658,0.217586467,0.231308476,0.230454474,0.164487509,0.24392055,-0.467989367
-0.1213,0.10899,0.056242,0.076926,-0.25448,-0.13895,-0.0070912,0.24858,0.26618,0.34441,0.21713,0.12748,0.21174,0.36088,0.42065,0.2571,0.35658,0.36828,0.25959,0.46777,0.59902,0.65381,0.69392,0.70485,0.84725,0.4304,0.419314956,0.405207658,0.217586467,0.231308476,0.230454474,0.164487509,0.24392055,-0.467989367
-0.1213,0.10899,0.056242,0.076926,-0.25448,-0.13895,-0.0070912,0.24858,0.26618,0.34441,0.21713,0.12748,0.21174,0.36088,0.42065,0.2571,0.35658,0.36828,0.25959,0.46777,0.59902,0.65381,0.69392,0.70485,0.84725,0.4304,0.419314956,0.405207658,0.217586467,0.231308476,0.230454474,0.164487509,0.24392055,-0.467989367
-0.1213,0.10899,0.056242,0.076926,-0.25448,-0.13895,-0.0070912,0.24858,0.26618,0.34441,0.21713,0.12748,0.21174,0.36088,0.42065,0.2571,0.35658,0.36828,0.25959,0.46777,0.59902,0.65381,0.69392,0.70485,0.84725,0.4304,0.419314956,0.405207658,0.217586467,0.231308476,0.230454474,0.164487509,0.24392055,-0.467989367
-0.1213,0.10899,0.056242,0.076926,-0.25448,-0.13895,-0.0070912,0.24858,0.26618,0.34441,0.21713,0.12748,0.21174,0.36088,0.42065,0.2571,0.35658,0.36828,0.25959,0.46777,0.59902,0.65381,0.69392,0.70485,0.84725,0.4304,0.419314956,0.405207658,0.217586467,0.231308476,0.230454474,0.164487509,0.24392055,-0.467989367
-0.1213,0.10899,0.056242,0.076926,-0.25448,-0.13895,-0.0070912,0.24858,0.26618,0.34441,0.21713,0.12748,0.21174,0.36088,0.42065,0.2571,0.35658,0.36828,0.25959,0.46777,0.59902,0.65381,0.69392,0.70485,0.84725,0.4304,0.419314956,0.405207658,0.217586467,0.231308476,0.230454474,0.164487509,0.24392055,-0.467989367
-0.1213,0.10899,0.056242,0.076926,-0.25448,-0.13895,-0.0070912,0.24858,0.26618,0.34441,0.21713,0.12748,0.21174,0.36088,0.42065,0.2571,0.35658,0.36828,0.25959,0.46777,0.59902,0.65381,0.69392,0.70485,0.84725,0.4304,0.419314956,0.405207658,0.217586467,0.231308476,0.230454474,0.164487509,0.24392055,-0.467989367
-0.1213,0.10899,0.056242,0.076926,-0.25448,-0.13895,-0.0070912,0.24858,0.26618,0.34441,0.21713,0.12748,0.21174,0.36088,0.42065,0.2571,0.35658,0.36828,0.25959,0.46777,0.59902,0.65381,0.69392,0.70485,0.84725,0.4304,0.419314956,0.405207658,0.217586467,0.231308476,0.230454474,0.164487509,0.24392055,-0.467989367
-0.1213,0.10899,0.056242,0.076926,-0.25448,-0.13895,-0.0070912,0.24858,0.26618,0.34441,0.21713,0.12748,0.21174,0.36088,0.42065,0.2571,0.35658,0.36828,0.25959,0.46777,0.59902,0.65381,0.69392,0.70485,0.84725,0.4304,0.419314956,0.405207658,0.217586467,0.231308476,0.230454474,0.164487509,0.24392055,-0.467989367
-0.1213,0.10899,0.056242,0.076926,-0.25448,-0.13895,-0.0070912,0.24858,0.26618,0.34441,0.21713,0.12748,0.21174,0.36088,0.42065,0.2571,0.35658,0.36828,0.25959,0.46777,0.59902,0.65381,0.69392,0.70485,0.84725,0.4304,0.419314956,0.405207658,0.217586467,0.231308476,0.230454474,0.164487509,0.24392055,-0.467989367
-0.1213,0.10899,0.056242,0.076926,-0.25448,-0.13895,-0.0070912,0.24858,0.26618,0.34441,0.21713,0.12748,0.21174,0.36088,0.42065,0.2571,0.35658,0.36828,0.25959,0.46777,0.59902,0.65381,0.69392,0.70485,0.84725,0.4304,0.419314956,0.405207658,0.217586467,0.231308476,0.230454474,0.164487509,0.24392055,-0.467989367
-0.1213,0.10899,0.056242,0.076926,-0.25448,-0.13895,-0.0070912,0.24858,0.26618,0.34441,0.21713,0.12748,0.21174,0.36088,0.42065,0.2571,0.35658,0.36828,0.25959,0.46777,0.59902,0.65381,0.69392,0.70485,0.84725,0.4304,0.419314956,0.405207658,0.217586467,0.231308476,0.230454474,0.164487509,0.24392055,-0.467989367
-0.1213,0.10899,0.056242,0.076926,-0.25448,-0.13895,-0.0070912,0.24858,0.26618,0.34441,0.21713,0.12748,0.21174,0.36088,0.42065,0.2571,0.35658,0.36828,0.25959,0.46777,0.59902,0.65381,0.69392,0.70485,0.84725,0.4304,0.419314956,0.405207658,0.217586467,0.231308476,0.230454474,0.164487509,0.24392055,-0.467989367
-0.1213,0.10899,0.056242,0.076926,-0.25448,-0.13895,-0.0070912,0.24858,0.26618,0.34441,0.21713,0.12748,0.21174,0.36088,0.42065,0.2571,0.35658,0.36828,0.25959,0.46777,0.59902,0.65381,0.69392,0.70485,0.84725,0.4304,0.419314956,0.405207658,0.217586467,0.231308476,0.230454474,0.164487509,0.24392055,-0.467989367
-0.1213,0.10899,0.056242,0.076926,-0.25448,-0.13895,-0.0070912,0.24858,0.26618,0.34441,0.21713,0.12748,0.21174,0.36088,0.42065,0.2571,0.35658,0.36828,0.25959,0.46777,0.59902,0.65381,0.69392,0.70485,0.84725,0.4304,0.419314956,0.405207658,0.217586467,0.231308476,0.230454474,0.164487509,0.24392055,-0.467989367
-0.1213,0.10899,0.056242,0.076926,-0.25448,-0.13895,-0.0070912,0.24858,0.26618,0.34441,0.21713,0.12748,0.21174,0.36088,0.42065,0.2571,0.35658,0.36828,0.25959,0.46777,0.59902,0.65381,0.69392,0.70485,0.84725,0.4304,0.419314956,0.405207658,0.217586467,0.231308476,0.230454474,0.164487509,0.24392055,-0.467989367
-0.1213,0.10899,0.056242,0.076926,-0.25448,-0.13895,-0.0070912,0.24858,0.26618,0.34441,0.21713,0.12748,0.21174,0.36088,0.42065,0.2571,0.35658,0.36828,0.25959,0.46777,0.59902,0.65381,0.69392,0.70485,0.84725,0.4304,0.419314956,0.405207658,0.217586467,0.231308476,0.230454474,0.164487509,0.24392055,-0.467989367
-0.1213,0.10899,0.056242,0.076926,-0.25448,-0.13895,-0.0070912,0.24858,0.26618,0.34441,0.21713,0.12748,0.21174,0.36088,0.42065,0.2571,0.35658,0.36828,0.25959,0.46777,0.59902,0.65381,0.69392,0.70485,0.84725,0.4304,0.419314956,0.405207658,0.217586467,0.231308476,0.230454474,0.164487509,0.24392055,-0.467989367
-0.1213,0.10899,0.056242,0.076926,-0.25448,-0.13895,-0.0070912,0.24858,0.26618,0.34441,0.21713,0.12748,0.21174,0.36088,0.42065,0.2571,0.35658,0.36828,0.25959,0.46777,0.59902,0.65381,0.69392,0.70485,0.84725,0.4304,0.419314956,0.405207658,0.217586467,0.231308476,0.230454474,0.164487509,0.24392055,-0.467989367
-0.1213,0.10899,0.056242,0.076926,-0.25448,-0.13895,-0.0070912,0.24858,0.26618,0.34441,0.21713,0.12748,0.21174,0.36088,0.42065,0.2571,0.35658,0.36828,0.25959,0.46777,0.59902,0.65381,0.69392,0.70485,0.84725,0.4304,0.419314956,0.405207658,0.217586467,0.231308476,0.230454474,0.164487509,0.24392055,-0.467989367
-0.1213,0.10899,0.056242,0.076926,-0.25448,-0.13895,-0.0070912,0.24858,0.26618,0.34441,0.21713,0.12748,0.21174,0.36088,0.42065,0.2571,0.35658,0.36828,0.25959,0.46777,0.59902,0.65381,0.69392,0.70485,0.84725,0.4304,0.419314956,0.405207658,0.217586467,0.231308476,0.230454474,0.164487509,0.24392055,-0.467989367
-0.1213,0.10899,0.056242,0.076926,-0.25448,-0.13895,-0.0070912,0.24858,0.26618,0.34441,0.21713,0.12748,0.21174,0.36088,0.42065,0.2571,0.35658,0.36828,0.25959,0.46777,0.59902,0.65381,0.69392,0.70485,0.84725,0.4304,0.419314956,0.405207658,0.217586467,0.231308476,0.230454474,0.164487509,0.24392055,-0.467989367
-0.1213,0.10899,0.056242,0.076926,-0.25448,-0.13895,-0.0070912,0.24858,0.26618,0.34441,0.21713,0.12748,0.21174,0.36088,0.42065,0.2571,0.35658,0.36828,0.25959,0.46777,0.59902,0.65381,0.69392,0.70485,0.84725,0.4304,0.419314956,0.405207658,0.217586467,0.231308476,0.230454474,0.164487509,0.24392055,-0.467989367
-0.1213,0.10899,0.056242,0.076926,-0.25448,-0.13895,-0.0070912,0.24858,0.26618,0.34441,0.21713,0.12748,0.21174,0.36088,0.42065,0.2571,0.35658,0.36828,0.25959,0.46777,0.59902,0.65381,0.69392,0.70485,0.84725,0.4304,0.419314956,0.405207658,0.217586467,0.231308476,0.230454474,0.164487509,0.24392055,-0.467989367
-0.1213,0.10899,0.056242,0.076926,-0.25448,-0.13895,-0.0070912,0.24858,0.26618,0.34441,0.21713,0.12748,0.21174,0.36088,0.42065,0.2571,0.35658,0.36828,0.25959,0.46777,0.59902,0.65381,0.69392,0.70485,0.84725,0.4304,0.419314956,0.405207658,0.217586467,0.231308476,0.230454474,0.164487509,0.24392055,-0.467989367
-0.1213,0.10899,0.056242,0.076926,-0.25448,-0.13895,-0.0070912,0.24858,0.26618,0.34441,0.21713,0.12748,0.21174,0.36088,0.42065,0.2571,0.35658,0.36828,0.25959,0.46777,0.59902,0.65381,0.69392,0.70485,0.84725,0.4304,0.419314956,0.405207658,0.217586467,0.231308476,0.230454474,0.164487509,0.24392055,-0.467989367
-0.1213,0.10899,0.056242,0.076926,-0.25448,-0.13895,-0.0070912,0.24858,0.26618,0.34441,0.21713,0.12748,0.21174,0.36088,0.42065,0.2571,0.35658,0.36828,0.25959,0.46777,0.59902,0.65381,0.69392,0.70485,0.84725,0.4304,0.419314956,0.405207658,0.217586467,0.231308476,0.230454474,0.164487509,0.24392055,-0.467989367
-0.1213,0.10899,0.056242,0.076926,-0.25448,-0.13895,-0.0070912,0.24858,0.26618,0.34441,0.21713,0.12748,0.21174,0.36088,0.42065,0.2571,0.35658,0.36828,0.25959,0.46777,0.59902,0.65381,0.69392,0.70485,0.84725,0.4304,0.419314956,0.405207658,0.217586467,0.231308476,0.230454474,0.164487509,0.24392055,-0.467989367
-0.1213,0.10899,0.056242,0.076926,-0.25448,-0.13895,-0.0070912,0.24858,0.26618,0.34441,0.21713,0.12748,0.21174,0.36088,0.42065,0.2571,0.35658,0.36828,0.25959,0.46777,0.59902,0.65381,0.69392,0.70485,0.84725,0.4304,0.419314956,0.405207658,0.217586467,0.231308476,0.230454474,0.164487509,0.24392055,-0.467989367
-0.1213,0.10899,0.056242,0.076926,-0.25448,-0.13895,-0.0070912,0.24858,0.26618,0.34441,0.21713,0.12748,0.21174,0.36088,0.42065,0.2571,0.35658,0.36828,0.25959,0.46777,0.59902,0.65381,0.69392,0.70485,0.84725,0.4304,0.419314956,0.405207658,0.217586467,0.231308476,0.230454474,0.164487509,0.24392055,-0.467989367
-0.1213,0.10899,0.056242,0.076926,-0.25448,-0.13895,-0.0070912,0.24858,0.26618,0.34441,0.21713,0.12748,0.21174,0.36088,0.42065,0.2571,0.35658,0.36828,0.25959,0.46777,0.59902,0.65381,0.69392,0.70485,0.84725,0.4304,0.419314956,0.405207658,0.217586467,0.231308476,0.230454474,0.164487509,0.24392055,-0.467989367
-0.1213,0.10899,0.056242,0.076926,-0.25448,-0.13895,-0.0070912,0.24858,0.26618,0.34441,0.21713,0.12748,0.21174,0.36088,0.42065,0.2571,0.35658,0.36828,0.25959,0.46777,0.59902,0.65381,0.69392,0.70485,0.84725,0.4304,0.419314956,0.405207658,0.217586467,0.231308476,0.230454474,0.164487509,0.24392055,-0.467989367
-0.1213,0.10899,0.056242,0.076926,-0.25448,-0.13895,-0.0070912,0.24858,0.26618,0.34441,0.21713,0.12748,0.21174,0.36088,0.42065,0.2571,0.35658,0.36828,0.25959,0.46777,0.59902,0.65381,0.69392,0.70485,0.84725,0.4304,0.419314956,0.405207658,0.217586467,0.231308476,0.230454474,0.164487509,0.24392055,-0.467989367
-0.1213,0.10899,0.056242,0.076926,-0.25448,-0.13895,-0.0070912,0.24858,0.26618,0.34441,0.21713,0.12748,0.21174,0.36088,0.42065,0.2571,0.35658,0.36828,0.25959,0.46777,0.59902,0.65381,0.69392,0.70485,0.84725,0.4304,0.419314956,0.405207658,0.217586467,0.231308476,0.230454474,0.164487509,0.24392055,-0.467989367
-0.1213,0.10899,0.056242,0.076926,-0.25448,-0.13895,-0.0070912,0.24858,0.26618,0.34441,0.21713,0.12748,0.21174,0.36088,0.42065,0.2571,0.35658,0.36828,0.25959,0.46777,0.59902,0.65381,0.69392,0.70485,0.84725,0.4304,0.419314956,0.405207658,0.217586467,0.231308476,0.230454474,0.164487509,0.24392055,-0.467989367
-0.1213,0.10899,0.056242,0.076926,-0.25448,-0.13895,-0.0070912,0.24858,0.26618,0.34441,0.21713,0.12748,0.21174,0.36088,0.42065,0.2571,0.35658,0.36828,0.25959,0.46777,0.59902,0.65381,0.69392,0.70485,0.84725,0.4304,0.419314956,0.405207658,0.217586467,0.231308476,0.230454474,0.164487509,0.24392055,-0.467989367
-0.1213,0.10899,0.056242,0.076926,-0.25448,-0.13895,-0.0070912,0.24858,0.26618,0.34441,0.21713,0.12748,0.21174,0.36088,0.42065,0.2571,0.35658,0.36828,0.25959,0.46777,0.59902,0.65381,0.69392,0.70485,0.84725,0.4304,0.419314956,0.405207658,0.217586467,0.231308476,0.230454474,0.164487509,0.24392055,-0.467989367
-0.1213,0.10899,0.056242,0.076926,-0.25448,-0.13895,-0.0070912,0.24858,0.26618,0.34441,0.21713,0.12748,0.21174,0.36088,0.42065,0.2571,0.35658,0.36828,0.25959,0.46777,0.59902,0.65381,0.69392,0.70485,0.84725,0.4304,0.419314956,0.405207658,0.217586467,0.231308476,0.230454474,0.164487509,0.24392055,-0.467989367
-0.3773,-0.2072,-0.3232,-0.0970,-0.4192,-0.3927,0.5332,0.3206,0.2495,0.4654,0.1743,0.4712,0.4270,0.7576,0.4056,0.4379,0.4078,0.5990,0.2791,0.4405,0.7518,0.7176,0.6807,0.7712,0.8276,0.2674,0.3396,0.1932,0.4112,0.4859,0.1983,0.2758,0.0339,-3.5847
