2.04250372634125,0.402933162336314,-0.937685286173351,-0.937971063754323,0.950395384246728,0.66195988894369,-4.45139334282078,-1.5909202215976,2.09801128046995,-3.18442481936002,2.11083930098069,-0.01904588802178,-5.88630049693129,2.72698130228487,-0.579707245840481,-3.37196773904724,0.900051119155524,1.60863275502349,-4.51654047379196,2.58705039031757,-0.237615140189823,1.97995828713292,0.693027739451733,0.59576156179192,-0.358237243394089,0.41222728938598,0.941726760484075,0.649751673934828,2.08254778835068,3.84202239870944,-6.04639264768214,2.11923438471949,0.920908336341725,1.38379879380415,-1.24688895926474,0.15370006914577,1.088480377545,0.334442434238687,-1.39009762821643,4.90878763261245,-2.23136799931086,2.20449635145965,1.60393035847921,-0.265553903741674,0.653977488187045,0.83846075688954,-1.29079200557833,2.0413620161047,1.49680773085081,-0.299953249508073,0.830918060351351,0.86571673241822,1.22523867811163,4.99875509116727,-2.4763316817981,-0.484722245273937,0.262512935933668,0.668786444952164,-0.270496245769882,-0.452325999466487,0.666425883422074,-3.3288361349887,7.6095350080171,-2.27017885992789,0.008700658322708,3.5790743792783,-2.34795332195636,0.849030592271587,1.73103272916834,-2.94651825687973,1.91389220783415,-0.162390772401807,-1.38685129453472,-3.18990584604195,8.72955056964192,-2.85076136234213,0.906249803297056,-0.357435261643547,2.37744211925007,-0.924123286760271,0.607478762545547,-0.608028366988714,1.03269599621023,1.18785161133159,-0.651894024581491,16.1293777688647,-32.0442451537362,9.77093534653284,2.92813391968502,0.643989446036172,6.7616664522202,1.66284230907681,-0.333414964755503,0.17051265698472,-0.180456061683163,1.81181424032306,-1.00681742536691,10.4564023440928,-16.9699837046764,4.11473401422576,3.56738576038305,7.95334981202358,-14.075302486444,1.46223779775509,-51.7816411288371,-52.1754401749626,112.266509408364,56.0384925457338
0.44955,-1.7907,-5.6706,-6.116,-3.8961,-4.1541,-5.1489,-4.2713,-2.4883,-3.2134,-4.4421,-5.1797,-6.1793,-6.1876,-5.7008,-4.685,-5.2677,-6.0989,-4.3529,-5.3742,-6.0949,-5.2006,-6.604,-7.378,-3.8973,-3.6774,-3.067,-2.3763,-2.5613,-1.7366,-1.5479,-2.3242,0.32303,-1.8214,-0.64217,-0.6988,-2.2584,-2.6074,-2.1942,-4.1649,-3.2079,-2.9813,-2.5841,-2.1416,-1.7066,-0.049999,1.1717,0.3141,0.27823,-0.24875,0.75428,-0.38362,0.56768,0.097011,-0.23853,1.1133,1.6019,-0.81565,1.7497,0.53786,0.93708,2.5663,0.33756,-1.0762,1.5236,2.2045,0.245,2.3282,2.2064,3.8136,2.8634,4.5768,1.1194,3.5784,2.073,2.8751,3.6583,2.5385,5.2697,4.821,1.5336,2.773,0.74321,-1.1983,1.364,0.53768,1.785056797,1.533201873,3.807607065,-5.174869186,-1.87563561,-2.88963999,-2.630236711,-2.202358359,-1.981480626,-1.311951333,-0.670957703,-0.682683676,-2.74770724,-1.428430955,-3.120411823,-0.212000743,0.395224573,-0.516331409,1.432485691,-1.767002991,-13.50868341,-39.66867867
0.44955,-1.7907,-5.6517,-6.0554,-3.8961,-4.8445,-5.1396,-4.3938,-2.4978,-3.2199,-4.5568,-5.7176,-6.1793,-6.261,-5.7183,-4.685,-5.2763,-6.0471,-4.3529,-5.2232,-6.0949,-5.2006,-6.6816,-7.0808,-3.8973,-3.6782,-3.064,-2.2676,-2.5602,-1.7366,-1.3756,-1.956,0.32303,-1.8214,-0.6651,-0.34075,-2.3615,-2.6097,-2.1942,-4.1716,-3.2048,-2.9813,-2.5841,-2.415,-0.70367,0.22139,1.1783,0.3141,0.287,-0.2309,0.75428,-0.38084,0.55766,0.47635,-0.23853,1.1133,1.6247,-0.81132,1.7497,0.67323,0.94042,2.5663,0.33423,-1.0766,1.5236,2.1686,0.24731,2.3896,2.2167,3.8044,2.8634,4.5725,1.1666,3.5784,2.0787,2.8751,3.6583,2.6602,5.2697,4.6042,1.9287,2.7701,0.74321,-1.1615,1.364,0.62412,1.796854999,1.533201873,3.743710256,-5.252867433,-1.87563561,-2.734495764,-2.630236711,-2.202358359,-1.98198955,-0.950783192,-0.670957703,-0.702920115,-2.688934347,-1.464089276,-3.112131351,-0.212000743,0.431566846,-0.542914996,1.432485691,-1.832270717,-13.50868341,-39.66867867
0.44955,-1.7907,-5.6076,-6.0554,-3.5943,-4.8343,-5.1396,-4.3703,-2.5785,-3.2199,-4.549,-5.6966,-6.1793,-6.2529,-5.7237,-4.9056,-5.2819,-6.0471,-4.5624,-6.1851,-6.0949,-5.2006,-6.6857,-7.0716,-3.3801,-3.7353,-3.064,-2.2734,-2.4047,-1.7366,-1.3777,-1.9507,0.34232,-1.6058,-0.87452,-0.34075,-2.3608,-2.525,-2.1942,-4.4316,-3.2888,-3.1037,-2.5992,-2.415,-0.70418,0.23708,1.1783,0.3141,0.35419,-0.20968,1.168,-0.26094,0.55766,0.47549,-0.2857,1.1133,1.5808,-0.75182,1.7497,0.67646,0.84303,2.5663,0.35444,-1.0766,1.6172,2.1686,0.24731,2.4025,2.1911,3.778,2.9581,4.5364,1.1666,3.6257,2.1558,2.8751,3.6583,2.6707,5.2697,4.6251,1.9287,2.7701,0.63281,-1.1475,1.364,0.63033,1.796530161,1.190663803,3.783036669,-5.252867433,-1.89226537,-2.734495764,-2.681938828,-2.202358359,-1.737206535,-0.951617305,-0.584953586,-0.683816432,-2.688934347,-1.465075632,-3.174880493,-0.212000743,0.432651842,-0.594491967,1.338926666,-1.832270717,-15.08769031,-39.66867867
0.43932,-1.8225,-5.6126,-6.0554,-3.5943,-5.0482,-5.1396,-4.4342,-2.5785,-3.2199,-4.5129,-5.7858,-6.2048,-6.2793,-5.7237,-4.9097,-5.2819,-6.0471,-4.567,-6.1875,-6.0786,-5.2038,-6.6873,-7.0716,-3.3907,-3.7353,-3.064,-2.2838,-2.4047,-1.6622,-1.5435,-1.9507,0.34673,-1.6058,-0.92007,-0.34075,-2.3388,-2.5879,-2.1869,-4.2359,-3.2888,-3.1025,-2.6024,-2.415,-0.57399,0.14461,1.1783,0.55118,0.35419,-0.20968,1.1691,-0.23701,0.55766,0.47924,-0.20899,1.4101,1.5808,-0.75182,1.7497,0.56773,0.84303,2.5681,0.35444,-1.0766,1.6172,2.1433,0.24731,2.4055,2.1911,3.778,2.9934,4.5981,1.1666,3.588,2.1498,2.8794,3.5221,2.6707,5.2807,4.6488,1.9287,2.7701,0.62394,-1.1404,1.352,0.66555,1.796530161,1.214297292,3.783036669,-5.252867433,-1.900611082,-2.766154795,-2.681919617,-2.200952154,-1.86004269,-0.951617305,-0.581655619,-0.656125331,-2.688934347,-1.464977451,-3.174880493,-0.089491794,0.36789524,-0.594491967,1.338926666,-1.854657582,-15.08769031,-40.08460625
0.45264,-2.0257,-5.6696,-6.0283,-3.7198,-5.0482,-5.0989,-4.4267,-2.5785,-3.3004,-4.4363,-5.7858,-6.2466,-6.2092,-5.7237,-4.9219,-5.2264,-6.0265,-4.7148,-6.1875,-6.1683,-5.123,-6.5801,-7.0716,-3.4894,-3.8762,-3.0038,-2.365,-2.4047,-1.6622,-1.5435,-1.9507,0.25607,-1.313,-0.92007,-0.33188,-2.3083,-2.5879,-2.2109,-4.1327,-3.2888,-3.0725,-2.5034,-2.4098,-0.5264,0.14564,1.1783,0.55371,0.34859,-0.20968,1.0751,-0.23701,0.51752,0.40038,-0.20899,1.4124,1.5326,-0.75182,1.4568,0.56773,0.84303,2.656,0.25598,-1.0579,1.5038,2.1433,0.27006,2.4055,2.1911,3.778,2.8833,4.5981,1.1046,3.6801,2.1498,2.7734,3.5221,2.6707,5.2954,4.6353,2.0185,2.6072,0.43808,-1.1404,1.3619,0.71142,1.796530161,1.141349711,3.891963606,-5.252867433,-1.855784852,-2.766154795,-2.634050835,-2.055591882,-1.749400362,-0.951617305,-0.577856213,-0.658327047,-2.622411669,-1.49709929,-3.174880493,-0.089491794,0.345459029,-0.594491967,1.290669334,-1.854657582,-15.08769031,-40.08460625
1.289,-2.027,-5.6696,-5.792,-3.6641,-5.0482,-5.01,-4.1928,-2.6199,-3.3004,-4.3882,-5.7858,-6.2624,-6.156,-5.7237,-4.7128,-5.2264,-6.1195,-4.6774,-6.1875,-6.1389,-5.123,-6.5801,-6.9598,-3.452,-3.8762,-2.9591,-2.3535,-2.4047,-1.6419,-1.6265,-2.0066,0.22087,-1.171,-0.92007,-0.30567,-2.3994,-2.5879,-2.2011,-4.1327,-3.4869,-3.0253,-2.5034,-2.4794,-0.47759,0.10114,1.1783,0.62389,0.34859,-0.18896,1.0175,-0.23701,0.45424,0.36018,-0.20899,1.5197,1.5326,-0.75182,1.4994,0.56773,0.86842,2.6267,0.25598,-1.1003,1.6348,2.1433,0.29933,2.4718,2.0829,3.778,2.8882,4.5981,1.1112,3.6627,2.1498,2.7515,3.6444,2.4988,5.1553,4.6353,2.0282,2.6072,0.30936,-1.1404,1.3619,0.79641,1.653333765,0.967218612,3.891963606,-5.365504967,-1.805199205,-2.766154795,-2.634050835,-2.055591882,-1.749400362,-1.001713362,-0.609147091,-0.658327047,-2.602659516,-1.510830851,-3.174880493,0.015262518,0.343419431,-0.459500552,1.210028472,-1.67233756,-14.98882079,-41.27076019
-0.41477,-2.0291,-5.6696,-5.6082,-3.587,-5.1178,-5.0343,-4.1928,-2.5999,-3.2855,-4.3882,-5.7318,-6.2624,-6.156,-5.7526,-4.6648,-5.2264,-6.1605,-4.6806,-6.1875,-5.9719,-5.0791,-6.5801,-6.8097,-3.2316,-3.8762,-3.2754,-2.3535,-2.4047,-1.6688,-1.6265,-1.9747,0.25664,-1.1869,-0.87409,-0.44328,-2.3994,-2.6699,-2.0972,-4.1327,-3.6444,-2.841,-2.5034,-2.4484,-0.47759,0.10114,1.1353,0.64874,0.34859,-0.23632,0.90496,-0.22845,0.31793,0.36018,-0.18216,1.4682,1.5326,-0.69242,1.5259,0.56773,0.88532,2.5849,0.25598,-1.0866,1.881,2.0476,0.21457,2.4718,2.0439,3.7543,2.9022,4.5981,1.0381,3.7324,2.1085,2.7089,3.6444,2.4671,5.063,4.6353,1.9931,2.5367,0.30936,-1.1359,1.4889,0.79641,1.638107692,0.900371766,3.891963606,-5.259919881,-1.731541969,-2.840652055,-2.565236677,-2.054645165,-1.749400362,-0.938230862,-0.800816484,-0.658327047,-2.67691353,-1.510830851,-3.17232229,-0.001157922,0.343419431,-0.42230707,0.939465081,-1.67233756,-14.72552543,-42.92800363
-0.15933,-2.1564,-5.523,-5.4765,-3.587,-5.0839,-4.9624,-4.1928,-2.7371,-3.3457,-4.3882,-5.7568,-6.1985,-6.156,-5.6095,-4.6648,-5.1488,-6.1652,-4.6806,-6.4217,-5.9111,-4.9787,-6.5368,-6.7615,-3.2316,-3.7873,-3.2881,-2.3535,-2.4968,-1.6617,-1.6265,-1.801,0.25664,-1.1869,-1.0697,-0.44828,-2.3994,-2.5663,-2.0867,-3.8447,-3.6394,-2.841,-2.4065,-2.3874,-0.47759,0.10114,1.068,0.71192,0.42052,-0.40999,0.90496,-0.25912,0.16358,0.36018,-0.31019,1.5353,1.731,-0.62158,1.5016,0.56773,0.6911,2.65,0.36617,-1.0589,1.881,1.9279,0.32833,2.4718,1.9576,3.6964,2.9022,4.5602,0.93449,3.7324,1.9798,2.6726,3.6444,2.4459,5.1269,4.7635,1.6629,2.5744,0.30936,-1.1066,1.5911,0.79641,1.582170319,0.900371766,4.177796822,-5.307576021,-1.731541969,-2.93447339,-2.478662969,-1.827164025,-1.668595856,-0.898938869,-0.800816484,-1.044839721,-2.55182339,-1.510830851,-3.054995118,0.074672793,0.343419431,-0.40684009,0.939465081,-1.67233756,-16.9923147,-43.09816611
-0.15933,-2.1564,-5.5094,-5.4518,-3.587,-4.97,-4.988,-4.1706,-2.7371,-3.4007,-4.3882,-5.7811,-6.1985,-6.1121,-5.6457,-4.6648,-5.0992,-6.067,-4.6806,-6.3966,-5.9111,-4.9787,-6.6794,-6.7615,-3.2316,-3.7873,-3.2856,-2.3186,-2.4783,-1.6617,-1.5241,-1.9004,0.25664,-1.1869,-1.0543,-0.50394,-2.3994,-2.5663,-2.0867,-3.8961,-3.7513,-2.841,-2.4539,-2.4473,-0.40022,-0.21206,0.87662,0.71192,0.42052,-0.41081,0.90496,-0.25912,0.2415,0.38116,-0.31696,1.5353,1.6863,-0.69425,1.5016,0.54303,0.68653,2.65,0.37233,-1.1081,1.881,1.8531,0.25897,2.385,1.944,3.8299,2.9022,4.5964,0.92937,3.7324,2.1313,2.6726,3.5825,2.4417,5.1269,4.7679,1.6906,2.3782,0.27525,-1.09,1.5911,0.88217,1.582170319,0.900371766,4.170901179,-5.322186511,-1.731541969,-2.881155805,-2.478662969,-1.827164025,-1.710276363,-0.898938869,-0.800816484,-0.994379925,-2.544122141,-1.218125869,-3.186096932,0.074672793,0.220989189,-0.390945353,0.939465081,-1.650336201,-16.93090687,-43.09816611
-0.15933,-2.1564,-5.528,-5.4518,-3.2388,-5.0263,-4.988,-4.0442,-2.6154,-3.4007,-4.2955,-5.5696,-6.1985,-6.0799,-5.6356,-4.3618,-4.9644,-6.067,-4.7931,-6.0044,-5.9111,-4.9787,-6.6686,-6.7749,-3.2294,-3.7623,-3.2856,-2.4081,-2.4889,-1.6617,-1.4859,-1.9444,0.15378,-1.266,-1.0684,-0.50394,-2.3164,-2.6993,-2.0849,-3.88,-3.6638,-2.8216,-2.4382,-2.4473,-0.28443,-0.17034,0.85885,0.71192,0.40329,-0.38452,0.85827,-0.31297,0.2415,0.42883,-0.34454,1.5353,1.5911,-0.58476,1.5016,0.33363,0.81432,2.65,0.30369,-1.1081,1.859,1.7716,0.25897,2.4375,1.9478,3.731,2.6724,4.5969,0.92937,3.4947,2.0657,2.6726,3.6165,2.4144,5.1269,4.727,1.6906,2.3782,0.2142,-1.0661,1.5911,0.88849,1.620423708,1.125515697,4.209971606,-5.322186511,-1.832202877,-2.885213988,-2.478662969,-1.827164025,-1.657335128,-0.888581048,-0.82660769,-0.87414224,-2.544122141,-1.290582378,-3.175943478,0.074672793,0.337039412,-0.383261894,0.778264182,-1.496622614,-16.83943648,-43.09816611
-0.15839,-2.1337,-5.528,-5.4518,-3.2388,-5.0263,-4.988,-4.0442,-2.6154,-3.4007,-4.2955,-5.5696,-6.2571,-6.0799,-5.6356,-4.3618,-4.9644,-6.067,-4.7931,-6.0044,-5.8574,-4.9743,-6.6686,-6.7749,-3.2294,-3.7623,-3.2856,-2.4081,-2.4889,-1.6513,-1.4859,-1.9444,0.15378,-1.2269,-1.0684,-0.50394,-2.3164,-2.6993,-2.0849,-3.88,-3.6638,-2.8216,-2.4379,-2.4473,-0.28443,-0.17034,0.85885,0.71192,0.40329,-0.38452,0.85827,-0.28673,0.2415,0.42883,-0.30144,1.5353,1.5911,-0.52418,1.5293,0.33363,0.81432,2.575,0.29465,-1.1081,1.859,1.7716,0.25897,2.4375,1.9478,3.731,2.6145,4.5969,0.92937,3.4984,2.0657,2.4758,3.6165,2.4144,4.8484,4.9328,1.6906,2.3782,0.16809,-1.0661,1.4757,0.88849,1.620423708,1.125515697,4.209971606,-5.322186511,-1.832202877,-2.590387789,-2.521599927,-1.627764802,-1.657335128,-0.888581048,-0.798500355,-0.87414224,-2.544122141,-1.290582378,-3.175943478,0.084972488,0.337039412,-0.383261894,0.778264182,-1.496622614,-16.83943648,-44.11406713
-0.15839,-2.1337,-5.6705,-5.4898,-3.0951,-5.0263,-4.988,-3.9979,-2.6154,-3.4007,-4.201,-5.5696,-6.2571,-6.0237,-5.6356,-4.2085,-4.8579,-6.067,-4.8771,-6.0044,-5.8574,-4.9743,-6.5914,-6.7749,-3.1148,-3.7311,-3.2856,-2.5942,-2.4889,-1.495,-1.5821,-1.9444,0.14946,-1.2522,-1.0684,-0.6021,-2.233,-2.6993,-2.0849,-3.7365,-3.6638,-2.7182,-2.3467,-2.3967,-0.29669,-0.14414,0.85885,0.75065,0.31066,-0.38452,0.7915,-0.28673,0.2415,0.40376,-0.30144,1.5945,1.4045,-0.52418,1.5293,0.18678,0.81432,2.575,0.24826,-1.1081,2.0345,1.7716,0.25897,2.6251,1.9478,3.731,2.6145,4.5296,0.8521,3.6097,2.0657,2.4758,3.7606,2.4144,4.8484,4.9236,1.6906,2.3782,0.060019,-1.0661,1.4757,1.0368,1.620423708,0.89589846,4.319710652,-5.288319766,-1.844930989,-2.590387789,-2.521599927,-1.627764802,-1.512836943,-0.888581048,-0.798500355,-0.793849827,-2.544122141,-1.348296394,-3.175943478,0.251362564,0.27915282,-0.383261894,0.573979754,-1.294612189,-16.83943648,-42.42567023
-0.15839,-2.1507,-5.6705,-5.4898,-3.0951,-5.0263,-4.988,-3.9918,-2.6154,-3.4007,-4.201,-5.5696,-6.2748,-6.0237,-5.6356,-4.2085,-4.8579,-6.067,-4.8771,-6.0044,-5.7315,-4.8936,-6.5914,-6.5288,-3.1148,-3.7311,-3.1719,-2.5942,-2.4889,-1.4884,-1.5821,-1.9545,0.14946,-1.2522,-1.0684,-0.6021,-2.2975,-2.6993,-2.1238,-3.7365,-3.6638,-2.7182,-2.3467,-2.4248,-0.27768,-0.14414,0.87365,0.73433,0.31066,-0.38452,0.7915,-0.28673,0.2415,0.36762,-0.30144,1.5441,1.4045,-0.52418,1.4986,2.006,0.81432,2.4888,0.24826,-1.0793,2.0345,1.7716,0.23768,2.6251,1.9478,3.6566,2.6145,4.5296,0.8521,3.6097,2.0657,2.4231,3.7606,2.4144,4.7626,4.9236,1.6906,2.3782,-0.092436,-1.0661,1.4841,1.0368,1.620423708,0.89589846,4.319710652,-5.288319766,-1.844930989,-2.590387789,-2.64246076,-1.508199744,-1.512836943,-0.90906634,-0.869576319,-0.793849827,-2.544122141,-1.323587293,-3.175943478,0.324514059,0.294133232,-0.389576413,0.573979754,-1.294612189,-16.83943648,-43.21123254
-0.15839,-2.1507,-5.6705,-5.4058,-3.0752,-5.0646,-4.9862,-3.9918,-2.6402,-3.3651,-4.201,-5.5854,-6.2748,-6.0237,-5.6131,-4.2085,-4.8579,-6.1655,-6.6802,-5.983,-5.8165,-4.8936,-6.5914,-6.3309,-3.1148,-3.7311,-3.0859,-2.5942,-2.3677,-1.551,-1.5821,-1.7729,0.024566,-1.2522,-1.0426,-0.63355,-2.2975,-2.7793,-2.2192,-3.7365,-3.786,-2.7087,-2.3467,-2.3431,-0.27768,-0.14414,0.96811,0.73433,0.31066,-0.48877,0.79502,-0.22888,0.24322,0.36762,-0.2019,1.5321,1.4045,-0.23905,1.4986,2.006,0.9637,2.4888,0.24826,-1.1225,2.6774,1.7364,0.15756,2.6251,1.7332,3.6396,2.6145,4.5296,0.86255,2.4733,2.0163,3.4805,3.7606,2.3434,5.3826,4.9236,1.6884,2.1741,-0.092436,-1.0848,1.4841,1.0368,1.629540162,0.922404115,4.319710652,-5.237089367,-3.733827545,-2.76095559,-2.642850856,-1.508199744,-1.512836943,-0.910958428,-0.873915757,-0.793849827,-2.647020825,-1.323587293,-3.129020513,0.324762534,0.294133232,-0.389576413,0.587645261,-1.294612189,-16.83943648,-43.32733364
-0.31921,-5.0534,-5.6705,-5.4058,-3.0752,-5.0305,-4.4915,-3.9918,-2.6359,-4.7402,-4.201,-5.647,-6.9442,-6.0237,-5.6131,-4.2085,-4.8579,-6.172,-6.6802,-5.9314,-5.9381,-4.8936,-6.9558,-6.3614,-3.1148,-3.7311,-3.0859,-2.5942,-2.3677,-1.5342,-1.5821,-1.8868,0.024566,-1.2522,-0.97667,-0.69843,-2.2975,-2.7793,-2.2192,-3.7101,-3.786,-2.7087,-2.3467,-2.3818,-0.27768,-0.14414,1.029,0.73433,0.28523,-0.48877,0.79502,1.9276,0.24322,0.36762,2.9994,3.9104,1.3995,-0.23905,1.2422,2.006,1.1131,1.8905,0.24826,1.367,2.6774,1.6578,2.5405,2.6251,1.8088,3.6527,2.6145,4.5296,0.76307,2.4733,2.0146,3.4019,3.7606,2.303,5.3069,4.9511,4.4171,2.0347,-0.092436,-1.0166,0.31601,1.0368,1.610884818,0.922404115,4.319710652,-3.054828559,-3.733827545,-2.799350909,-2.678087557,-1.179899658,-1.512836943,-0.899492286,-0.873915757,-0.793849827,-2.647020825,-1.323587293,-3.129020513,0.37699358,0.294133232,-0.512955731,0.587645261,-1.294612189,-16.83943648,-43.64384491
-0.31921,-5.0534,-5.7325,-1.6344,-3.0752,-4.9178,-4.3824,-3.9918,-3.4091,-4.7126,-4.2187,-5.8116,-6.9442,-6.0055,-5.6131,-4.2085,-6.0602,-5.2489,-6.6802,-8.3,-5.9381,-4.8936,-7.0053,-6.3436,-3.1148,-4.1609,-3.0008,-2.6012,-0.11363,-1.5342,-1.7548,1.4623,0.024566,-1.2522,-1.0208,-0.54123,-2.2975,-2.6685,-2.2192,-3.7101,-3.904,-2.7087,-1.7481,-1.0977,-0.40393,-0.14414,2.9052,0.73433,-0.15094,2.9756,0.79502,1.9276,1.2749,0.36762,2.9717,3.9104,0.79957,2.8135,1.2422,2.006,4.1758,1.8905,0.27877,1.3645,2.6774,1.6578,2.6974,2.6976,4.2299,2.06,2.6145,-0.30265,4.1254,2.4733,2.0162,3.4019,3.7753,4.0769,5.3069,4.9555,4.4171,2.0347,-0.092436,-1.0167,0.31601,1.0621,1.664973421,0.922404115,4.345309704,-3.05470565,-3.733827545,-3.727273132,-2.678087557,-1.179899658,-1.507847748,-0.799712025,-0.873915757,-0.825970865,-2.649991912,-1.323587293,0.389327056,0.37699358,-0.697620883,2.998829819,0.587645261,-1.294612189,-16.70025213,-43.64384491
-0.31921,-5.0534,-5.7932,-1.6344,-3.0752,-4.9192,-4.3824,-4.6505,-3.4112,-4.7126,-4.2128,-5.8116,-6.9442,-4.5528,-5.6024,-4.2133,-6.0526,-5.2489,-6.643,-8.2933,-5.9381,-4.8936,-7.5058,-3.8353,-3.1664,-4.1615,-3.0008,-3.0103,-0.098971,-1.5342,-1.6831,1.4472,0.024566,-1.2522,0.74006,-0.54123,-1.3787,-1.6556,-2.2192,-2.6617,-2.2421,-2.4485,-1.7481,-1.0977,0.90691,0.97347,2.8986,0.73433,-0.14147,2.9638,0.66997,1.9217,1.2749,-0.0033086,2.7748,3.9104,0.79325,2.6706,1.2422,1.8921,4.2132,1.8905,0.28015,1.3645,2.7093,0.35919,2.6974,2.3631,4.2423,2.0462,2.6145,-0.29701,4.1254,2.4733,1.884,3.4019,1.539,4.0677,5.3069,1.4817,4.4171,2.0347,-0.09891,3.1175,0.31601,2.2819,1.664973421,0.933996923,-8.04013441,-3.05470565,-3.666140806,-3.739856688,-2.678087557,-1.179899658,-2.061340606,-0.42165691,-0.873915757,-2.317922259,-2.649991912,-1.323587293,0.4429564,0.37699358,-0.381303506,2.957514584,0.587645261,-1.294612189,-33.24909943,-43.64384491
-0.32526,-5.0534,-5.8014,-1.6344,-3.1994,-4.9447,-4.3824,-4.636,-3.4112,-4.7126,-4.1503,-5.814,-6.9455,-4.5368,-5.6024,-5.4713,-6.0526,-5.2489,-6.643,-8.2695,-5.9381,-4.7183,-7.5162,-3.8353,-4.3405,-4.1618,-3.0008,-3.0156,-0.098971,-1.5934,-1.6914,1.4472,0.08244,0.20249,0.733,-0.54123,-1.3759,-1.6552,-2.1917,-2.6566,-2.2421,-1.1655,-1.721,-1.0977,0.8847,0.99599,2.8986,0.77996,-0.14115,2.9638,0.66997,1.9225,1.2749,0.013427,2.814,3.9308,0.78577,2.6706,1.2422,1.8929,4.2132,1.8905,0.28425,1.3645,2.688,0.35919,2.6974,2.3604,4.2423,2.0462,2.6145,-0.29791,4.1254,2.4733,1.8762,3.3959,1.5622,4.0677,5.3026,1.4851,4.4171,2.0347,-2.5837,3.1221,0.31889,2.3106,1.664973421,0.931181754,-8.04013441,-3.05470565,-3.718097336,-3.739360533,-2.678087557,-1.143954966,-1.645103453,-0.42165691,-0.798245678,-2.370383635,-2.649991912,-2.36171523,0.441187955,0.37699358,-0.167072394,2.957514584,-4.472089621,-2.209999912,-33.24909943,-43.64384491
-0.56262,-5.0504,-5.8014,-1.6312,-3.1663,-4.9447,-4.3794,-4.636,-3.4112,-4.7309,-4.2545,-5.814,-6.837,-4.5369,-5.6024,-5.4569,-6.0449,-5.2607,-6.5661,-8.2695,-5.3071,-5.8262,-7.5323,-3.8353,-4.3246,-4.1425,-3.0008,-3.0148,-0.098971,-0.71859,-1.6974,1.4472,0.08544,0.22938,0.733,-0.54302,-1.3759,-1.6552,-2.1917,-2.6566,-2.279,-1.1828,-1.7773,-1.1024,0.99932,0.91119,2.8986,1.3206,-0.14115,2.9638,0.64052,1.9225,1.2494,0.013427,2.814,3.9324,0.61042,2.6706,1.2236,1.8953,4.2132,1.9003,0.28425,1.3771,2.68,0.35919,2.7158,2.3535,4.2423,2.0462,5.4215,-0.30277,4.1348,2.4573,1.8762,3.4174,1.5622,4.0677,5.1798,1.4851,4.4192,1.9357,-2.5787,3.1221,0.34187,2.3527,1.664973421,8.467832393,-8.034249816,-3.043668296,-3.694679954,-3.739360533,-2.646265445,-1.092573747,-1.648961152,-0.42165691,-0.791697304,-2.369632471,-2.649991912,-2.360462556,0.441187955,0.961381575,-0.039947308,2.957514584,-4.59583718,-5.594773743,-33.24909943,-59.00524053
-0.56407,-5.0522,-5.8014,-1.6282,-3.1211,-4.9447,-4.2944,-4.6311,-3.4112,-4.7257,-3.987,-5.814,-6.8442,-4.5416,-5.5912,-6.2436,-6.0449,-5.2584,-6.491,-8.2695,-5.6388,-5.8007,-7.5323,-3.8316,-4.3404,-4.1425,-2.9811,-2.9935,-0.098971,-0.71859,-1.8266,1.4583,-1.1146,0.22938,0.733,-0.56647,-1.3884,-1.6552,-2.2111,-2.6566,-2.2865,-1.9962,-1.7773,-1.1195,0.94597,0.91119,2.8854,1.3144,-0.14115,2.9638,0.64052,1.9225,1.2486,0.12522,2.814,3.9324,0.61042,2.6706,1.2236,1.8953,4.2031,1.8385,0.28425,1.3771,2.68,0.35919,2.7318,2.3535,4.1371,2.0518,5.5363,-0.30277,4.1348,2.3596,1.8762,3.4174,1.5622,4.0678,5.1798,1.4851,4.3026,1.9814,-2.5368,3.1221,0.34187,2.3527,1.674874074,8.404698248,-8.034249816,-3.041521983,-3.694679954,-3.739360533,-2.62390941,-1.09476116,-1.648961152,-0.42165691,-0.838234878,-2.369632471,-2.718158272,-2.321454378,0.441187955,0.963426915,-0.032808141,2.960762224,-4.491693337,-5.594773743,-33.23532275,-57.82265258
-0.56849,-6.3955,-5.8014,-1.6282,-3.0376,-4.9485,-4.2508,-4.6311,-3.4647,-4.7257,-3.987,-5.8454,-6.6696,-4.5416,-5.5912,-6.2436,-6.0449,-5.2487,-6.4853,-8.2695,-6.1707,-7.4549,-7.5323,-3.8316,-4.3404,-4.1425,-2.9811,-2.9935,-0.0903,-1.0835,-1.8266,1.4583,-1.1146,0.42817,0.733,-0.38436,-1.3884,-1.6629,-2.8818,-2.6566,-2.2865,-1.964,-1.7773,-1.1195,0.94597,0.91119,2.8854,1.1229,-0.14115,2.9638,0.57509,1.9225,1.2486,0.12522,2.8005,3.9659,0.61042,2.6435,1.3808,1.8953,4.2031,2.0754,0.28425,1.3771,2.6887,0.35919,2.7292,2.3535,4.6644,2.0518,5.8676,-0.30277,4.1348,2.3596,1.8762,3.4341,1.5622,4.0678,5.1095,1.4851,3.6897,1.9814,-2.5368,3.1221,0.63382,2.3527,1.674874074,7.590992904,-8.034249816,-3.041521983,-3.750886927,-3.739360533,-2.54883819,-1.107589113,-1.648961152,-0.370117921,-0.223552051,-2.369632471,-2.718158272,-2.321454378,0.441187955,0.988788602,-0.032808141,2.960762224,-4.106774427,-5.594773743,-27.94476407,-43.96310847
-0.67331,-6.2546,-5.8014,-2.5925,-3.0376,-4.8288,-4.2486,-4.6311,-4.0621,-6.1544,-3.987,-5.7309,-6.7585,-4.5416,-5.5912,-6.2436,-6.0449,-4.9485,-6.4853,-8.2695,-5.8425,-7.3842,-7.4667,-3.8316,-4.3404,-4.1425,-2.9139,-2.9935,-0.0903,-0.89309,-1.8266,1.4583,-1.1146,0.42817,0.73374,-1.1908,-1.3884,-1.6782,-2.8818,-2.7151,-2.2865,-1.964,-1.6884,-1.0086,0.94597,0.91119,2.6736,1.1942,-0.1583,3.1903,0.57509,1.9068,1.376,0.12522,2.7825,3.2553,0.1475,3.3094,1.2941,1.8953,4.1469,1.5857,0.28425,1.8139,2.6887,0.4608,2.7813,2.3535,4.8016,2.0518,5.8676,-0.30277,4.5727,2.3596,1.8762,4.3549,1.5622,4.118,5.1156,1.4851,3.6415,1.4643,-2.5368,3.1221,0.60754,2.3527,1.674874074,7.590992904,-8.034249816,-2.703871056,-3.750886927,-3.646572671,-2.655078678,-2.633033196,-1.648961152,-0.370117921,-0.223552051,-2.369632471,-1.731640185,-2.321454378,0.447209455,1.264212634,-0.032808141,2.909980712,-4.106774427,-5.594773743,-33.70970063,-43.96310847
-0.67331,-6.2546,-5.6626,-2.6305,-3.0376,-5.0022,-4.3149,-4.951,-3.8208,-5.8452,-5.5557,-5.7949,-6.7585,-4.7058,-4.8309,-6.2436,-6.2037,-4.7418,-6.4853,-8.4746,-5.8425,-7.3842,-7.7517,-3.2588,-4.3404,-4.2841,-2.901,-3.5104,-0.32436,-0.89309,-1.8295,2.1532,-1.1146,0.42817,0.76308,-1.238,-1.6954,-1.6425,-2.8818,-2.4468,-1.9602,-1.964,-1.7183,-0.96627,0.91294,1.0458,1.7623,1.1942,0.12895,3.0689,0.57509,1.9682,1.2019,0.09951,2.8564,3.2553,0.053733,3.3094,1.2941,2.0714,4.1377,1.5857,0.15908,2.313,2.6887,0.32114,2.7649,2.3158,4.7732,1.8796,5.8676,-0.020031,4.376,2.3596,2.8079,4.3549,1.5656,5.629,5.1156,1.4748,3.6516,1.4643,-1.7271,2.9991,0.60754,2.3587,1.687418835,7.590992904,-7.94861689,-2.812099488,-3.750886927,-3.358200974,-2.655078678,-2.633033196,-1.683349418,-0.622318266,-0.223552051,-2.337274768,-1.731640185,-4.162427635,0.506051509,1.264212634,-0.032808141,2.900996667,-4.106774427,-5.769551203,-42.70060311,-43.96310847
-0.67331,-6.2546,-5.9677,-2.6305,-3.5614,-4.7604,-4.3149,-3.5844,-3.814,-5.8452,-5.5448,-6.8147,-6.7585,-5.3261,-4.8309,-6.3019,-6.9916,-4.7418,-6.4853,-8.1891,-5.8425,-7.3842,-7.9061,-3.3076,-4.3823,-3.6451,-2.901,-3.5295,-0.71368,-0.89309,-1.823,2.1523,-0.95098,0.42802,0.65288,-1.238,-1.7383,-1.0561,-2.8818,-2.454,-2.0067,-1.6532,-1.7692,-0.96627,0.80973,1.4321,1.8694,1.1942,-0.059353,2.6536,0.57509,1.9629,1.2019,0.28902,2.9231,3.2553,0.18393,3.1056,1.2941,2.2631,4.1672,1.5857,0.22441,2.313,2.9347,0.35968,2.7649,1.897,4.7928,2.8016,5.8958,0.010848,4.376,2.0056,2.7362,4.3549,1.6463,5.5496,5.1156,0.74441,3.6516,1.4643,-1.8443,2.9002,0.60754,2.6638,1.687418835,7.64503764,-8.613668047,-2.812099488,-3.750886927,-3.651603254,-2.655078678,-2.633033196,-1.629785728,-0.622318266,-0.30951075,-3.36665166,-1.731640185,-3.75842666,0.920946584,1.264212634,-0.032808141,3.590882481,-4.170627853,-12.28906286,-42.85526932,-43.96310847
-0.64844,-6.2693,-5.964,-2.6305,-3.5188,-4.8241,-4.3149,-3.5836,-3.814,-5.8452,-5.5448,-6.7583,-6.7585,-5.3972,-4.8309,-6.3235,-6.9949,-4.7418,-6.4853,-8.0921,-5.8425,-7.3853,-7.9398,-3.3076,-4.4452,-3.7384,-2.901,-3.0945,-0.88139,-0.88181,-1.823,2.1523,-0.92446,0.46186,0.66803,-1.238,-1.8486,-1.2731,-3.0681,-2.4575,-2.0067,-1.3667,-1.7692,-0.96627,0.86514,1.5193,1.8694,1.1942,-0.058038,2.6536,0.59172,1.9334,1.2019,0.20514,2.9231,3.2356,0.32896,3.0921,1.2209,2.3658,4.1672,1.5834,-0.096602,2.313,3.1383,0.31613,2.7649,1.5467,4.7928,2.8016,5.7985,0.01046,4.376,2.3349,2.7081,4.1604,1.7966,5.5496,5.1156,0.87569,3.6516,1.4643,-1.858,2.9893,0.56459,2.573028659,1.687418835,7.64503764,-8.528719368,-2.812099488,-3.750886927,-3.829538251,-2.655078678,-2.36040304,-1.667852529,-0.622318266,-0.35040952,-3.472524832,-1.731640185,-3.733193166,1.084665518,1.247102173,-0.032808141,3.590882481,-4.133697785,-12.42191887,-42.85526932,-43.68185185
-0.64844,-6.1563,-5.964,-2.4628,-3.5392,-4.8241,-4.364,-3.5548,-3.814,-5.672,-5.5857,-6.7583,-6.8941,-5.4072,-4.8309,-6.3847,-7.01,-4.7765,-6.4853,-8.0921,-5.826,-7.3844,-7.9373,-3.3076,-4.3985,-3.7244,-2.901,-3.0989,-0.88139,-0.88048,-1.8657,2.1523,-0.96644,0.36284,0.66803,-1.2462,-1.8887,-1.2731,-3.0681,-2.4308,-2.0067,-1.3647,-1.7692,-0.84597,0.97417,1.5185,1.8694,1.2027,-0.017797,2.6536,0.60282,1.9334,1.2116,-0.02879,2.9231,3.2356,0.30941,3.0921,1.4741,2.3109,4.1672,1.5794,-0.10724,2.4753,3.2241,0.31613,2.8776,1.5442,4.7928,2.8016,5.7412,-0.014547,4.4041,2.3428,2.7081,4.0792,1.9102,5.5496,5.1156,0.84213,3.6092,1.4643,-1.8568,2.9893,0.56459,2.573163735,1.687418835,7.651632355,-8.507304364,-2.837106623,-3.750886927,-3.829538251,-2.688828133,-2.037720984,-1.692149076,-0.622318266,-0.368093881,-3.34946763,-1.916866449,-3.735394102,1.084665518,1.247985166,0.01934334,3.590882481,-4.06360957,-11.9919191,-42.85526932,-43.82608983
-0.66477,-6.2392,-5.964,-2.4623,-3.4541,-4.8241,-4.364,-3.5548,-3.8577,-5.5354,-5.5608,-6.7583,-6.7928,-5.4796,-4.9504,-6.3699,-7.01,-4.8316,-6.4555,-8.0921,-5.7676,-7.3941,-7.9373,-3.3076,-4.4184,-3.7244,-2.8646,-2.9458,-0.88139,-0.88842,-1.8657,2.2569,-0.88512,0.38186,0.66803,-1.2476,-1.7115,-1.2731,-3.1166,-2.4308,-2.1781,-1.4538,-1.7692,-0.83344,0.9796,1.5123,1.8164,1.1982,-0.017797,2.7206,0.75674,1.9334,1.2116,-0.13038,2.9231,3.1323,0.30941,3.0921,1.5381,2.2643,4.2069,1.604,-0.10724,2.4651,3.214,0.31613,2.8776,1.6016,4.7739,2.8497,5.8167,-0.014547,4.3918,2.3405,2.7081,4.0918,1.9207,5.4885,5.1296,0.84213,3.7606,1.4778,-1.8801,2.9893,0.60964,2.538051243,1.928476282,7.714232486,-8.507304364,-2.82108508,-3.726990793,-3.829538251,-2.621209744,-1.88581404,-1.692149076,-0.59998225,-0.440025994,-3.34946763,-1.89830057,-3.785367958,1.084665518,1.238026386,0.01934334,3.499734675,-4.077832823,-12.27866572,-43.26450558,-44.12454974
-0.66477,-6.2063,-5.964,-2.5173,-3.4567,-4.8239,-4.364,-3.5548,-3.7996,-5.4881,-5.5608,-6.7849,-6.7904,-5.4796,-4.9505,-6.3735,-7.01,-4.8419,-6.4921,-8.0937,-5.7909,-7.2918,-7.9373,-3.3296,-4.3717,-3.7244,-2.8648,-2.9458,-0.83032,-0.68877,-1.8657,2.2648,-0.90931,0.40391,0.63951,-1.3195,-1.7115,-1.2725,-3.3537,-2.4308,-2.0859,-1.4591,-1.7692,-0.83411,0.9796,1.5123,1.8217,1.1419,-0.017797,2.7122,0.72288,2.1246,1.366,-0.13038,2.9231,3.1296,0.30941,3.0921,1.5331,2.2643,4.245,1.5766,-0.10724,2.4558,3.2371,0.16257,2.8633,1.6016,4.7911,2.8361,5.7799,-0.014547,4.3418,2.2966,2.7239,4.0761,1.9207,5.4863,5.1296,0.84213,3.7388,1.4619,-1.8801,2.9624,0.6158,2.538051243,1.872292019,7.737675149,-8.507304364,-2.818141477,-3.726990793,-3.829538251,-2.63699162,-1.888399228,-1.692149076,-0.696549654,-0.443331639,-3.34946763,-1.970172823,-3.785367958,1.084665518,1.224645473,0.01934334,3.499734675,-4.12633479,-12.27866572,-43.25283805,-46.05009956
-6.0171,-6.1712,-6.0099,-2.3339,-3.4567,-4.8682,-4.4256,-3.5548,-3.8828,-5.3992,-5.5608,-6.7849,-6.7849,-5.4796,-4.9565,-6.3735,-7.01,-4.6444,-6.4921,-8.0973,-5.9253,-7.3236,-7.9491,-3.3448,-4.3717,-3.7829,-2.7899,-2.9458,-0.80478,-0.70255,-1.8657,2.1103,-0.90931,0.40391,0.74654,-1.3195,-1.7115,-1.2725,-3.3938,-2.4921,-2.0875,-1.4591,-1.769,-0.97455,0.9796,1.5123,1.8339,1.1367,0.021753,2.7121,0.72288,2.0877,1.4124,-0.13038,2.897,3.0803,0.27925,3.1179,1.6323,2.2643,4.2554,1.6484,-0.22127,2.4073,3.2371,0.17241,2.8633,1.6016,4.9176,2.8694,5.7799,0.012516,4.3634,2.2966,2.7258,4.0531,1.9207,5.4571,5.1331,0.84213,3.7005,1.4572,-1.8801,3.0004,0.62225,2.538051243,1.870543409,7.737675149,-8.471877137,-2.770416933,-3.726990793,-3.902774503,-2.652364591,-1.928732845,-1.716044412,-0.648657145,-0.443331639,-3.34946763,-1.893620952,-3.785367958,1.079877934,1.279013159,0.01934334,3.414758159,-4.12633479,-12.27866572,-43.23171328,-46.85599109
-6.0171,-6.1712,-5.9691,-2.2699,-3.4567,-4.7668,-4.4256,-3.5916,-4.0786,-5.4003,-5.5493,-6.6978,-6.7849,-5.5301,-4.8918,-6.3735,-7.0766,-4.6788,-6.4921,-8.3187,-5.9253,-7.3236,-7.9559,-3.3293,-4.3717,-3.7967,-2.8057,-2.9297,-0.75904,-0.70255,-1.8827,2.0452,-0.90931,0.40391,0.75367,-1.3054,-1.6861,-1.2625,-3.3938,-2.5962,-1.9991,-1.4591,-1.7314,-1.0124,1.2096,1.6672,1.8456,1.1367,0.0072793,2.6631,0.72288,2.087,1.4043,-0.13037,2.897,3.0803,0.38564,3.1098,1.6323,2.2556,4.2005,1.6484,-0.16594,2.3396,3.2371,0.11563,2.8633,1.63,4.9099,2.8555,5.7799,-0.027311,4.3355,2.2966,2.7271,4.0531,1.9266,5.4471,5.1331,0.69337,3.7041,1.464,-1.9149,3.0183,0.62225,2.582099185,1.839974337,7.737675149,-8.573104309,-2.78792129,-3.726990793,-3.882358005,-2.652364591,-1.928732845,-1.60137278,-0.648657145,-0.443331639,-3.39686604,-1.931686078,-3.79694048,1.158913854,1.279013159,0.01934334,3.497122114,-4.12633479,-12.16596144,-46.22541232,-46.85599109
-6.0171,-6.1712,-5.8696,-2.2699,-3.5281,-4.746,-4.4256,-3.5242,-4.0856,-5.4003,-5.5493,-6.6599,-6.7849,-5.4875,-4.9606,-6.0941,-7.1235,-4.6788,-6.4921,-8.3147,-5.9253,-7.3236,-7.9559,-3.3189,-4.139,-3.8025,-2.8057,-3.0076,-0.77146,-0.70255,-1.8827,2.0315,-0.73314,0.35652,0.75367,-1.3054,-1.5991,-1.3213,-3.3938,-2.4729,-1.9165,-1.464,-1.7314,-1.0124,1.2093,1.6545,1.8456,1.1367,0.061003,2.6672,0.72487,2.0245,1.4043,0.11495,2.897,3.0803,0.39316,3.1051,1.6323,2.3456,4.4155,1.6484,-0.18281,2.3396,3.2568,0.24666,2.8633,1.6962,4.8965,2.759,5.7799,-0.024893,4.3355,2.2953,2.6861,4.0531,1.8911,5.4971,5.1331,0.66124,3.7041,1.464,-1.9149,3.0219,0.62225,2.562179052,1.850820846,7.562922441,-8.573378801,-2.78792129,-3.726990793,-3.880088062,-2.652364591,-1.928732845,-1.60137278,-0.598060416,-0.705900591,-3.491027979,-1.931686078,-3.772952647,1.188207892,1.279013159,0.01934334,3.478738591,-4.185861144,-12.12830947,-46.22541232,-46.85599109
-6.0171,-5.9838,-6.1633,-2.2699,-3.5281,-4.7471,-4.4256,-3.4105,-4.0856,-5.4003,-5.9631,-6.5232,-6.8438,-5.479,-4.9606,-6.0753,-7.1235,-4.6788,-6.4921,-8.0103,-5.9279,-7.3236,-7.7056,-3.3189,-4.1397,-3.62,-2.8057,-3.0068,-0.77146,-0.56313,-1.8827,2.0315,-0.73314,0.41489,1.051,-1.3054,-1.6002,-1.3912,-3.558,-2.4708,-1.9165,-1.464,-1.7314,-1.0124,1.1142,1.929,1.8456,1.2504,0.074895,2.6672,0.64433,2.0139,1.4043,0.11495,2.897,3.7551,0.40986,3.3575,1.7462,2.2346,4.4155,1.4557,-0.34008,2.3396,3.2568,0.25067,2.8633,2.4849,4.8965,2.759,5.7769,-0.10765,4.3355,2.2068,2.8397,4.0531,1.8911,5.4971,5.1331,0.66124,3.7041,1.464,-1.8858,2.6155,0.70079,2.359674325,1.850820846,7.509650316,-8.573378801,-2.78792129,-3.726990793,-3.128540377,-2.651906024,-1.979206159,-1.290961577,-0.598060416,-0.683292304,-3.443753984,-1.931686078,-3.770263017,1.190577199,1.306339703,0.01934334,3.478738591,-4.185861144,-12.89374776,-46.22541232,-44.70124863
-6.0188,-5.9931,-6.1541,-2.0209,-4.0798,-4.7471,-4.5359,-3.4074,-4.0856,-5.4945,-5.9486,-6.5232,-6.8505,-5.4734,-4.9606,-6.0773,-7.0964,-4.8611,-6.3695,-8.0103,-5.86,-7.3913,-7.6978,-3.3189,-4.1801,-3.6175,-2.7054,-2.8734,-0.77146,-0.56492,-1.5738,2.0315,-0.55026,0.38444,1.051,-1.3871,-1.5323,-1.3912,-3.5526,-2.6076,-1.9165,-1.4651,-1.9558,0.025124,1.1461,1.9341,1.8456,1.2589,0.085553,2.6672,0.64549,2.0139,1.723,0.080572,2.897,3.7725,0.40986,3.3575,1.7521,2.2394,4.4155,1.4499,-0.34118,2.4207,3.221,0.25067,2.9209,2.4936,4.8965,2.759,5.736,-0.065866,4.3744,2.2116,2.8397,4.0531,1.9945,5.4971,4.9524,0.99249,3.5769,1.464,-1.874,2.6155,0.70662,2.36953279,1.850820846,7.54573463,-8.637110027,-2.806778144,-3.597273916,-3.128540377,-2.550095015,-1.979371465,-1.291268964,-0.598060416,-0.66705179,-3.444625104,-1.964836735,-3.828010854,1.190577199,1.306693522,-0.010715248,3.478738591,-4.204931588,-12.89374776,-46.22541232,-44.91417584
-6.0294,-5.956,-6.1541,-2.0209,-4.0704,-4.7471,-4.5052,-3.4773,-4.152,-5.498,-6.0213,-6.5232,-6.8721,-5.4737,-5.1535,-6.0773,-7.0964,-4.8595,-7.1484,-8.0103,-5.86,-7.3958,-7.6978,-2.8873,-4.1801,-3.6175,-2.7104,-2.8734,-0.77146,-0.70705,-1.5694,1.961,-0.44516,0.16538,1.051,-1.387,-1.5762,-1.3912,-3.7581,-2.6076,-2.0179,-1.4691,-1.9558,0.024723,1.1114,1.9341,2.0441,1.3078,0.085553,3.0165,0.74905,2.0139,1.7223,0.1047,2.897,3.731,0.40986,3.3575,1.7564,2.1844,4.4186,1.4575,-0.34118,2.4207,3.221,0.25067,2.9301,2.4778,4.8965,2.8366,5.7941,-0.065866,4.3405,2.2727,2.8397,3.9452,2.0033,5.5063,4.9702,0.99249,3.5769,1.3724,-1.8622,2.6155,0.73625,2.371516957,1.556272531,7.54573463,-8.637110027,-2.813743087,-3.597273916,-3.178838047,-2.550095015,-1.80230289,-1.291268964,-0.52663912,-0.626993694,-3.444625104,-1.96368555,-3.828010854,1.190577199,1.252037594,-0.054856481,3.151952145,-4.204931588,-14.2345368,-46.55835834,-44.20308881
-6.8402,-5.9603,-6.1541,-2.1288,-4.2865,-4.7119,-4.5565,-3.4773,-4.152,-5.4503,-6.0213,-6.5217,-6.7952,-5.4737,-5.1474,-6.0143,-7.0964,-4.9911,-7.1515,-7.9944,-5.8182,-7.3964,-7.6978,-2.8961,-4.3121,-3.6175,-2.7188,-2.8734,-0.69739,-0.70705,-1.5694,1.9641,-0.37629,0.12159,1.0613,-1.3689,-1.5762,-1.3861,-3.6012,-2.6076,-2.0169,-1.4138,-1.9558,0.12336,1.1114,1.9341,2.0461,1.3078,0.085553,3.0173,0.77398,1.9793,1.7255,0.1047,3.1466,3.731,0.40986,3.3575,1.7564,2.1844,4.4676,1.4575,-0.34118,2.3202,3.1998,0.20754,2.9284,2.4778,4.8569,2.8625,5.7941,-0.065866,4.4128,2.2624,2.8434,3.9452,2.0033,5.527,4.991,0.99249,3.5065,1.365,-1.8622,2.6055,0.78002,2.371516957,1.576361861,7.648142573,-8.637110027,-2.777059907,-3.618959233,-3.178830967,-2.552078304,-1.965471418,-1.291268964,-0.525563646,-0.641867439,-3.444625104,-1.960689269,-3.828010854,1.295139059,1.251376705,-0.054856481,3.151952145,-4.019988899,-14.2345368,-46.55835834,-44.59466158
-6.7206,-6.0349,-6.1165,-2.0674,-4.2865,-4.6133,-4.5466,-3.4773,-4.138,-5.4135,-6.0213,-6.5635,-6.7323,-5.4737,-5.1569,-6.0143,-7.0788,-4.9486,-7.1515,-8.0733,-5.7295,-7.296,-7.6071,-2.9793,-4.3121,-3.5669,-2.8031,-2.8734,-0.69739,-0.78491,-1.5694,1.9684,-0.37629,0.12159,1.0668,-1.3945,-1.5762,-1.4269,-3.4632,-2.7195,-1.9454,-1.4138,-1.9518,0.12229,1.1114,1.9341,2.1162,1.2934,0.10209,2.9562,0.77398,1.9673,1.6947,0.1047,3.1473,3.7286,0.44909,3.145,1.7564,2.1844,4.4706,1.409,-0.37268,2.3624,3.1998,0.1622,2.9284,2.4778,4.8348,2.7703,5.7941,-0.11766,4.3939,2.2624,2.7519,4.0798,2.0033,5.3867,4.9713,1.0713,3.5161,1.1889,-1.8622,2.6143,0.83339,2.371516957,1.513103251,7.648142573,-8.637110027,-2.728743019,-3.618959233,-3.096769554,-2.199790345,-1.950308851,-1.338093283,-0.511414791,-0.641867439,-3.389885952,-2.000305838,-3.828010854,1.295139059,1.247480379,-0.054856481,3.118711808,-4.019988899,-14.2345368,-47.62066959,-46.36896575
-6.7206,-6.0349,-5.7721,-1.9718,-4.2865,-4.6419,-4.3599,-3.5211,-4.1679,-5.3581,-5.9599,-6.5778,-6.7323,-5.4737,-4.8532,-6.0143,-7.1945,-4.9658,-7.1515,-8.0457,-5.7295,-7.296,-7.4679,-2.9445,-4.3121,-3.5248,-2.7948,-2.8734,-0.68201,-0.78491,-1.6203,1.932,-0.37629,0.12159,0.97121,-1.5354,-1.7355,-1.3899,-3.4632,-2.9345,-1.8943,-1.4138,-2.0096,0.19425,0.86327,1.9341,2.1303,1.2934,0.046824,2.9173,0.77398,1.8625,1.7002,0.22383,3.2349,3.7286,0.51264,3.3605,1.7564,2.2086,4.4668,1.409,-0.41008,2.7415,3.1998,0.1731,2.9602,2.3753,4.9471,2.7845,5.7941,-0.1122,4.4685,2.2624,2.7278,4.0798,1.852,5.305,4.9713,1.0836,3.362,1.0918,-1.857,2.6143,0.83339,2.233949156,1.330778567,7.648142573,-8.72824372,-2.646170459,-3.618959233,-3.096769554,-2.199790345,-1.950308851,-1.280551715,-0.546625276,-0.641867439,-3.344983243,-2.013389132,-3.836037595,1.383560116,1.247480379,0.000170112,3.036852282,-4.019988899,-14.13429168,-49.12391791,-46.36896575
-6.7206,-6.0349,-5.494,-1.9718,-4.3649,-4.5835,-4.3599,-3.5176,-4.2239,-5.3581,-5.9429,-6.5778,-6.7323,-5.5041,-4.7814,-5.941,-7.2392,-4.9658,-7.1515,-7.8901,-5.7295,-7.296,-7.4226,-2.739,-4.2402,-3.7934,-2.7948,-2.9469,-0.70699,-0.78491,-1.5923,1.9988,-0.48604,0.25729,0.96185,-1.5354,-1.6413,-1.1994,-3.4632,-2.9301,-1.8144,-1.2993,-2.0427,0.19425,0.8867,1.8931,2.2294,1.2934,-0.098545,2.6973,0.78649,1.7594,1.7002,0.11535,3.1864,3.7286,0.45521,3.3697,1.7564,2.0189,4.6497,1.409,-0.35812,2.7415,3.1781,0.26593,2.9602,2.343,4.8823,2.7009,5.7592,-0.19221,4.4685,2.2349,2.6762,4.0798,1.8273,5.3645,4.9713,1.0699,3.362,1.0918,-1.8491,2.7384,0.83339,2.230863137,1.261834339,7.884542046,-8.660429776,-2.646170459,-3.701926662,-3.109306468,-2.199790345,-1.950308851,-1.292147402,-0.749085253,-0.947212276,-3.411464657,-2.013389132,-3.668250965,1.371167346,1.247480379,0.001615478,2.77917345,-4.01776438,-13.84869207,-49.29737712,-46.36896575
-6.7299,-5.9179,-5.395,-1.9718,-4.3328,-4.6151,-4.3599,-3.6337,-4.2239,-5.3581,-5.9768,-6.5286,-6.689,-5.3791,-4.7814,-5.8792,-7.2417,-4.9658,-7.3348,-7.8363,-5.7252,-7.2566,-7.4226,-2.739,-4.2402,-3.8054,-2.7948,-2.9287,-0.69997,-0.70413,-1.4291,1.9988,-0.45408,0.10121,0.92247,-1.5354,-1.6413,-1.2029,-3.223,-3.003,-1.8144,-1.3431,-2.0085,0.19425,0.8867,1.8818,2.2294,1.3803,-0.10208,2.6973,0.75613,1.8396,1.7002,0.11704,3.2979,3.8956,0.8866,3.1589,1.7318,1.8579,4.6497,1.6047,-0.33492,2.7415,2.9921,0.26787,2.9602,2.2724,4.8823,2.7009,5.7537,-0.28867,4.4685,2.1015,2.6356,4.014,1.8071,5.3645,5.0824,0.78808,3.362,1.0918,-1.833,2.8108,0.90765,2.184611356,1.261834339,7.877382804,-8.70657959,-2.646170459,-3.779659626,-3.104536367,-1.999954761,-1.888437501,-1.292147402,-0.749085253,-0.901336649,-3.309142056,-2.013389132,-3.781719141,1.425906661,1.157796835,0.009367839,2.77917345,-3.86907835,-15.75968162,-49.29737712,-46.83520559
-6.6584,-5.9043,-5.3754,-1.6504,-4.2395,-4.6151,-4.3167,-3.6337,-4.2239,-5.3581,-5.7706,-6.5286,-6.6595,-5.4179,-4.7814,-5.7414,-7.1723,-5.0609,-7.3104,-7.8363,-5.7252,-7.3846,-7.4351,-2.739,-4.2168,-3.8028,-2.7653,-2.9384,-0.69997,-0.66808,-1.5064,1.9988,-0.46142,0.11413,0.92247,-1.5354,-1.7892,-1.2029,-3.2677,-2.8107,-1.8144,-1.3194,-1.9716,0.25614,0.91527,1.6378,2.2294,1.3803,-0.063662,2.6973,0.75613,1.8396,1.7099,0.077802,3.2979,3.9407,0.93052,3.1589,1.3146,1.8633,4.6497,1.5968,-0.24624,2.6932,2.931,0.26787,2.9642,2.2553,4.8823,2.7009,5.789,-0.29644,4.2721,2.2286,2.6356,4.0399,1.7981,5.3645,5.0776,0.78098,3.362,1.051,-1.8084,2.8108,0.9149,2.184611356,1.261834339,7.917611391,-8.72996107,-2.731294784,-3.733088167,-3.104536367,-1.999954761,-1.921161604,-1.277181976,-0.749085253,-0.801325641,-3.325866496,-1.758270049,-3.791230767,1.425906661,1.249091912,0.023111959,2.77917345,-3.86907835,-15.69681469,-49.29737712,-45.89240609
-6.9628,-5.9254,-5.3754,-1.6504,-4.3037,-4.6151,-4.2013,-3.5162,-4.2239,-5.2792,-5.7706,-6.5286,-6.6595,-5.4046,-4.4936,-5.7414,-7.1723,-5.0609,-6.9794,-7.8363,-5.6484,-7.3718,-7.4351,-2.7257,-4.2168,-3.8028,-2.8465,-2.9384,-0.69997,-0.66808,-1.5407,2.0194,-0.46142,0.058375,0.92247,-1.4035,-1.7892,-1.2013,-3.281,-2.8107,-1.7941,-1.3192,-1.9716,0.3935,0.91527,1.5633,2.2294,1.3382,-0.063662,2.6584,0.70487,1.8396,1.7008,0.11236,3.2979,3.7713,0.93052,3.1589,1.3146,2.1112,4.5896,1.4608,-0.24624,2.6932,2.7484,0.26787,3.0263,2.2654,4.807,2.5104,5.789,-0.29644,4.2761,2.1798,2.6356,4.0399,1.7721,5.135,5.0536,0.78098,3.362,1.0004,-1.8084,2.8108,0.9149,2.213689667,1.451485862,7.917611391,-8.72996107,-2.731294784,-3.733924989,-3.104536367,-1.871678659,-1.778034816,-1.277181976,-0.778862062,-0.801325641,-3.325866496,-1.799392569,-3.791230767,1.425906661,1.249091912,0.019579087,2.63334612,-3.675568258,-15.60959548,-50.29512271,-47.1953053
-7.0255,-5.9254,-5.3754,-1.5104,-4.3037,-4.6151,-4.2013,-3.5162,-4.2239,-5.2792,-5.7706,-6.5649,-6.6046,-5.4046,-4.4936,-5.6382,-7.1723,-5.1438,-6.9794,-7.7873,-5.6484,-7.3718,-7.4351,-2.7257,-4.1872,-3.8028,-2.8465,-2.9384,-0.69015,-0.75827,-1.5407,2.0194,-0.46142,0.058375,0.84171,-1.4035,-1.7892,-1.2013,-3.281,-2.8107,-1.7941,-1.2373,-1.9716,0.3935,0.91527,1.5633,2.2617,1.3382,-0.063662,2.6584,0.73226,1.8396,1.7008,0.11236,3.2979,3.7713,0.93052,3.1806,1.1997,2.1112,4.5896,1.4548,-0.24624,2.8418,2.7484,0.26787,3.0263,2.2654,4.7911,2.4566,5.7264,-0.29644,4.3798,2.1798,2.4699,4.174,1.7721,5.135,5.2306,0.78098,3.1748,0.96164,-1.8084,2.7101,1.0515,2.213689667,1.451485862,8.019014002,-8.72996107,-2.742828648,-3.494557999,-3.128147751,-1.871678659,-1.778034816,-1.277181976,-0.756628573,-0.720685441,-3.325866496,-1.799392569,-3.791230767,1.43781633,1.191349407,0.019579087,2.63334612,-3.675568258,-15.60959548,-48.87803381,-47.91893978
-7.1774,-6.0658,-5.421,-1.5104,-4.3037,-4.6151,-4.1559,-3.5162,-4.1919,-5.1906,-5.7706,-6.5649,-6.6046,-5.4046,-4.3141,-5.6382,-7.1723,-5.1438,-6.9794,-7.7873,-5.6484,-7.2982,-7.2316,-2.618,-4.1872,-3.8028,-3.0422,-2.9384,-0.56094,-0.75827,-1.5407,2.0143,-0.46142,0.058375,0.84171,-1.333,-1.7892,-1.2013,-3.1423,-2.8107,-1.707,-1.2373,-1.9281,0.38139,0.91527,1.5633,2.2517,1.2594,-0.063662,2.6061,0.73226,1.8396,1.6809,0.11236,3.3484,3.611,1.1749,3.1806,4.4204,2.1112,4.5218,1.4153,-0.24624,2.8418,2.7484,0.25217,3.1816,2.2654,4.7998,2.4566,5.7264,-0.36324,4.3798,2.1798,2.4699,4.174,1.7721,5.0539,5.2211,0.78098,2.9349,0.86078,-1.8084,2.7101,1.0515,2.213689667,1.217454684,8.019014002,-8.701367748,-2.742828648,-3.494557999,-3.128147751,-1.149233316,-1.634223909,-1.294320645,-0.756628573,-0.720685441,-3.325866496,-1.86110641,-3.791230767,1.574869773,1.206633636,0.019579087,2.438068865,-3.675568258,-15.60959548,-49.62741669,-49.30757957
-7.1774,-6.0658,-5.421,-1.4876,-4.3037,-4.6131,-4.1454,-3.5162,-6.7374,-5.1906,-5.7841,-6.5842,-6.6046,-5.4046,-4.3141,-5.6382,-7.1723,-8.1355,-6.9794,-7.6687,-5.6484,-7.2982,-7.047,-2.618,-4.1872,-3.6955,-3.0422,-2.8228,-0.55799,-0.75827,-1.5463,2.0143,-0.46142,0.058375,0.80229,-1.3808,-1.8585,-1.227,-3.1423,-2.9152,-1.707,-1.2373,-1.9444,0.40229,0.91527,1.5749,2.2517,1.2594,-0.15136,2.6061,0.73226,1.8442,1.6429,0.19581,3.3094,3.611,1.1749,3.1519,4.4204,2.1112,4.5218,1.4153,-0.21946,3.9448,2.7484,0.18799,3.1816,2.2654,2.0568,2.4566,5.7264,-0.36324,2.4103,2.1798,2.4155,4.174,1.7721,5.5854,5.2211,0.78098,2.9349,0.71902,-1.8242,2.7181,1.0515,2.213689667,1.217454684,8.019014002,-8.701367748,-5.2458023,-3.494557999,-3.251157152,-1.149233316,-1.634223909,-1.296846332,-0.82823622,-0.720685441,-3.325866496,-1.840700855,-3.743535222,1.645519085,1.206633636,0.016557677,2.438068865,-3.675568258,-15.60959548,-49.74268857,-49.30757957
-7.1774,-6.0658,-5.3191,-1.4876,-4.3404,-4.2982,-4.1454,-3.5405,-6.7279,-5.1906,-5.8428,-6.5842,-6.6046,-5.3818,-4.3141,-5.6382,-7.2705,-8.1355,-6.9516,-7.7524,-5.6484,-7.2982,-7.0768,-2.618,-4.1872,-3.611,-3.0422,-2.8228,-0.61976,-0.75827,-1.3746,1.9046,-0.46142,0.082405,0.744,-1.3808,-1.8585,-1.3127,-3.1423,-2.9152,-1.6985,-1.2373,-1.8722,0.40229,3.0324,1.6534,2.2517,1.2594,-0.15136,2.602,0.79136,1.8442,1.6429,6.2524,3.2996,3.611,6.6326,3.1519,4.4204,2.2335,3.5953,1.4153,-0.25664,3.9448,2.724,3.5691,3.1816,2.0657,2.0465,2.4566,5.7264,-0.35362,2.4103,2.1338,4.2372,4.174,1.7061,5.5321,5.2211,0.7784,2.9349,0.71902,-1.7612,2.7181,1.0515,2.222073368,1.244587456,8.019014002,-8.654657789,-5.2458023,-3.651909581,-3.251563526,-1.149233316,-1.634223909,-1.284819775,-0.832780839,-0.720685441,-3.430038825,-1.840700855,-3.743535222,1.645611068,1.206633636,0.016557677,2.449233473,-3.675568258,-15.60959548,-50.04782051,-49.30757957
-6.9748,-6.0658,-5.3191,-1.4876,-4.3032,-3.9784,-4.1454,-3.5321,-6.7279,-5.1906,-6.0946,-7.8275,-6.5891,-5.3818,-4.3141,-7.9144,-7.2767,-8.1355,-6.9028,-7.8684,-5.4813,-7.6037,-7.06,-2.618,-4.7569,-3.611,-3.0422,1.6188,-0.6041,-0.89932,-1.4828,1.9046,2.5288,0.14118,1.1749,-1.3808,-1.7666,-1.3127,-3.117,-3.0099,-1.6985,-0.67805,-1.9062,0.40229,3.0421,1.7085,2.2517,1.2361,6.5441,2.602,4.9156,3.9522,1.6429,6.2359,7.7979,3.6059,6.5226,2.6965,4.4204,2.3605,3.5953,1.4153,4.1589,3.9448,2.6521,3.6639,3.1816,2.136,2.0465,2.4566,-2.5625,-0.4457,2.4103,2.1321,4.1826,4.1875,1.6692,5.5321,5.2468,5.4503,2.9349,0.71902,-1.7612,0.52375,1.073,2.205692956,1.244587456,8.043571621,-4.630328592,-5.2458023,-3.68744906,-3.292432147,-1.122547942,-1.634223909,-1.191589368,-0.832780839,-0.73967878,-3.430038825,-1.840700855,4.232045305,1.69620178,0.580047065,-0.100896718,2.449233473,-3.675568258,-15.60959548,-50.04782051,-49.66236244
-6.8396,-6.135,1.6834,-1.4876,-4.0915,-3.9784,-4.1454,-4.9815,-6.7279,-5.2176,-6.0946,-7.8275,-3.9003,-5.3818,-4.3141,-7.9138,-5.5449,-8.081,-11.5589,-7.8684,-7.6867,-7.6502,-2.11,-2.618,-4.7575,-3.5307,-3.0496,1.6298,-0.6041,-0.75821,5.1458,1.9046,2.5722,0.10825,1.1749,-1.3808,0.32476,-1.3127,-3.117,0.4058,-1.6985,-0.67805,0.72154,0.28688,2.9807,5.2553,2.2517,0.41053,6.54,2.602,4.9156,3.9522,1.6429,6.1235,7.7979,2.5816,6.5226,2.6965,4.3391,7.7981,3.5953,1.4431,4.1574,3.9663,2.6521,3.6639,3.2479,6.3053,2.0465,2.4566,-2.565,5.3504,2.4103,2.133,4.1826,0.32989,4.7371,5.5321,5.2527,5.4503,2.8665,0.71902,5.3378,0.52375,3.2997,2.255634962,1.244587456,-14.59144564,-4.631052412,-5.197588388,-5.386146699,-3.292432147,-1.07592346,-1.611233461,-0.326463334,-0.832780839,-4.103616924,-3.429706573,-1.840700855,4.273267991,1.69620178,1.244543292,7.837373786,2.449233473,-6.070814919,-15.47604651,-50.04782051,-49.66236244
-6.8209,-6.1996,1.6834,-1.7171,-4.0918,-3.9784,-5.3644,-4.976,-6.7764,-5.2066,-6.1008,-7.8275,-3.9062,-5.3667,-4.3295,-7.9138,-5.5449,-8.081,-11.5538,-7.8684,-7.6713,-8.6107,-2.11,-2.6671,-4.7578,-3.5307,-3.7788,1.6298,-0.6041,-0.76399,5.1349,1.9046,2.5722,3.7149,1.1749,0.51884,0.32413,-1.3127,-0.92421,0.4058,-1.4757,-0.64534,0.72154,2.7763,2.9807,5.2502,2.2893,0.42356,6.54,2.4854,4.907,3.9522,0.9333,6.1551,7.7979,2.5837,6.5226,2.6965,4.3389,7.8217,3.5953,1.4445,4.1574,3.9713,0.32531,3.6639,2.6226,6.2889,2.0506,2.4566,-2.5657,5.3504,2.4103,2.0109,4.1826,0.34424,4.7319,5.5289,-0.7302,5.4503,2.8959,0.71163,5.3414,0.52375,3.318,2.255634962,1.259555237,-14.59144564,-4.631052412,-5.229428174,-5.394371718,-3.292432147,-1.079376067,-2.69128295,-0.326463334,-0.832780839,-4.142922824,-3.429706573,-1.840700855,4.270866478,1.69620178,1.378175972,7.820557175,2.449233473,-8.130270108,-55.17496526,-50.04782051,-52.2229214
-6.8246,-6.2062,1.6834,-1.6843,-4.1303,-3.9867,-5.3564,-4.976,-6.7712,-5.232,-6.1008,-7.8354,-3.9072,-5.3667,-6.6706,-7.899,-5.5449,-8.0347,-11.5364,-7.8684,-8.6637,-8.6182,-2.11,-4.9807,-4.7438,-3.5307,-3.7828,1.6298,-0.66023,-0.76843,5.1349,1.9132,2.6997,3.6976,1.1681,0.53364,0.32413,-1.2868,-0.92006,0.3792,1.1349,-0.67423,0.72154,2.7625,2.9807,5.2502,3.1926,0.42373,6.54,2.4854,4.9086,3.9373,0.9377,6.1551,7.8123,2.5828,6.5226,2.6965,4.3217,7.8217,3.5897,1.4407,4.1574,3.9815,0.32531,3.6779,2.6269,6.2889,2.0506,2.4566,-2.5689,5.3504,2.3998,2.0122,4.1773,0.34424,4.7319,5.4534,-0.72853,5.4503,2.8959,-3.579,5.3414,0.52602,3.3475,2.255634962,1.25430129,-14.5872793,-4.631052412,-5.213334414,-5.394060593,-3.292432147,-1.087670068,-2.437635965,-0.326463334,-0.583224487,-4.141232584,-3.429706573,-4.198365716,4.270866478,1.69620178,1.455943373,7.820557175,-9.708353453,-8.130270108,-55.17496526,-87.16355585,-52.13052162
-6.6522,-6.2062,1.6821,-1.6489,-4.1303,-3.9488,-5.3564,-4.976,-6.7712,-5.2959,-6.1008,-7.7688,-3.9096,-5.3667,-6.6751,-7.899,-5.569,-7.9873,-11.5364,-6.621,-8.6211,-8.6299,-2.1073,-4.9691,-4.7438,-3.5307,-3.7822,1.6298,1.061,-0.85205,5.1349,1.8971,2.6997,3.6976,1.1509,0.53364,0.32413,-1.2868,-0.92006,0.37395,1.131,-0.67423,0.71694,2.8676,2.9807,5.2502,3.1843,0.42373,6.54,2.4398,4.9086,3.9357,0.9377,6.1551,7.8156,2.4692,6.505,2.7308,4.3217,7.8217,3.5497,1.4407,4.1649,3.9815,0.32531,3.6796,2.6261,6.2889,2.0506,7.3295,-2.5689,5.3574,2.337,2.0122,4.1943,0.34424,4.7319,5.4534,-0.72853,5.4502,2.5855,-3.575,5.3414,0.54162,3.3475,2.255634962,15.02067531,-14.5872793,-4.623815311,-5.213334414,-5.394060593,-3.273783032,-2.019672922,-2.439955953,-0.326463334,-0.577010451,-4.141232584,-3.429706573,-4.202423484,4.270866478,3.077684356,1.448839159,7.820557175,-9.79448896,-8.130270108,-55.17496526,-86.39174305,-52.39617906
-6.6522,-6.2062,1.6898,-1.5993,-4.1303,-3.9269,-5.3522,-4.976,-7.6277,-5.1345,-6.1026,-7.7769,-3.9096,-5.3575,-7.1383,-7.899,-5.5667,-7.9789,-11.5364,-6.8199,-8.6211,-8.6299,-2.1073,-4.9759,-4.7438,-3.5118,-3.7701,1.6361,1.061,-0.85205,5.1429,1.1683,2.6997,3.6976,1.2641,0.52637,0.31858,-1.3381,-0.92006,0.37395,0.63299,-0.67423,0.70545,2.8374,3.0694,5.2439,3.0604,0.42373,6.54,2.4398,4.9086,3.9357,1.012,6.1455,7.8156,2.4692,6.8984,2.7308,4.3217,7.8128,3.6929,1.4407,4.1649,3.9871,0.32531,3.6775,2.6261,6.2214,1.9485,7.4037,-2.5689,5.3574,2.337,2.0122,4.1943,0.34424,4.7323,5.4049,-0.72853,5.3752,2.5855,-3.5485,5.3414,0.54162,3.3475,2.262852645,14.98036903,-14.5872793,-4.622347622,-5.248232908,-5.394060593,-3.262039093,-2.019672922,-2.439955953,-0.291599316,-0.607099604,-4.141232584,-3.430119873,-4.17720208,4.270866478,3.080602054,1.448839159,7.827425434,-9.72685048,-8.130270108,-55.16491699,-77.82902481,-52.39617906
-6.6522,-6.2062,1.6898,-1.5993,-4.1344,-3.9252,-5.3522,-4.9574,-7.4464,-5.1345,-6.0307,-7.6759,-3.9096,-5.3575,-7.1383,-7.899,-5.5746,-7.9789,-11.5364,-7.1366,-8.6211,-8.6299,-2.1073,-4.9759,-4.7438,-3.5118,-3.7701,1.6361,0.83902,-0.85205,5.1429,1.1683,2.7074,3.6976,0.76835,0.52637,0.30662,-1.7722,-0.92006,0.37395,0.65658,-0.6112,0.70545,2.8374,3.2945,5.2439,3.1053,0.42373,6.6819,2.3964,4.9086,4.0105,1.012,6.1322,7.8317,2.4692,6.8984,2.8304,4.3217,7.8128,3.4067,1.4407,4.1649,3.9871,0.32531,3.7073,2.6261,6.5381,2.5124,7.6052,-2.5689,5.3574,2.337,2.0122,4.2051,0.34424,4.7323,5.4097,-0.72853,5.0021,2.5855,-3.5485,5.3414,0.71919,3.3475,2.262852645,14.484912,-14.5872793,-4.622347622,-5.248232908,-5.394060593,-3.208779525,-2.019672922,-2.439955953,-0.291599316,-0.226558236,-4.141232584,-3.430119873,-4.17720208,4.275183531,3.096843384,1.448839159,7.827425434,-9.49527396,-8.249407243,-42.42987013,-77.82902481,-52.39617906
-6.5787,-6.2062,1.0831,-1.5993,-4.0578,-3.9683,-5.3522,-5.3127,-7.4464,-5.1345,-6.0703,-7.7281,-4.0146,-5.3575,-7.1383,-7.9929,-5.3988,-7.9789,-11.5364,-6.9368,-8.6218,-8.5902,-1.7693,-4.9759,-4.8294,-3.4831,-3.7701,1.4948,0.95387,-0.85393,5.1429,1.1683,2.7339,3.7161,0.73971,0.52637,0.33075,-1.7722,-0.95809,0.56827,0.65658,-0.63785,0.77445,2.8374,3.3137,5.1005,3.1053,0.41234,6.6038,2.3964,4.8989,3.8901,1.012,6.2129,7.4061,2.1945,6.6546,2.7777,4.4406,7.7763,3.4067,1.4407,4.4309,3.9871,0.39201,3.6668,2.6261,6.6224,2.5124,7.6052,-2.3941,5.6268,2.337,2.0122,4.7658,0.34648,4.7646,5.4097,-0.72853,4.9739,2.5855,-3.5485,5.2684,0.70268,3.3514,2.262852645,14.484912,-14.52958808,-4.416555552,-5.248232908,-5.328855971,-3.283122708,-1.856206848,-2.439955953,-0.44106212,-0.226558236,-4.119911303,-2.795422188,-4.17720208,4.309113626,3.265922436,1.448839159,7.796002483,-9.49527396,-12.32787532,-55.4618912,-77.82902481,-52.18286516
-6.5804,-6.1823,1.0554,-1.919,-4.1726,-3.9683,-5.5353,-5.1676,-7.4464,-6.0883,-6.6858,-7.7281,-4.3869,-4.9232,-7.1383,-8.7597,-5.2773,-7.9789,-11.6602,-6.9368,-8.6205,-8.7649,-1.7993,-4.9759,-4.4489,-3.4738,-4.0813,1.2613,0.95387,-0.84928,5.557,1.1683,2.6088,3.7257,0.73971,0.34081,0.68346,-1.7722,-0.78723,0.50894,0.65658,-0.70042,0.79539,2.8169,3.3133,4.5442,3.1053,0.59538,6.349,2.3964,4.9405,3.8901,0.98998,6.3083,7.4061,2.1378,6.6451,2.7777,4.5589,7.765,3.4067,1.3581,4.7286,4.1334,0.30329,3.6668,2.6016,6.6046,2.5124,7.6052,-2.3853,5.5052,2.1222,2.6147,4.7658,0.37729,5.6833,5.4097,-0.73509,4.9809,2.5855,-3.0553,5.208,0.70268,3.5384,2.267415793,14.484912,-14.93289101,-4.482731355,-5.248232908,-5.154352365,-3.283122708,-1.660890115,-2.462811554,-0.44106212,-0.226558236,-4.743386169,-2.795422188,-5.297440338,4.565104404,3.265922436,1.448839159,7.788201632,-9.49527396,-12.40718353,-61.06184731,-77.82902481,-47.57710269
-6.5516,-6.3364,1.0554,-1.8915,-4.0253,-3.9683,-4.7154,-5.1912,-7.3011,-6.0863,-6.6508,-7.7281,-4.4696,-4.9232,-7.1725,-8.7621,-5.2773,-7.9789,-11.4978,-6.9368,-8.6311,-8.8588,-1.7993,-5.0001,-4.5051,-3.4738,-4.0925,1.1444,0.95387,-0.84928,5.5563,1.2684,2.6201,3.6583,0.73971,0.31492,0.55416,-1.7722,-0.73402,0.50894,0.84402,-0.70042,0.79539,2.7528,3.3083,4.6108,3.1053,0.43306,6.349,2.3964,4.8824,3.8901,1.1102,6.3083,7.4061,2.3163,6.6451,2.7777,4.662,7.7505,3.4053,1.4371,4.7286,4.4908,0.32705,3.6668,2.2333,6.6221,2.5421,7.6245,-2.3858,5.5052,2.3239,2.5499,4.7658,0.47042,5.6444,5.4097,-1.1729,4.9809,2.5752,-3.1269,5.2634,0.70268,3.483185963,2.267415793,14.51457041,-14.88399314,-4.482731355,-5.248232908,-5.326150179,-3.283122708,-1.60773943,-2.428101848,-0.44106212,-0.277745557,-4.806142909,-2.795422188,-5.062044296,4.631520686,3.265922436,1.448839159,8.205719966,-9.53279836,-12.15580695,-61.15587686,-77.65947837,-47.69472951
-6.5516,-6.3836,1.0554,-2.07,-4.0709,-4.0968,-4.8239,-5.1912,-7.2177,-6.0863,-6.6508,-7.7281,-4.4751,-4.9232,-7.1854,-8.7711,-5.2773,-7.9789,-11.4344,-6.9368,-8.566,-8.8827,-1.7993,-5.0362,-4.4959,-3.4738,-3.8128,1.1444,0.96073,-0.87952,5.5563,1.2847,2.7293,3.6778,0.7336,0.24845,0.55416,-1.8884,-0.73666,0.50894,1.0183,-0.70042,0.79539,2.8335,3.3083,4.6108,3.112,0.43364,6.349,2.4071,4.8638,3.9713,1.0494,6.3083,7.3994,2.4132,6.6451,2.7331,4.6237,7.7505,3.3952,1.2325,4.7286,4.5501,0.30046,3.8155,2.0212,6.6221,2.532,7.5655,-2.4015,5.5052,2.3303,2.5353,4.6464,0.54945,5.6444,5.4097,-1.0921,4.9809,2.5638,-3.1325,5.2634,0.67671,3.482972685,2.267415793,14.51457041,-14.86804013,-4.482731355,-5.248232908,-5.434187584,-3.283122708,-1.609167937,-2.456986548,-0.44106212,-0.302622871,-4.725339544,-2.795422188,-5.068063073,4.631520686,3.255886237,1.455965583,8.205719966,-9.509986914,-12.33017711,-61.15587686,-77.70979695,-47.36622075
-6.5742,-6.3836,1.3072,-2.014,-4.0709,-4.0968,-4.8061,-5.1912,-7.1874,-6.1968,-6.6508,-7.9505,-4.5196,-4.9232,-7.2587,-8.7711,-5.3004,-7.9583,-11.4344,-6.9231,-8.5885,-8.8811,-1.7993,-5.003,-4.4959,-3.4738,-3.8161,1.1444,0.96161,-0.87952,5.5563,1.2458,2.7293,3.6778,0.73269,0.18465,0.55416,-1.8884,-0.7213,0.40761,1.0193,-0.70042,0.86762,2.9182,3.3083,4.6108,3.1082,0.45441,6.3902,2.4195,4.8638,3.9713,0.75827,6.3083,7.3994,2.3697,6.6451,3.094,4.5952,7.7505,3.4104,1.2248,4.6728,4.5446,0.30046,3.8155,2.0206,6.6221,2.5545,7.5545,-2.4015,5.5368,2.3289,2.5353,4.6125,0.55639,5.6444,5.4135,-1.1055,4.9512,2.5601,-3.1319,5.2634,0.67671,3.454853878,2.267415793,14.52048393,-14.86804013,-4.497894099,-5.234910223,-5.434187584,-3.305897391,-1.790002285,-2.48571694,-0.438621996,-0.314804221,-4.725339544,-2.905952577,-5.069013386,4.631520686,3.256263628,1.455965583,8.205719966,-9.467710818,-12.33017711,-61.15587686,-77.92252727,-47.19886193
-6.5742,-6.3836,1.3074,-2.0034,-4.0709,-4.0968,-4.8061,-5.2193,-7.3169,-6.1653,-6.6707,-7.8903,-4.5196,-5.0518,-7.3214,-8.7711,-5.4561,-8.053,-11.4344,-6.9068,-8.5885,-8.8811,-1.8137,-5.0109,-4.4959,-3.4482,-3.7128,1.1762,0.95664,-0.87952,5.6302,1.2891,2.7293,3.6778,0.68905,0.35844,0.55401,-1.9464,-0.7213,0.46547,0.86887,-0.70042,0.88366,2.9108,3.4016,4.5361,3.0822,0.45441,6.3853,2.5205,4.8638,4.0673,0.72649,6.3083,7.276,2.3697,6.6611,3.1336,4.5952,7.7781,3.3761,1.2248,4.6808,4.5874,0.30046,3.8063,2.056,6.6112,2.5526,7.5937,-2.4015,5.5277,2.3029,2.5353,4.6204,0.55639,5.6051,5.4135,-1.1055,5.0475,2.563,-3.1545,5.2561,0.70644,3.454853878,2.406641274,14.55375272,-14.86804013,-4.487663049,-5.234910223,-5.434187584,-3.279532823,-1.790002285,-2.48571694,-0.56514839,-0.352333646,-4.725339544,-2.895228222,-5.116661322,4.631520686,3.24875431,1.455965583,8.13982191,-9.477024692,-12.33017711,-61.40576755,-79.04689133,-47.19886193
-6.5742,-6.3836,1.268,-2.0034,-4.1602,-4.1334,-4.8061,-5.1847,-7.3013,-6.1653,-6.6707,-7.9593,-4.5196,-5.0518,-7.3085,-8.7711,-5.4657,-8.053,-11.4354,-6.9232,-8.5885,-8.8811,-1.8222,-4.9808,-4.5343,-3.4489,-3.7128,1.1952,1.0705,-0.87952,5.6354,1.2992,2.5823,3.6571,0.68905,0.35844,0.55401,-2.2644,-0.7213,0.46461,0.85353,-0.70025,0.88333,2.9108,3.3881,4.5402,3.0736,0.45441,6.3856,2.5236,4.983,4.0651,0.72649,6.2916,7.2734,2.3697,6.6537,3.1278,4.5952,7.8026,3.53,1.2248,4.6851,4.5874,0.20376,3.8063,2.056,6.6263,2.4688,7.5645,-2.3824,5.4945,2.3029,2.545,4.6018,0.55639,5.6045,5.416,-1.1055,5.0383,2.563,-3.1545,5.2807,0.70951,3.454853878,2.36941945,14.5627377,-14.84285228,-4.486389743,-5.234910223,-5.434187584,-3.317035718,-1.790002285,-2.48571694,-0.543825311,-0.352642982,-4.725339544,-2.943217958,-5.116661322,4.62827334,3.243382591,1.455965583,8.13982191,-9.506451051,-12.2992587,-61.39780978,-79.42166134,-47.19886193
-6.5742,-6.4222,1.292,-2.0034,-4.1866,-4.1334,-4.8061,-4.9567,-7.3013,-6.1653,-6.5854,-7.9801,-4.5496,-5.0518,-7.3085,-8.8346,-5.465,-8.053,-11.4377,-7.0056,-8.5885,-8.8806,-1.8283,-4.9808,-4.5385,-3.4001,-3.7128,1.2089,1.0601,-0.89026,5.5405,1.2992,2.6962,3.7312,0.74419,0.35844,0.55561,-2.2622,-0.76343,0.44997,0.85353,-0.67648,0.80312,2.9108,3.6109,4.5429,3.0736,0.49609,6.3208,2.5236,4.9419,4.0589,0.72649,6.2916,7.2072,2.3018,6.6535,3.2514,4.5795,7.8153,3.53,1.1479,4.632,4.5874,0.21331,3.8063,2.056,6.694,2.4688,7.5645,-2.3946,5.4957,2.3029,2.5463,4.5954,0.555,5.5979,5.416,-1.1055,5.0115,2.563,-3.1545,5.263,0.72509,3.487582536,2.367837109,14.5627377,-14.90409654,-4.465567946,-5.234910223,-5.481379901,-3.403885293,-1.840862293,-2.497059001,-0.543825311,-0.352642982,-4.762272846,-2.937657849,-5.116661322,4.69153265,3.405414311,1.455965583,8.086560473,-9.506451051,-12.26653183,-61.38844953,-79.42166134,-47.23536328
-6.5134,-6.4058,1.4069,-2.1314,-4.4285,-4.1334,-4.828,-5.1931,-7.3013,-6.1803,-6.6317,-7.9801,-4.5147,-5.0748,-7.3085,-8.9362,-5.4697,-8.053,-11.5657,-7.0056,-8.6331,-8.8842,-1.8203,-4.9808,-4.5432,-3.4348,-3.7009,1.2001,1.0601,-0.89026,5.5096,1.2992,2.6966,3.7595,0.74419,0.44479,0.42409,-2.2622,-1.0018,0.69715,0.85353,-0.67648,0.6597,3.1294,3.6408,4.5917,3.0736,0.4715,6.3475,2.5236,4.9261,4.0589,0.73006,6.2916,7.2072,2.6385,6.8699,3.2514,4.6882,7.7843,3.53,1.2225,4.5488,4.6777,0.092115,3.8063,2.0777,6.6827,2.4688,7.5645,-2.3922,5.4734,2.291,2.5472,4.5954,0.53147,5.6014,5.416,-1.1964,5.0274,2.563,-3.1735,5.2655,0.72509,3.470829405,2.347641495,14.5627377,-14.90573045,-4.474026175,-5.234910223,-5.461024766,-3.403885293,-1.848190649,-2.421820162,-0.386779566,-0.352642982,-5.007594685,-2.950853784,-5.146744638,4.732500566,3.405414311,1.455965583,8.151422364,-9.506451051,-13.06866782,-63.40182897,-79.42166134,-47.40329419
-6.4648,-6.4212,1.4069,-2.1314,-4.3876,-4.1334,-4.671,-5.1741,-7.4395,-6.1803,-6.4571,-7.9801,-4.4939,-5.0606,-6.9674,-8.9362,-5.4697,-8.053,-11.5637,-7.0056,-8.6367,-8.8842,-1.8203,-4.8323,-4.4319,-3.4348,-3.7547,1.2001,1.0601,-0.89026,5.4999,1.4936,2.4915,3.7595,0.74419,0.50098,0.40319,-2.2622,-0.80721,0.69715,0.88919,-0.67648,0.6597,3.097,3.6408,4.5917,3.0666,0.56417,6.3475,2.5193,4.9596,4.0589,1.0452,6.2916,7.2072,2.7126,6.8699,3.2514,4.9331,7.8555,3.3038,1.1699,4.5488,4.6777,0.2581,3.8063,2.271,6.6925,2.5317,7.5645,-2.4278,5.4734,2.248,2.5117,4.5954,0.53147,5.6333,5.416,-1.209,5.0274,2.5073,-3.1735,4.9145,0.72509,3.354614195,2.357931133,14.4274801,-14.90573045,-4.474026175,-5.234910223,-5.432225903,-3.403885293,-1.78772793,-2.421820162,-0.386779566,-0.512079166,-4.939987639,-2.950853784,-4.925135757,4.758385896,3.405414311,1.455965583,8.32359071,-9.549578577,-13.06866782,-63.40182897,-77.89807536,-47.84241283
-6.4771,-6.6693,1.4069,-2.5711,-4.337,-4.1571,-4.5483,-5.1741,-7.387,-6.6665,-6.4571,-8.0032,-4.6049,-5.0606,-7.096,-8.8273,-5.4697,-7.974,-11.3767,-7.0072,-8.6367,-8.7247,-1.8203,-4.8327,-4.4303,-3.4348,-3.7541,1.2001,1.1445,-0.6944,5.4999,1.4936,2.4716,3.9636,0.6815,0.45817,0.40319,-2.2527,-0.772,0.69715,0.88919,-0.83591,0.6597,2.9936,3.6408,4.5917,3.006,0.64457,6.3475,2.4953,4.9602,4.2578,1.0452,6.2916,7.8663,2.679,6.8699,3.3565,4.9865,7.8555,3.246,1.2935,4.5488,4.5219,0.29761,3.9242,2.7932,6.6925,2.5515,7.5388,-2.3833,5.4734,2.2549,2.628,4.5954,0.60177,5.6333,5.2882,-1.209,5.0274,2.4962,-3.1408,4.9145,0.7813,3.365143934,2.357931133,14.37211711,-14.93372257,-4.474026175,-5.158331616,-4.421879067,-3.383685753,-1.986316404,-2.160091567,-0.386779566,-0.539649985,-4.98675763,-2.950853784,-4.805899365,4.758385896,3.39962217,1.640458349,8.32359071,-9.549578577,-13.99416051,-63.40182897,-78.05910674,-47.84241283
-6.4771,-6.4844,1.5582,-2.5642,-4.337,-4.1992,-4.6085,-5.1741,-7.4622,-6.6316,-6.4571,-7.933,-4.6241,-5.0606,-7.1052,-8.8273,-5.5377,-8.5716,-11.3767,-6.9639,-8.5652,-8.7199,-1.5483,-4.8525,-4.4303,-3.355,-3.6674,1.2001,1.1434,-0.69162,5.4999,1.499,2.4716,3.9636,0.71454,0.50895,0.40319,-2.3892,-0.97493,0.6997,0.90776,-0.83591,1.6094,3.0799,3.6408,4.5917,3.021,0.63322,6.6124,2.5088,4.9602,4.254,1.0339,6.2916,7.8593,2.679,6.8699,3.4178,4.9939,7.8555,3.2373,1.3549,4.6814,4.5219,0.29761,3.9197,2.8057,6.6925,2.4939,7.4848,-2.3833,5.4977,2.2852,2.628,4.5954,0.61917,5.6333,5.3014,-0.98801,4.965,2.3575,-3.1238,4.9145,0.78985,3.365879892,2.357931133,14.40274041,-14.93372257,-4.492324368,-5.158331616,-4.421879067,-3.35970766,-2.135821826,-2.171110109,-0.347828139,-0.529480645,-4.98675763,-3.064586954,-4.854678541,4.758385896,3.415207674,1.601049536,8.32359071,-9.575322856,-13.99416051,-63.40182897,-77.59972243,-47.41576467
-6.4771,-6.4844,1.5582,-2.4241,-4.337,-4.2255,-4.6347,-5.2119,-7.1247,-6.6822,-6.5889,-7.9471,-4.6241,-5.1809,-7.1052,-8.8273,-5.5675,-8.5744,-11.3767,-6.9639,-8.5652,-8.7199,-1.5538,-4.8525,-4.4303,-3.3586,-3.6674,1.2561,1.051,-0.69162,5.4033,1.5143,2.4716,3.9636,0.72553,0.49991,0.48683,-2.5128,-0.97493,0.70774,0.86311,-0.83591,1.6071,3.0757,3.6408,4.8131,3.021,0.63322,6.6171,2.579,4.9602,4.2559,0.94271,6.4889,7.8212,2.679,6.7514,3.5716,4.9939,7.8861,3.2373,1.3549,4.6814,4.5091,0.29761,3.9391,2.809,6.6925,2.5156,7.535,-2.3833,5.4657,2.2693,2.628,4.5304,0.61917,5.6465,5.3112,-0.98801,4.965,2.3254,-3.1093,4.9037,0.80851,3.365879892,2.169429172,14.40274041,-14.93372257,-4.499809643,-5.169037258,-4.460826309,-3.35970766,-2.135821826,-2.171110109,-0.300454259,-0.475874012,-4.98675763,-3.085896278,-4.854678541,4.850879325,3.381599386,1.601049536,7.798753466,-9.575322856,-13.99416051,-64.01424494,-77.66831699,-47.41576467
-6.4771,-6.4844,1.4072,-2.4241,-4.3226,-4.2401,-4.6347,-5.2119,-7.2027,-6.6822,-6.5718,-8.0257,-4.6241,-5.2137,-7.1835,-8.8073,-5.6096,-8.5744,-11.3649,-6.9337,-8.5652,-8.7199,-1.6068,-4.9468,-4.3982,-3.3648,-3.6674,1.2561,1.051,-0.69162,5.4544,1.689,2.7133,3.913,0.61602,0.49991,0.41868,-2.4198,-0.97493,0.83868,0.83538,-0.76268,1.647,3.0757,3.6109,4.8245,2.9849,0.63322,6.6273,2.6016,4.9321,4.3201,0.94271,6.4828,7.8212,2.679,7.1456,3.5716,4.9939,7.8803,3.2697,1.3549,4.6734,4.5091,0.18205,3.9391,2.809,6.6313,2.272,7.535,-2.4157,5.5053,2.2693,2.6332,4.5304,0.61917,5.6777,5.2828,-0.98801,4.9034,2.3254,-3.1093,4.9084,0.84294,3.365879892,2.190959339,14.47982647,-14.93372257,-4.47634306,-5.169037258,-4.460572531,-3.366382936,-2.135821826,-2.171110109,-0.268966341,-0.507338765,-4.954688934,-3.080727289,-4.854678541,4.850879325,3.420406289,1.601049536,7.798753466,-9.413169373,-13.90582416,-64.01424494,-79.0170624,-47.41576467
-6.4771,-6.456,1.3435,-2.4241,-4.4332,-4.0594,-4.6347,-5.2073,-7.2027,-6.6822,-6.5679,-8.1287,-4.6241,-5.2205,-7.1835,-8.6125,-5.6659,-8.5744,-11.4176,-6.8742,-8.5378,-8.6647,-1.5821,-4.9468,-4.3679,-3.4458,-3.6674,1.2647,0.99542,-0.72706,5.6058,1.689,2.6565,3.8948,0.43077,0.49991,0.48798,-2.2708,-0.92715,0.86663,0.83538,-0.79742,1.5456,3.0757,3.7139,4.8974,2.9849,0.63403,6.6344,2.6016,5.0337,4.421,0.94271,6.5512,7.8804,2.6759,7.1298,3.5716,5.0039,7.9246,3.2697,1.2893,4.5866,4.5091,0.045902,3.9235,2.809,6.6691,2.272,7.535,-2.4124,5.4862,2.2693,2.5693,4.6675,0.51542,5.5565,5.2828,-0.93061,4.8794,2.3254,-3.1093,4.9084,0.83877,3.257000621,2.146209464,14.47982647,-14.98592488,-4.438802471,-5.169037258,-4.334264171,-2.883567249,-2.103767894,-2.208525747,-0.303849197,-0.507338765,-4.880004791,-3.124573266,-4.854678541,4.90425061,3.417236887,1.612531461,7.77598548,-9.413169373,-13.62569188,-64.80808946,-79.0170624,-46.61826416
-6.6239,-6.226,1.1497,-2.3351,-4.3921,-4.0594,-4.6017,-5.3701,-7.2027,-6.7597,-6.5679,-8.1287,-4.6202,-5.0177,-7.1835,-8.5735,-5.5413,-8.5744,-11.3979,-6.8742,-8.6252,-8.5662,-1.4362,-4.9468,-4.5406,-3.442,-3.6674,1.247,0.99542,-0.70835,5.5792,1.689,2.6629,3.8839,0.43077,0.2671,0.7702,-2.2708,-1.1823,0.73017,0.83538,-0.94372,1.6507,2.9599,3.3925,4.8878,2.9849,0.57143,6.2336,2.6016,5.0109,4.421,1.2288,6.5262,7.8804,2.7203,6.6414,3.5716,4.5855,7.9706,3.2697,1.262,5.0108,4.5847,0.17951,3.9235,2.73,6.74,2.272,7.535,-2.4928,5.5569,2.2698,2.5441,4.6675,0.50597,5.5044,5.2828,-0.9156,4.8143,2.2786,-3.104,5.0092,0.83877,3.274021475,1.968538941,14.47982647,-14.98503102,-4.351213622,-5.254272443,-4.334264171,-2.883567249,-2.123447934,-2.168867583,-0.482264195,-0.507338765,-4.922756697,-3.14090074,-4.877779967,4.894935092,3.417236887,1.553763275,7.703702245,-9.413169373,-14.84707228,-65.78898862,-79.0170624,-45.00603934
-6.5706,-6.0465,1.1497,-2.3284,-4.3553,-4.0594,-4.4594,-5.3656,-7.2027,-7.1386,-6.5538,-8.1287,-4.5855,-4.9716,-7.1723,-8.5902,-5.5413,-8.6811,-11.2875,-6.8742,-8.6143,-8.5338,-1.4362,-4.9032,-4.5492,-3.442,-3.711,1.2523,0.99542,-0.59154,5.6821,1.5167,2.5251,3.87,0.43077,0.34259,0.73329,-2.2708,-1.1795,0.73017,0.94447,-0.95768,1.6507,2.968,3.2146,5.0414,3.0759,0.48055,6.2336,2.6201,5.0147,4.421,1.1509,6.7064,7.8804,2.6869,6.6414,3.5716,4.4875,8.3119,3.5402,1.3266,5.0108,4.3659,0.2329,3.9235,2.7152,6.7453,2.1546,7.51,-2.5645,5.5569,2.1455,2.4839,4.6675,0.49025,5.5466,5.356,-0.88863,4.8143,2.2547,-3.1352,5.0219,0.83877,3.245442051,1.900335849,14.62771528,-15.02244077,-4.351213622,-5.296658221,-4.471366171,-2.883567249,-1.867440359,-2.231204279,-0.482264195,-0.666080856,-4.860674702,-3.14090074,-4.652202588,4.920906074,3.417236887,1.549173761,7.510006013,-9.467490733,-14.7928133,-65.94300333,-79.97986704,-45.00603934
-6.3457,-5.9828,1.1497,-2.2643,-4.3446,-4.262,-4.5142,-5.3656,-7.1547,-7.0456,-6.5538,-8.1349,-4.5578,-4.9716,-7.2938,-8.4823,-5.5413,-8.663,-11.2513,-6.8709,-8.6143,-8.5338,-1.4362,-4.9032,-4.5471,-3.442,-3.6976,1.2523,1.0427,-0.63643,5.6821,1.5293,2.5251,3.8643,0.43077,0.34259,0.73329,-2.1145,-1.1747,0.73017,0.90756,-0.77141,1.6507,2.968,3.2146,5.0414,3.0759,0.4734,6.2336,2.5913,5.0731,4.4002,1.1699,6.7064,7.9845,3.4204,6.6414,3.5486,4.5057,8.3119,3.5143,1.3414,5.0108,4.329,0.30461,4.0232,2.6722,6.7453,2.1157,7.4411,-2.5761,5.5569,2.226,2.4386,4.5922,0.47332,5.5466,5.3369,-1.0718,4.8143,2.2304,-3.1228,5.0219,0.88974,3.245442051,1.900335849,14.62109628,-15.05749752,-4.351213622,-5.265343155,-4.601431595,-2.699152831,-1.867440359,-2.231204279,-0.482264195,-0.62721241,-4.915763486,-3.14090074,-4.731598633,4.920906074,3.38138538,1.554994124,7.510006013,-9.353654876,-14.72711483,-65.94300333,-79.56927948,-44.7996823
-6.3457,-5.9597,1.1601,-2.1853,-4.3446,-4.2662,-4.5142,-5.3656,-7.1547,-7.0906,-6.5538,-8.0941,-4.5857,-4.9716,-7.3443,-8.4823,-5.5705,-8.4522,-11.2513,-6.8709,-8.5588,-8.5426,-1.4191,-4.8866,-4.5471,-3.4222,-3.7043,1.2523,1.0686,-0.65606,5.6821,1.5414,2.5251,3.8643,0.62154,0.18854,0.73436,-2.1472,-0.82733,0.74612,0.9503,-0.77141,1.6826,2.9901,3.2146,5.0414,2.9824,0.533,6.2092,2.5913,5.0731,4.2839,1.1158,6.7064,8.1364,3.4338,6.6527,2.9694,4.8638,8.3119,3.3466,1.538,4.9278,4.1408,0.30461,4.0784,2.6516,6.7453,2.1157,7.5413,-2.5761,5.4373,2.2153,2.4386,4.5993,0.46328,5.5466,5.3435,-1.1407,4.8143,2.1565,-3.1024,5.0219,0.90217,3.253694393,1.900335849,14.65486163,-15.05749752,-4.405166859,-5.263397115,-4.601431595,-2.699152831,-1.746055485,-2.24203692,-0.511916714,-0.56238292,-4.915763486,-2.957295132,-4.787461764,4.920906074,3.414788108,1.527426187,7.510006013,-9.353654876,-14.72711483,-65.94300333,-80.15975773,-42.94643192
-6.3457,-5.9597,1.1601,-2.1853,-4.3446,-4.2662,-4.5122,-5.3656,-7.1412,-7.0906,-6.7442,-8.0941,-4.5857,-4.7734,-7.3443,-8.4823,-5.5705,-8.4522,-11.2513,-6.8155,-8.5588,-8.5426,-1.4191,-4.8866,-4.5471,-3.4855,-3.7043,1.2594,1.0686,-0.65606,5.8773,1.5414,2.5251,3.8643,0.62154,0.18854,0.73436,-2.1629,-0.82733,0.74612,0.95044,-0.77141,1.8058,2.9901,3.2184,5.0414,2.9824,0.533,6.2092,2.5647,5.0731,4.2839,1.1278,6.7064,7.9332,3.4338,6.6527,2.9694,4.8638,8.2796,3.3457,1.538,4.9278,4.1408,0.30461,4.0784,2.6674,6.684,2.1157,7.5413,-2.5761,5.4409,2.2153,2.4386,4.5993,0.46328,5.4086,5.4583,-1.1407,4.8143,2.054,-3.1024,4.955,0.90217,3.253694393,2.025916838,14.65486163,-15.05749752,-4.405166859,-5.119641186,-4.601431595,-2.581322063,-1.746055485,-2.24203692,-0.499063165,-0.56238292,-4.915763486,-2.952944129,-4.787461764,4.932957766,3.414788108,1.527426187,7.406102531,-9.205463959,-14.72711483,-66.73542481,-80.73910648,-42.94643192
-6.3457,-5.9597,1.1747,-2.1853,-4.3446,-4.2832,-4.5122,-5.3656,-7.1412,-7.0906,-6.7442,-8.0935,-4.5857,-4.7734,-7.3297,-8.4823,-5.5631,-8.4522,-11.2173,-6.8155,-8.5588,-8.5426,-1.3419,-4.8652,-4.5471,-3.4855,-3.7043,1.3398,1.0042,-0.65606,5.8773,1.5414,2.5405,3.8153,0.65986,0.18854,0.73436,-2.1629,-0.82733,0.79094,0.99443,-0.74376,1.8058,2.9901,3.2514,5.0602,2.948,0.533,6.1941,2.5903,5.0731,4.277,1.1278,6.7387,7.9332,3.4338,6.6359,2.9216,4.8638,8.2796,3.3236,1.538,5.0038,4.1408,0.30461,4.1549,2.6674,6.6721,2.1157,7.4954,-2.6205,5.5168,2.2153,2.3303,4.6972,0.46328,5.4086,5.4504,-1.1407,4.6831,2.054,-3.1024,4.955,0.99931,3.253694393,2.025916838,14.72716454,-15.03911963,-4.413241889,-5.119641186,-4.597649153,-2.581322063,-1.746055485,-2.24203692,-0.499063165,-0.493823094,-4.915763486,-2.952944129,-4.787461764,5.016894703,3.365208476,1.527426187,7.406102531,-9.205463959,-14.72711483,-65.83580178,-81.79923924,-42.94643192
-6.3726,-5.9955,1.1747,-2.1853,-4.3446,-4.3206,-4.5122,-5.3427,-7.1412,-7.0906,-6.7271,-8.0935,-4.5857,-4.631,-7.3297,-8.4823,-5.5631,-8.4522,-11.2173,-6.8155,-8.7583,-8.416,-1.3419,-4.8652,-4.4701,-3.6731,-3.7043,1.3397,1.0042,-0.6574,5.8734,1.5414,2.5774,3.8153,0.64094,0.18854,0.7315,-2.0443,-0.82733,0.79094,0.99443,-0.74782,1.7976,2.9901,3.285,5.0573,2.948,0.533,6.1941,2.5903,5.0731,4.248,1.1278,6.7276,7.8397,3.5639,6.6359,2.9216,4.8638,8.2479,3.3236,1.538,5.0038,4.1408,0.2999,4.1549,2.6674,6.6723,2.1157,7.4954,-2.6205,5.5168,2.2153,2.3303,4.6972,0.46328,5.3479,5.4504,-1.1407,4.6831,2.054,-3.1024,4.9608,0.99931,3.253694393,1.808100398,14.72716454,-15.03911963,-4.413241889,-5.119641186,-4.597649153,-2.581322063,-1.746055485,-2.25274818,-0.560833971,-0.493823094,-4.915763486,-3.012782064,-4.787461764,5.074435799,3.376888408,1.53056605,7.256722656,-9.205463959,-14.72711483,-66.40810974,-81.79923924,-42.94643192
-6.3919,-5.9955,1.1435,-2.205,-4.3496,-4.3206,-4.5122,-5.3427,-7.1412,-7.0918,-6.7271,-8.0935,-4.6088,-4.631,-7.3297,-8.4727,-5.5631,-8.4271,-11.1325,-6.8155,-8.7916,-8.2848,-1.3419,-4.8652,-4.4071,-3.6731,-3.6203,1.2934,1.0042,-0.53374,5.8734,1.5414,2.5674,3.771,0.64094,0.14929,0.68257,-2.0443,-0.8851,0.79573,0.99443,-0.70565,1.8192,2.9901,3.285,5.0573,2.948,0.49602,6.1817,2.5903,5.0798,4.248,1.1623,6.724,7.8397,3.5639,6.6359,2.9216,4.9236,8.2479,3.3236,1.5614,5.0038,4.1323,0.27062,4.1549,2.6674,6.6723,2.1157,7.4954,-2.6143,5.5168,2.1813,2.2785,4.6972,0.41439,5.3479,5.4504,-1.1407,4.6831,2.054,-3.1123,4.9608,0.99931,3.25950079,1.808100398,14.72716454,-15.00604841,-4.413241889,-5.231718179,-4.704808505,-2.581322063,-1.714672661,-2.255783641,-0.564509339,-0.493823094,-5.005456527,-2.999392716,-4.745897954,5.07446253,3.376888408,1.53056605,7.256722656,-9.205463959,-14.72711483,-66.50116725,-81.79923924,-41.7614973
