date,pmi,business_outlook_survey,business_confidence_index,consumer_confidence_index,industrial_production,mgdp,business_sales,new_residential_sales,inventories,unemployment_rate,employment,weekly_hours,hourly_earnings,consumer_credit,personal_income,federal_debt,exports,imports,ppi,cpi,monetary_base,bank_assets,bank_liabilities,mortgage_rate,federal_funds_rate,treasury_bill,treasury_bill_10,effective_exchange_rate,spot_euro_us,nyse_composite_index,vix
1992m1,47.3,-2.2,99.06806999999999,97.67429,63.3374,9480.079,517626.0,281.0,808292.0,7.3,108369.0,40.6,10.64,798.98271,7051.6,4009.3,41809.5,35403.7,115.6,138.3,333149.0,3388025.3,3155908.5,8.68,4.03,3.8,7.31,95.05,1.2946,2423.179932,17.4
1992m2,52.7,0.6,99.57458000000001,97.93494,63.7911,9521.41,520289.0,269.0,809600.0,7.4,108311.0,40.7,10.67,799.6403799999999,7084.0,4021.4,41370.6,37702.1,116.0,138.6,331242.0,3396845.4,3157122.6,8.83,4.06,3.84,7.27,96.7,1.2629,2396.110107,16.68
1992m3,54.6,15.0,99.9949,98.40262,64.3212,9600.051,530715.0,279.0,812725.0,7.4,108365.0,40.7,10.69,799.44211,7091.7,4038.0,42681.2,37208.1,116.1,139.1,335595.0,3403027.7,3165157.4,8.98,3.98,4.04,7.54,98.83,1.2304,2412.929932,16.18
1992m4,52.6,20.1,100.1801,98.77415,64.8088,9606.322,533290.0,274.0,815453.0,7.4,108519.0,40.9,10.72,797.65814,7112.9,4049.1,43398.8,36558.4,116.3,139.4,333124.0,3407139.5,3164263.7,8.85,3.73,3.75,7.61,98.1,1.2424,2362.3798829999996,15.53
1992m5,55.7,17.0,100.3029,98.98566,65.0202,9588.476,536742.0,273.0,815016.0,7.6,108649.0,40.9,10.74,797.6679,7147.1,4126.6,43954.1,36012.0,117.2,139.7,334541.0,3398683.5,3156536.4,8.6,3.82,3.63,7.33,97.0,1.2681,2402.350098,13.86
1992m6,53.6,15.0,100.2247,98.99191,65.0295,9716.826,541482.0,273.0,820447.0,7.8,108715.0,40.8,10.77,797.27631,7177.8,4194.9,44954.1,38356.1,118.0,140.1,337098.0,3410264.2,3166271.8,8.43,3.76,3.66,7.14,95.63,1.3032,2430.899902,13.35
1992m7,53.9,27.8,100.0668,98.80591,65.6172,9734.277,545177.0,271.0,825098.0,7.7,108793.0,40.8,10.79,798.0681599999999,7173.0,4226.8,44989.4,37501.9,117.9,140.5,340424.0,3408329.3,3155374.7,8.05,3.25,3.21,6.72,94.11,1.3706,2397.590088,13.17
1992m8,53.4,16.7,99.81853000000001,98.64365,65.2943,9714.495,541368.0,269.0,826136.0,7.6,108925.0,40.8,10.81,799.8238,7198.8,4316.0,45466.5,36444.8,117.7,140.8,342727.0,3421904.2,3164660.1,8.01,3.3,3.13,6.62,93.74,1.4019,2470.659912,13.58
1992m9,49.7,21.0,99.56200000000001,98.63249,65.446,9748.625,546733.0,265.0,827513.0,7.6,108959.0,40.7,10.82,800.1989,7165.6,4341.8,45670.9,37469.5,118.0,141.1,346903.0,3441550.4,3176893.8,8.02,3.22,2.91,6.37,93.92,1.3867,2421.600098,14.28
1992m10,50.3,-4.9,99.60894,98.91066,65.9369,9803.366,545987.0,264.0,827914.0,7.3,109139.0,40.8,10.85,799.5559900000001,7119.7,4299.2,46159.5,38931.7,118.1,141.7,349808.0,3444617.9,3181254.2,8.21,3.1,2.86,6.8,96.02,1.3252,2418.530029,16.15
1992m11,53.6,18.2,99.92915,99.57556,66.2174,9831.193000000001,550285.0,262.0,829839.0,7.4,109272.0,40.9,10.87,802.69798,7130.6,4372.2,45971.2,37744.3,117.8,142.1,355924.0,3460051.4,3192497.4,8.29,3.09,3.13,6.95,99.33,1.2389,2458.179932,13.01
1992m12,54.2,25.4,100.2379,100.1166,66.2772,9867.303,552282.0,265.0,835800.0,7.4,109495.0,40.9,10.89,806.11869,7384.7,4412.8,46238.6,38830.9,117.6,142.3,361903.0,3461996.7,3192661.0,8.14,2.92,3.22,6.7,99.34,1.239,2508.090088,12.57
1993m1,55.8,31.1,100.4139,100.2582,66.5643,9852.216,558864.0,266.0,835983.0,7.3,109794.0,41.1,10.93,809.32543,7223.5,4446.0,45495.0,37616.0,118.0,142.8,360650.0,3447389.1,3181899.0,7.86,3.02,3.0,6.39,100.36,1.2122,2536.429932,12.42
1993m2,55.2,34.3,100.3252,100.1347,66.8594,9867.76,558311.0,267.0,838089.0,7.1,110044.0,41.1,10.95,814.0589200000001,7257.7,4519.6,45102.0,37064.0,118.4,143.1,359533.0,3455137.1,3185888.5,7.53,3.03,2.93,6.03,100.27,1.1823,2577.97998,13.16
1993m3,53.5,16.2,100.0106,99.93533000000001,66.7658,9831.251,554939.0,270.0,844806.0,7.0,109994.0,40.8,10.99,813.65629,7235.1,4541.6,48969.0,39027.0,118.7,143.3,362723.0,3475199.1,3205048.2,7.5,3.07,2.95,6.03,99.35,1.1787,2577.449951,12.53
1993m4,50.2,23.3,99.63476999999999,99.68861,67.0,9869.844000000001,560899.0,272.0,846782.0,7.1,110296.0,41.4,10.99,819.75694,7272.7,4570.5,48573.0,38717.0,119.3,143.8,368849.0,3484842.1,3208737.5,7.43,2.96,2.87,6.05,97.28,1.2211,2630.110107,12.42
1993m5,51.2,14.8,99.42178,99.37344,66.7674,9928.228000000001,568488.0,275.0,847279.0,7.1,110568.0,41.0,11.01,819.75905,7262.2,4590.6,47942.0,39592.0,119.7,144.2,370845.0,3515863.3,3241373.9,7.5,3.0,2.96,6.16,97.13,1.2172,2585.699951,13.47
1993m6,49.6,3.5,99.29305,99.12835,66.8781,9925.226,566266.0,275.0,849135.0,7.0,110749.0,40.9,11.03,823.8118099999999,7248.8,4701.2,49189.0,37932.0,119.5,144.3,375841.0,3547046.7,3271930.9,7.34,3.04,3.07,5.8,97.43,1.185,2646.389893,11.26
1993m7,50.2,-3.2,99.30399,98.90063,67.0845,9903.58,566307.0,278.0,849450.0,6.9,111055.0,41.1,11.05,829.51873,7267.1,4692.3,48112.0,37422.0,119.2,144.5,379121.0,3575984.5,3291164.4,7.25,3.06,3.04,5.83,98.53,1.1385,2629.050049,11.73
1993m8,50.7,-0.3,99.4147,98.84225,67.014,9942.818000000001,566668.0,286.0,850877.0,6.8,111206.0,41.1,11.07,834.2355299999999,7277.7,4793.9,47901.0,37833.0,118.7,144.8,380892.0,3587016.2,3296290.0,6.97,3.03,3.02,5.45,98.37,1.1333,2638.459961,11.85
1993m9,50.8,7.3,99.61328,98.97213,67.3345,10018.771,571317.0,287.0,855018.0,6.7,111448.0,41.3,11.1,840.6029800000001,7257.8,4798.7,49083.0,38413.0,118.7,145.0,384705.0,3599622.0,3305251.8,6.95,3.09,2.95,5.4,97.87,1.1791,2716.179932,12.99
1993m10,53.4,8.9,99.91699,99.27218,67.8515,10016.538,577000.0,290.0,855322.0,6.8,111733.0,41.3,11.13,847.6166300000001,7222.3,4804.1,50820.0,40006.0,119.1,145.6,388226.0,3589436.6,3295425.9,6.86,2.99,3.02,5.43,98.82,1.1639,2709.939941,11.46
1993m11,53.8,18.9,100.1961,99.6329,68.1326,10114.443000000001,577705.0,293.0,859037.0,6.6,111984.0,41.3,11.15,856.5234199999999,7242.4,4816.6,49939.0,40049.0,119.0,146.0,391960.0,3600886.1,3300500.1,7.31,3.02,3.1,5.83,99.8,1.1288,2748.540039,13.76
1993m12,55.6,41.4,100.4518,100.1564,68.5054,10140.435,577177.0,293.0,863125.0,6.5,112314.0,41.4,11.18,865.6505800000001,7489.1,4853.9,49534.0,41420.0,118.6,146.3,398638.0,3617033.4,3315795.1,7.13,2.96,3.06,5.83,100.12,1.1289,2699.159912,11.66
1994m1,56.0,27.2,100.6266,100.6071,68.7648,10139.565999999999,584335.0,294.0,863021.0,6.6,112595.0,41.4,11.2,872.0218199999999,7348.8,4875.9,50027.0,39843.0,119.1,146.3,397786.0,3653662.4,3351450.9,6.97,3.05,2.98,5.7,100.39,1.1141,2730.8798829999996,10.63
1994m2,56.5,21.3,100.7517,100.7681,68.7836,10195.966999999999,588455.0,295.0,867670.0,6.6,112781.0,40.9,11.25,880.35286,7362.9,4812.1,50399.0,38293.0,119.3,146.7,397926.0,3670614.4,3367385.9,7.32,3.25,3.25,6.15,99.82,1.1176,2817.26001,14.87
1994m3,56.9,19.8,100.8612,100.7566,69.4766,10229.593,595174.0,298.0,868751.0,6.5,113242.0,41.7,11.25,891.3331599999999,7387.3,4737.9,52267.0,42487.0,119.7,147.1,400752.0,3692928.8,3381636.2,7.8,3.34,3.5,6.77,100.05,1.1419,2726.01001,20.45
1994m4,57.4,16.7,100.9789,100.7248,69.8703,10264.06,596719.0,297.0,871989.0,6.4,113586.0,41.8,11.27,900.9895300000001,7387.6,4686.7,52936.0,41251.0,119.7,147.2,406948.0,3700650.1,3395602.4,8.32,3.56,3.68,7.06,100.02,1.1392,2570.899902,13.77
1994m5,58.2,22.1,101.0987,100.6579,70.2281,10363.005,600167.0,302.0,882927.0,6.1,113921.0,41.8,11.29,912.8637,7472.8,4702.8,53830.0,41379.0,119.9,147.5,407088.0,3719876.9,3420827.1,8.53,4.01,4.14,7.17,99.25,1.1644,2658.23999,13.03
1994m6,58.8,25.0,101.1786,100.5441,70.6763,10352.196,605009.0,315.0,888689.0,6.1,114238.0,41.8,11.31,924.21602,7461.0,4713.8,55731.0,42850.0,120.5,147.9,411591.0,3726728.2,3427516.2,8.46,4.25,4.14,7.34,99.01,1.1835,2673.570068,14.97
1994m7,58.5,17.8,101.1995,100.4665,70.7846,10354.901,610274.0,319.0,894473.0,6.1,114610.0,41.8,11.34,931.1347400000001,7467.2,4741.3,56096.0,41955.0,120.7,148.4,415010.0,3770112.4,3462852.1,8.57,4.26,4.33,7.12,97.44,1.2219,2604.72998,11.13
1994m8,58.0,18.5,101.2201,100.5157,71.2053,10425.496,619487.0,323.0,902148.0,6.0,114896.0,41.7,11.36,944.8031699999999,7476.0,4780.2,57396.0,44377.0,121.2,149.0,415263.0,3781681.8,3469076.6,8.56,4.47,4.48,7.19,97.49,1.2232,2686.26001,11.97
1994m9,59.0,18.5,101.2884,100.5914,71.4767,10380.124,619872.0,331.0,907994.0,5.9,115247.0,41.6,11.39,957.3756,7508.6,4716.5,57640.0,44002.0,121.0,149.3,416866.0,3788887.1,3470852.8,8.82,4.73,4.62,7.62,96.55,1.2354,2759.530029,14.28
1994m10,59.4,26.1,101.3097,100.6921,72.082,10475.169,628003.0,330.0,913439.0,5.8,115458.0,41.8,11.43,968.46871,7579.9,4736.8,57950.0,44203.0,120.9,149.4,418679.0,3806996.4,3492203.8,9.03,4.76,4.95,7.81,95.75,1.2609,2695.669922,14.56
1994m11,59.2,24.7,101.2014,100.8145,72.5263,10469.064,631779.0,333.0,919492.0,5.6,115869.0,41.8,11.45,981.42611,7579.7,4753.3,59778.0,45042.0,121.5,149.8,423063.0,3815413.1,3493112.9,9.25,5.29,5.29,7.91,96.28,1.2437,2714.699951,15.95
1994m12,56.1,23.3,100.9621,101.0034,73.2879,10573.575,642382.0,336.0,926395.0,5.5,116165.0,41.8,11.47,997.30174,7614.2,4774.0,59204.0,46945.0,121.9,150.1,428489.0,3837951.4,3519457.0,9.18,5.45,5.6,7.84,99.05,1.2158,2601.560059,13.2
1995m1,57.4,8.8,100.7341,101.0912,73.4219,10576.133999999998,644664.0,341.0,935639.0,5.6,116501.0,41.8,11.48,1010.39504,7638.9,4830.4,60492.0,46256.0,122.9,150.5,426222.0,3876153.7,3558349.7,9.13,5.53,5.71,7.6,102.0,1.2408,2651.149902,11.96
1995m2,55.1,9.2,100.3502,100.949,73.3025,10499.708999999999,645312.0,346.0,942713.0,5.4,116697.0,41.7,11.53,1018.5591099999999,7654.3,4919.3,59836.0,46597.0,123.5,150.9,422895.0,3895659.5,3581743.5,8.73,5.92,5.77,7.22,101.0,1.2587,2706.8798829999996,11.75
1995m3,52.1,2.0,99.85166,100.7123,73.4081,10554.073999999999,641172.0,346.0,951538.0,5.4,116907.0,41.5,11.55,1033.63209,7675.4,4932.0,61390.0,48259.0,123.9,151.2,427727.0,3931632.5,3607742.6,8.38,5.98,5.73,7.2,99.21,1.3171,2788.929932,13.37
1995m4,51.5,-11.1,99.35798,100.6097,73.3612,10521.698,649536.0,348.0,959239.0,5.8,117069.0,41.0,11.56,1043.69517,7618.8,4945.8,62557.0,47684.0,124.6,151.8,433540.0,3990296.8,3661320.2,8.26,6.05,5.65,7.07,94.77,1.3414,2870.659912,11.75
1995m5,46.7,-8.5,98.89407,100.5961,73.6104,10551.146999999999,647742.0,349.0,965634.0,5.6,117049.0,41.1,11.59,1057.47083,7695.9,5113.5,62311.0,48405.0,124.9,152.1,434008.0,4018222.2,3689634.8,7.85,6.01,5.67,6.3,94.41,1.3216,2930.399902,12.85
1995m6,45.9,-20.8,98.74976,100.7321,73.8602,10651.862,654819.0,348.0,969558.0,5.6,117286.0,41.2,11.63,1069.37791,7719.0,5167.5,62698.0,48271.0,125.3,152.4,434846.0,4036787.8,3708497.9,7.53,6.0,5.47,6.21,94.61,1.3314,3031.810059,11.38
1995m7,50.7,-20.2,98.86971,100.8577,73.5664,10599.042,653374.0,344.0,972934.0,5.7,117380.0,41.1,11.67,1077.737,7736.3,5143.5,62479.0,48097.0,125.3,152.6,435915.0,4078424.8,3743188.8,7.79,5.85,5.42,6.45,94.62,1.3448,3098.0,13.49
1995m8,47.1,1.2,98.81873,100.8213,74.495,10657.278999999999,657867.0,350.0,976097.0,5.7,117634.0,41.2,11.69,1089.60205,7741.6,5175.0,62042.0,49309.0,125.1,152.9,435546.0,4090820.1,3750110.6,7.88,5.74,5.4,6.28,97.44,1.3044,3175.080078,11.52
1995m9,48.1,26.2,98.73581999999999,100.5677,74.7937,10738.396,664775.0,353.0,980029.0,5.6,117875.0,41.2,11.73,1106.6126800000002,7766.9,5192.5,62845.0,50640.0,125.2,153.1,436332.0,4121768.5,3775052.8,7.62,5.8,5.28,6.17,98.89,1.2888,3206.27002,12.74
1995m10,46.7,21.7,98.57965,100.4,74.7017,10692.196000000002,662186.0,359.0,984223.0,5.5,118031.0,41.2,11.75,1113.5285099999999,7775.7,5234.9,62028.0,50133.0,125.3,153.5,436570.0,4133053.3,3789012.1,7.45,5.76,5.28,6.03,98.87,1.3222,3299.850098,13.83
1995m11,45.9,5.5,98.43521,100.3167,74.8897,10710.528999999999,665470.0,366.0,986767.0,5.6,118175.0,41.3,11.78,1132.1601699999999,7797.1,5270.8,62138.0,50259.0,125.4,153.7,439093.0,4135024.0,3779535.8,7.35,5.8,5.36,5.76,100.25,1.3238,3288.639893,11.58
1995m12,46.2,19.6,98.35676,100.3424,75.1755,10809.786,678351.0,370.0,985385.0,5.6,118320.0,40.9,11.81,1140.74436,7807.8,5305.8,62727.0,50832.0,125.7,153.9,445840.0,4165471.6,3813468.3,7.11,5.6,5.14,5.58,100.54,1.3043,3430.4399409999996,12.52
1996m1,45.5,-14.7,98.33327,100.3599,74.6841,10787.756000000001,660384.0,369.0,990730.0,5.6,118316.0,39.7,11.86,1153.2703,7818.5,5307.9,63825.0,50275.0,126.3,154.7,441733.0,4200997.9,3870807.0,7.0,5.56,5.0,5.6,101.28,1.2918,3507.4099119999996,12.53
1996m2,45.9,4.8,98.434,100.436,75.8344,10804.335,659667.0,355.0,991277.0,5.5,118739.0,41.3,11.87,1163.0937800000002,7879.0,5241.1,63519.0,51625.0,126.2,155.0,435714.0,4196829.1,3914976.0,7.32,5.22,4.83,6.13,101.33,1.2886,3608.070068,17.04
1996m3,46.9,-3.5,98.67538,100.59100000000001,75.7631,10862.396999999999,676171.0,368.0,989146.0,5.5,118993.0,41.1,11.89,1171.68426,7904.5,5296.2,63806.0,50901.0,126.4,155.5,440455.0,4201056.4,3955751.5,7.69,5.31,4.96,6.34,101.37,1.2813,3649.8400880000004,18.88
1996m4,49.3,21.3,99.00976999999999,100.6216,76.4562,11006.006000000001,677571.0,368.0,992111.0,5.6,119158.0,41.2,11.95,1180.9031,7857.0,5239.9,64459.0,51351.0,127.4,156.1,443376.0,4230186.3,3997546.9,7.92,5.22,4.95,6.66,101.28,1.2639,3710.75,15.83
1996m5,49.1,19.6,99.30781999999999,100.5995,77.0161,10969.989,684012.0,361.0,993761.0,5.6,119486.0,41.4,11.97,1191.1136900000001,7956.5,5239.3,66464.0,52012.0,128.1,156.4,443014.0,4238522.7,4010290.2,8.03,5.24,5.02,6.85,101.4,1.2467,3716.9799799999996,16.07
1996m6,53.6,21.2,99.56104,100.7151,77.6669,11019.763,688433.0,355.0,993127.0,5.3,119769.0,41.5,12.03,1200.95002,8004.7,5294.8,66087.0,52114.0,128.0,156.7,446423.0,4253597.6,4027493.8,8.29,5.27,5.09,6.73,101.79,1.2529,3788.25,13.68
1996m7,49.7,29.0,99.53901,100.8849,77.5662,11060.568000000001,687240.0,350.0,997782.0,5.5,120015.0,41.4,12.05,1211.89736,7983.8,5311.5,66253.0,51330.0,128.0,157.0,449831.0,4267706.1,4044761.2,8.19,5.4,5.15,6.8,101.81,1.2706,3824.5200200000004,19.46
1996m8,51.6,13.8,99.54297,101.0128,78.016,11092.792,689698.0,342.0,999951.0,5.1,120199.0,41.5,12.09,1220.503,8004.2,5303.1,67329.0,52521.0,128.3,157.2,450911.0,4268635.2,4045365.1,8.09,5.22,5.05,6.96,101.01,1.2832,3677.330078,17.01
1996m9,51.1,12.9,99.5553,101.1094,78.5532,11137.871000000001,695693.0,330.0,1000678.0,5.2,120410.0,41.6,12.13,1225.2717599999999,8023.1,5357.4,68080.0,52264.0,128.2,157.7,451954.0,4296680.7,4071602.1,8.16,5.3,5.09,6.72,101.55,1.2691,3719.419922,16.95
1996m10,50.5,8.2,99.66064,101.2395,78.5065,11212.472,695132.0,328.0,1004389.0,5.2,120665.0,41.4,12.15,1231.3361,8022.6,5436.7,67423.0,53474.0,128.0,158.2,452496.0,4310163.5,4088186.7,7.86,5.24,4.99,6.37,102.22,1.2584,3893.040039,18.11
1996m11,53.0,11.1,99.92173000000001,101.3501,79.1996,11234.127,703118.0,330.0,1004457.0,5.4,120961.0,41.5,12.2,1242.42191,8044.5,5529.3,68364.0,54123.0,128.2,158.7,457010.0,4352959.4,4108948.3,7.52,5.31,5.03,6.06,101.62,1.2769,3951.1899409999996,17.14
1996m12,55.2,8.1,100.1397,101.3663,79.7143,11190.245,700632.0,322.0,1004646.0,5.4,121143.0,41.7,12.24,1253.4370900000001,8072.0,5496.2,69681.0,53087.0,129.1,159.1,464955.0,4374201.6,4140228.1,7.64,5.29,4.91,6.43,102.36,1.2503,4209.830078,20.92
1997m1,53.8,12.8,100.1526,101.4203,79.8273,11256.728000000001,703995.0,308.0,1007785.0,5.3,121363.0,41.4,12.29,1258.36528,8095.1,5471.7,69846.0,52904.0,129.7,159.4,462505.0,4408896.8,4171729.6,7.88,5.25,5.03,6.53,103.5,1.2162,4118.790039,19.47
1997m2,53.1,16.9,100.1092,101.5458,80.793,11336.058,717856.0,301.0,1010716.0,5.2,121675.0,41.6,12.31,1261.85081,8117.7,5491.6,70131.0,55077.0,128.5,159.7,459914.0,4465006.8,4237433.1,7.65,5.19,5.01,6.56,105.68,1.1658,4361.450195,21.1
1997m3,53.8,13.4,100.1434,101.6871,81.334,11261.167,718114.0,288.0,1010352.0,5.2,121990.0,41.8,12.36,1264.14634,8156.2,5464.2,70023.0,56931.0,127.3,159.8,462300.0,4504621.3,4274401.8,7.97,5.39,5.14,6.92,106.83,1.1498,4412.839844,22.14
1997m4,53.7,6.6,100.2604,101.8625,81.3531,11512.003999999999,718072.0,290.0,1014611.0,5.1,122286.0,41.8,12.39,1274.0873800000002,8162.4,5458.3,71262.0,57365.0,127.0,159.9,465478.0,4549547.4,4319445.8,8.08,5.51,5.16,6.72,107.2,1.145,4227.379883,20.06
1997m5,56.1,1.1,100.4598,102.0606,81.8293,11402.013,714459.0,287.0,1018535.0,4.9,122546.0,41.7,12.43,1278.67842,8198.2,5468.6,72137.0,57500.0,127.4,159.9,467038.0,4577190.9,4344936.9,7.94,5.5,5.05,6.67,105.31,1.1493,4395.609863000001,19.19
1997m6,54.9,18.2,100.5956,102.2411,82.2285,11502.562,722329.0,288.0,1024680.0,5.0,122814.0,41.6,12.46,1282.85852,8224.5,5520.4,71658.0,58289.0,127.2,160.2,469816.0,4584374.3,4355889.5,7.58,5.56,4.93,6.51,104.84,1.1366,4668.72998,21.53
1997m7,57.7,20.0,100.714,102.3626,82.8557,11595.481000000002,727789.0,289.0,1026787.0,4.9,123111.0,41.6,12.5,1288.78203,8255.6,5604.5,73330.0,59590.0,126.9,160.4,473111.0,4620480.0,4401393.7,7.43,5.52,5.05,6.02,105.55,1.1049,4927.459961,21.48
1997m8,56.3,17.2,100.6495,102.3654,83.7214,11625.283000000001,727996.0,287.0,1028019.0,4.8,123093.0,41.7,12.57,1294.2192400000001,8298.5,5576.0,73623.0,58251.0,127.2,160.8,474323.0,4658162.2,4440627.4,7.58,5.54,5.14,6.34,107.3,1.0727,5191.490234000001,24.76
1997m9,53.9,19.1,100.5325,102.37700000000001,84.4651,11626.298,731885.0,284.0,1034401.0,4.9,123585.0,41.7,12.6,1301.6349699999998,8320.2,5623.9,74408.0,58605.0,127.5,161.2,475441.0,4680290.5,4451036.4,7.28,5.54,4.95,6.12,106.98,1.0999,5106.049805,22.91
1997m10,56.4,19.3,100.5404,102.3697,85.1918,11701.195,730220.0,284.0,1038283.0,4.7,123929.0,41.8,12.66,1309.38939,8361.4,5678.3,74641.0,58765.0,127.8,161.5,477667.0,4711549.3,4479950.6,7.21,5.5,4.97,5.84,107.0,1.1203,5298.279785,35.09
1997m11,55.7,19.8,100.4783,102.3501,85.9397,11676.997,737474.0,281.0,1040118.0,4.6,124235.0,41.8,12.71,1312.45718,8415.4,5713.0,73588.0,57657.0,127.9,161.7,484618.0,4771163.5,4517245.1,7.17,5.52,5.14,5.86,109.06,1.1394,5208.939941,27.43
1997m12,54.5,15.6,100.3301,102.3164,86.2047,11768.088,733753.0,281.0,1045495.0,4.7,124549.0,42.0,12.75,1324.7573300000001,8463.9,5777.0,75056.0,58247.0,126.8,161.8,493078.0,4783024.5,4546489.6,6.99,5.5,5.16,5.75,112.21,1.1116,5368.600098,24.01
1998m1,53.8,18.6,100.1637,102.4789,86.6474,11705.921999999999,731998.0,282.0,1048304.0,4.6,124812.0,41.9,12.79,1320.0440199999998,8538.3,5808.6,74523.0,58296.0,125.4,162.0,491235.0,4835286.0,4589113.7,7.12,5.56,5.04,5.53,114.1,1.0877,5415.339844,21.47
1998m2,52.9,13.2,100.0112,102.6526,86.7612,11878.732,740145.0,281.0,1054991.0,4.6,125016.0,41.7,12.83,1324.3427199999999,8592.2,5805.5,74184.0,57456.0,125.0,162.0,488420.0,4874081.2,4639364.8,7.09,5.51,5.09,5.62,113.0,1.0884,5505.950195,18.55
1998m3,52.9,10.4,99.87810999999999,102.6606,86.8198,11912.828000000001,741535.0,284.0,1060201.0,4.7,125164.0,41.6,12.87,1332.90344,8641.5,5817.4,76369.0,57814.0,124.7,162.0,491007.0,4932993.5,4697477.7,7.08,5.49,5.03,5.67,112.72,1.0843,5758.77002,24.22
1998m4,52.2,8.7,99.69521,102.6378,87.1411,11887.69,740194.0,287.0,1062401.0,4.3,125442.0,41.2,12.92,1360.45629,8668.8,5771.7,76350.0,56014.0,124.9,162.2,494118.0,4946535.7,4713860.6,7.15,5.45,4.95,5.68,112.79,1.0911,6094.799805,21.18
1998m5,50.9,13.2,99.4511,102.5324,87.6952,11917.306,742797.0,287.0,1061497.0,4.4,125844.0,41.5,12.97,1363.08086,8704.1,5801.3,76492.0,55986.0,125.1,162.6,495231.0,4946956.8,4718893.3,7.07,5.49,5.0,5.56,113.48,1.109,6152.959961,21.32
1998m6,48.9,24.1,99.21868,102.4058,87.145,12020.96,736319.0,286.0,1061985.0,4.5,126076.0,41.4,12.99,1373.94233,8753.5,5866.6,74911.0,56145.0,124.8,162.8,498108.0,4990200.7,4768207.3,6.96,5.56,4.98,5.44,115.73,1.1014,5975.640136999999,19.71
1998m7,49.2,8.3,99.10836,102.2609,86.8423,11996.579,733450.0,285.0,1064039.0,4.5,126205.0,41.4,13.01,1380.72085,8769.0,5833.1,74594.0,55477.0,124.9,163.2,502446.0,5003867.1,4793707.1,6.97,5.54,4.96,5.5,116.06,1.0975,6191.97998,24.8
1998m8,49.3,10.4,99.05301999999999,102.0562,88.6247,12057.409,738109.0,286.0,1066363.0,4.5,126544.0,41.4,13.07,1386.66645,8797.3,5967.1,75707.0,55081.0,124.2,163.4,504866.0,5060754.5,4856483.3,6.92,5.55,4.9,5.05,118.57,1.1016,5930.700195,44.28
1998m9,48.7,-14.2,98.98544,101.8002,88.4515,12220.443000000001,743466.0,289.0,1070815.0,4.6,126752.0,41.3,13.11,1397.28973,8823.3,6017.5,76107.0,56324.0,123.8,163.5,508591.0,5124085.8,4905372.3,6.64,5.51,4.61,4.44,116.36,1.1541,5243.830078,40.95
1998m10,48.7,3.5,98.91599000000001,101.6554,89.1677,12262.681,750044.0,293.0,1073223.0,4.5,126954.0,41.4,13.15,1405.3966599999999,8836.1,6020.2,77880.0,58131.0,124.0,163.9,512552.0,5204436.1,4985939.5,6.83,5.07,3.96,4.64,112.44,1.1938,5183.450195,28.05
1998m11,48.2,-4.7,98.86606,101.7549,89.1098,12312.851999999999,752546.0,292.0,1077587.0,4.4,127231.0,41.4,13.17,1408.44269,8872.6,6028.0,77912.0,58424.0,123.6,164.1,518349.0,5244568.1,5003153.3,6.78,4.83,4.41,4.74,112.32,1.1644,5828.660156,26.01
1998m12,46.8,4.6,98.93739000000001,101.9069,89.4407,12285.031,755797.0,294.0,1077183.0,4.4,127596.0,41.5,13.21,1420.9964400000001,8889.9,6035.8,76867.0,56989.0,122.8,164.4,526435.0,5250370.8,5022933.3,6.83,4.68,4.39,4.65,111.0,1.1721,6062.240234000001,24.42
1999m1,50.6,13.8,99.25021,102.1618,89.8594,12317.286,757956.0,284.0,1077080.0,4.3,127702.0,41.3,13.27,1431.23693,8923.4,6042.3,77781.0,56272.0,122.9,164.7,527870.0,5260614.0,5019212.6,6.74,4.63,4.34,4.66,110.58,1.1608,6282.060059,26.25
1999m2,51.7,15.1,99.55866,102.3834,90.3386,12414.345,765555.0,285.0,1082721.0,4.4,128120.0,41.4,13.3,1441.31459,8953.2,5925.4,79842.0,55522.0,122.3,164.7,526387.0,5253793.2,5021349.7,6.89,4.76,4.44,5.29,111.44,1.1208,6317.379883,27.88
1999m3,52.4,4.3,99.78815,102.4209,90.4819,12477.867,765106.0,289.0,1090051.0,4.2,128227.0,41.3,13.33,1450.87882,8962.3,5947.5,79569.0,55749.0,122.6,164.8,531013.0,5235986.9,4997937.6,6.98,4.81,4.44,5.25,112.96,1.0883,6190.180176,23.26
1999m4,52.3,20.6,99.97308000000001,102.4158,90.7274,12472.506000000001,769819.0,290.0,1092918.0,4.3,128597.0,41.3,13.38,1457.67057,8944.9,5876.5,80801.0,56546.0,123.6,165.9,535171.0,5242049.4,5003360.2,6.93,4.74,4.29,5.36,112.55,1.0704,6397.0,25.07
1999m5,54.3,13.1,100.1838,102.4622,91.352,12509.0,780742.0,295.0,1095905.0,4.2,128808.0,41.4,13.42,1468.14661,8962.0,5837.9,83200.0,56502.0,124.7,166.0,540620.0,5271334.2,5041194.3,7.23,4.74,4.5,5.64,112.22,1.0628,6811.390137,25.39
1999m6,55.8,5.8,100.3197,102.47399999999999,91.1994,12514.294,782058.0,295.0,1098782.0,4.3,129089.0,41.3,13.47,1479.31532,8992.4,5848.4,85868.0,56420.0,125.2,166.0,544016.0,5319770.5,5098585.5,7.63,4.76,4.57,5.81,112.91,1.0378,6569.25,21.09
1999m7,53.6,9.8,100.3453,102.4149,91.7766,12624.495,785830.0,297.0,1104062.0,4.3,129414.0,41.4,13.51,1492.3776,9002.6,5820.7,87186.0,57269.0,125.7,166.7,548817.0,5312463.9,5108739.0,7.7,4.99,4.55,5.92,113.26,1.0353,6886.990234000001,24.64
1999m8,54.8,13.7,100.4907,102.3494,92.1629,12659.543,795418.0,298.0,1105895.0,4.2,129569.0,41.5,13.53,1503.22661,9043.0,5832.3,87837.0,58713.0,126.9,167.1,551361.0,5324012.7,5130071.6,7.8,5.07,4.72,5.98,111.37,1.0604,6612.180176,24.45
1999m9,57.0,13.9,100.7332,102.3384,91.774,12702.753,796663.0,301.0,1112246.0,4.2,129772.0,41.4,13.61,1511.05926,9037.4,5828.5,88512.0,60053.0,128.0,167.8,556828.0,5366442.6,5165686.3,7.76,5.22,4.68,5.9,110.3,1.0501,6527.060059,25.41
1999m10,57.2,16.0,100.9205,102.3165,92.9979,12767.531,805363.0,303.0,1115766.0,4.1,130177.0,41.4,13.64,1517.2818300000001,9094.7,5830.4,89923.0,60037.0,127.7,168.1,564665.0,5397558.9,5201347.7,7.96,5.2,4.86,6.02,109.77,1.0706,6264.720215,22.2
1999m11,58.1,20.9,101.0207,102.44200000000001,93.4371,12859.742,809613.0,305.0,1128337.0,4.1,130466.0,41.4,13.66,1525.33442,9160.3,5814.4,90984.0,60206.0,128.3,168.4,582758.0,5471939.0,5251373.8,7.75,5.42,5.07,6.18,110.13,1.0338,6573.899902,24.18
1999m12,57.8,14.2,100.9798,102.616,94.1593,13004.698,817543.0,308.0,1137260.0,4.0,130772.0,41.4,13.7,1531.1059599999999,9234.7,5852.5,93115.0,62509.0,127.8,168.8,612499.0,5562731.4,5351685.9,8.06,5.3,5.2,6.45,110.13,1.011,6711.890137,24.64
2000m1,56.7,11.3,100.8221,102.8603,94.1758,12857.905,825947.0,311.0,1140023.0,4.0,131005.0,41.5,13.75,1538.52018,9307.1,5777.2,93900.0,62543.0,128.3,169.3,601868.0,5589977.6,5365704.0,8.25,5.45,5.32,6.68,110.16,1.0137,6762.109863,24.95
2000m2,55.8,14.5,100.625,102.9162,94.4557,12920.758999999998,816007.0,299.0,1146435.0,4.1,131124.0,41.5,13.8,1549.1852900000001,9342.6,5835.2,95901.0,62409.0,129.8,170.0,578030.0,5643905.2,5425208.5,8.31,5.73,5.55,6.42,112.1,0.9834,6606.890136999999,23.37
2000m3,54.9,19.4,100.43,102.8306,94.79799999999999,12993.208,831117.0,313.0,1150666.0,4.0,131596.0,41.4,13.85,1561.4506900000001,9366.5,5926.6,99176.0,63135.0,130.8,171.0,577105.0,5701443.6,5474680.3,8.23,5.85,5.69,6.03,112.64,0.9643,6338.740234000001,24.11
2000m4,54.7,10.0,100.2382,102.811,95.4808,13156.937,834242.0,305.0,1157552.0,3.8,131888.0,41.6,13.89,1570.52774,9409.7,5813.7,99242.0,63814.0,130.7,170.9,578588.0,5760799.3,5533470.2,8.13,6.02,5.66,6.23,113.14,0.9470000000000001,6975.069823999999,26.2
2000m5,53.2,13.9,100.0048,102.7842,95.6435,13141.681999999999,829024.0,305.0,1163974.0,4.0,132105.0,41.2,13.94,1583.50792,9446.4,5760.0,99651.0,63632.0,131.6,171.2,580556.0,5837626.7,5619244.5,8.62,6.27,5.79,6.29,116.02,0.9059999999999999,6878.950195,23.65
2000m6,51.4,2.6,99.7852,102.6795,95.7353,13183.062,839338.0,306.0,1174263.0,4.0,132061.0,41.3,13.99,1609.5480400000001,9469.6,5839.8,103019.0,65997.0,133.8,172.2,581960.0,5871470.4,5638946.6,8.22,6.53,5.69,6.03,114.74,0.9492,6888.359863,19.54
2000m7,52.5,4.7,99.63353000000001,102.6441,95.5906,13094.755,833896.0,303.0,1175374.0,4.0,132236.0,41.5,14.02,1629.75144,9516.6,5832.1,103349.0,65711.0,133.7,172.7,584222.0,5905692.2,5679072.3,8.13,6.54,5.96,6.04,114.83,0.9397,6874.930176000001,20.74
2000m8,49.9,17.1,99.41904,102.6071,95.3112,13204.246000000001,829271.0,302.0,1183268.0,4.1,132230.0,41.0,14.06,1651.6154,9568.5,5883.8,103665.0,67763.0,132.9,172.7,583423.0,5934287.0,5714373.4,7.99,6.5,6.09,5.73,115.65,0.9041,6851.350098000001,16.84
2000m9,49.7,5.5,99.22414,102.5544,95.679,13235.171,845436.0,300.0,1183463.0,3.9,132353.0,41.1,14.12,1669.00081,9569.8,5869.1,106396.0,67562.0,134.7,173.6,583752.0,5973141.8,5736771.0,7.88,6.52,6.0,5.8,117.04,0.8721,7164.549805,20.57
2000m10,48.7,1.8,98.97704,102.439,95.397,13262.523000000001,838446.0,301.0,1189920.0,3.9,132351.0,41.1,14.17,1684.59932,9582.9,5867.6,106056.0,66845.0,135.4,173.9,585252.0,5990928.9,5730583.4,7.68,6.51,6.11,5.77,118.99,0.8552,7046.02002,23.63
2000m11,48.5,7.1,98.60194,102.1717,95.4229,13263.197,834423.0,305.0,1197038.0,3.9,132556.0,41.1,14.23,1700.94454,9579.0,5969.5,103993.0,66691.0,135.0,174.2,590277.0,5990957.1,5716598.1,7.73,6.51,6.17,5.48,119.66,0.8564,7026.240234000001,29.65
2000m12,43.9,-7.8,98.0424,101.6107,95.1573,13255.306999999999,841752.0,298.0,1195894.0,3.9,132709.0,40.4,14.28,1716.9697199999998,9595.3,5984.4,103673.0,65816.0,136.2,174.6,598305.0,6067300.2,5808015.7,7.13,6.4,5.77,5.12,118.18,0.8973,6677.209961,26.85
2001m1,42.3,-36.6,97.59172,101.0548,94.5448,13247.683,834365.0,296.0,1197945.0,4.2,132698.0,40.6,14.29,1729.85168,9651.9,6065.5,105470.0,65869.0,140.0,175.6,598666.0,6150116.6,5876533.9,7.15,5.98,5.15,5.19,118.88,0.9383,6785.689941,22.02
2001m2,42.1,-29.4,97.42321,100.6485,93.9398,13227.3,836825.0,296.0,1191600.0,4.2,132789.0,40.5,14.36,1748.70202,9668.6,6112.7,100350.0,66114.0,137.4,176.0,595873.0,6137724.6,5869976.8,7.12,5.49,4.88,4.92,119.97,0.9217,7048.129883,28.35
2001m3,43.1,-20.5,97.48158000000001,100.4732,93.7201,13193.073999999999,823781.0,292.0,1186068.0,4.3,132747.0,40.5,14.42,1760.5418399999999,9697.2,6145.7,101853.0,64350.0,135.9,176.1,599106.0,6187962.0,5918800.7,6.91,5.31,4.42,4.93,121.98,0.9095,6610.169922,28.64
2001m4,42.7,-10.7,97.58431999999999,100.43799999999999,93.4469,13295.643999999998,818875.0,294.0,1184434.0,4.4,132463.0,40.4,14.45,1773.09833,9670.8,5969.7,98164.0,62805.0,136.4,176.4,601727.0,6229731.6,5949048.6,7.12,4.8,3.87,5.35,122.62,0.892,6230.990234000001,25.48
2001m5,41.3,-11.8,97.69891,100.5686,92.876,13351.517,827229.0,295.0,1182109.0,4.3,132410.0,40.4,14.5,1781.17746,9648.1,5964.8,95150.0,63772.0,136.8,177.3,605919.0,6219697.5,5947000.2,7.2,4.21,3.62,5.43,122.2,0.8742,6778.180176000001,22.64
2001m6,43.2,-7.0,97.95201,100.6526,92.3208,13252.886,815240.0,301.0,1173176.0,4.5,132299.0,40.3,14.54,1792.36809,9648.3,6030.7,94978.0,61102.0,135.5,177.7,609096.0,6207647.9,5934019.5,7.11,3.97,3.49,5.42,123.09,0.8532,6796.899901999999,19.06
2001m7,43.5,-12.6,98.24629,100.5612,91.7933,13209.765,812016.0,305.0,1165045.0,4.6,132177.0,40.6,14.55,1797.3505699999998,9790.6,6089.1,93680.0,59298.0,133.4,177.4,615984.0,6223868.6,5954624.6,7.03,3.77,3.51,5.07,123.44,0.8607,6632.580078,21.62
2001m8,46.3,-18.1,98.4549,100.2407,91.6795,13357.953000000001,817526.0,308.0,1163600.0,4.9,132028.0,40.3,14.59,1806.3590399999998,9958.9,6159.6,92569.0,59648.0,133.4,177.4,622427.0,6252346.3,5976247.2,6.92,3.65,3.36,4.85,121.01,0.9005,6525.580078,24.92
2001m9,46.2,-8.2,98.30611,99.77901,91.3289,13166.633,803309.0,310.0,1157242.0,5.0,131771.0,40.2,14.63,1814.2523800000001,9886.1,6251.2,90957.0,56375.0,133.3,178.1,647223.0,6473735.0,6190161.5,6.72,3.07,2.64,4.6,121.43,0.9111,6233.740234000001,31.93
2001m10,40.8,-23.6,97.98021999999999,99.61253,90.9315,13269.683,815803.0,308.0,1139077.0,5.3,131454.0,40.1,14.66,1829.8402600000002,9732.3,6349.5,91322.0,56987.0,130.3,177.6,635154.0,6387049.2,6079866.8,6.64,2.49,2.16,4.3,121.73,0.9059,5731.490234000001,33.56
2001m11,44.1,-17.7,98.12402,99.76955,90.486,13189.631000000001,808360.0,308.0,1126312.0,5.5,131142.0,40.1,14.71,1857.84279,9754.3,6290.3,89979.0,56711.0,129.8,177.5,639465.0,6405313.4,6096428.6,7.02,2.09,1.87,4.78,122.77,0.8883,5878.569824,23.84
2001m12,45.3,-11.0,98.56586999999999,100.1495,90.5073,13383.541000000001,805951.0,308.0,1118552.0,5.7,130982.0,40.2,14.75,1867.85287,9774.4,6292.8,86527.0,56069.0,128.1,177.4,650775.0,6393343.8,6097549.3,7.16,1.82,1.69,5.07,122.51,0.8924,6082.959961,23.8
2002m1,47.5,10.5,99.17865,100.51700000000001,91.0794,13429.781,805181.0,310.0,1117388.0,5.7,130852.0,40.1,14.76,1867.4186899999997,9968.3,6289.0,89443.0,55939.0,128.5,177.7,653760.0,6382770.2,6088178.9,6.96,1.73,1.65,5.07,124.27,0.8833,6244.209961,21.09
2002m2,50.7,11.1,99.8183,100.7371,91.0553,13348.078000000001,808150.0,313.0,1111859.0,5.7,130736.0,40.3,14.78,1881.90537,9976.4,6370.5,91539.0,55717.0,128.4,178.0,654639.0,6378837.7,6087813.1,6.81,1.74,1.72,4.88,125.05,0.87,6087.930176,21.59
2002m3,52.4,12.2,100.24799999999999,100.9361,91.79799999999999,13413.496000000001,808563.0,316.0,1108193.0,5.7,130717.0,40.5,14.82,1894.6903300000001,9975.9,6267.2,91447.0,55925.0,129.8,178.5,658956.0,6348771.4,6062732.2,7.18,1.73,1.79,5.42,124.35,0.8758,6224.02002,17.4
2002m4,52.4,12.6,100.4158,100.9922,92.1771,13461.078000000001,822418.0,324.0,1106806.0,5.9,130623.0,40.6,14.84,1903.9579899999999,10011.3,6318.4,95972.0,57958.0,130.8,179.3,663401.0,6378218.1,6083331.1,6.88,1.75,1.71,5.11,123.92,0.8858,6327.109863000001,21.91
2002m5,53.1,10.1,100.4277,100.9645,92.5668,13459.111,822178.0,327.0,1110725.0,5.8,130634.0,40.6,14.88,1914.6139899999998,10044.8,6350.8,96395.0,58182.0,130.8,179.5,668606.0,6396140.7,6106562.7,6.76,1.75,1.73,5.08,121.5,0.917,6136.459961,19.98
2002m6,53.6,20.4,100.2459,100.698,93.4476,13514.591999999999,825351.0,328.0,1112674.0,5.8,130684.0,40.7,14.94,1927.18098,10067.0,6504.6,97848.0,58772.0,130.9,179.6,673966.0,6431103.4,6129245.8,6.55,1.75,1.7,4.86,119.34,0.9554,5901.830078,25.4
2002m7,50.2,5.9,99.85531,100.3413,93.2237,13585.951000000001,825966.0,333.0,1119258.0,5.8,130590.0,40.4,14.98,1939.2114,10035.0,6601.3,97197.0,59129.0,131.2,180.0,679310.0,6474476.3,6187324.8,6.34,1.73,1.68,4.51,117.02,0.9922,5535.240234000001,32.03
2002m8,50.3,-1.3,99.57979,100.0473,93.2359,13503.693000000001,835091.0,334.0,1120777.0,5.7,130587.0,40.5,15.02,1947.5000899999998,10028.9,6725.1,99721.0,59173.0,131.5,180.5,679765.0,6591043.6,6297168.6,6.22,1.74,1.62,4.14,118.5,0.9778,5067.879883,32.64
2002m9,50.5,4.4,99.44377,99.79008,93.3654,13524.665,831076.0,333.0,1128958.0,5.7,130501.0,40.5,15.06,1950.6513899999998,10032.9,6834.9,99364.0,58639.0,132.3,180.8,680397.0,6661609.9,6352104.0,5.99,1.75,1.63,3.63,119.19,0.9808,5036.589844,39.69
2002m10,49.0,-7.6,99.38048,99.59591999999999,93.0834,13505.703000000001,830434.0,335.0,1130630.0,5.7,130628.0,40.3,15.12,1957.1513,10060.6,6819.7,96860.0,58066.0,133.2,181.2,681855.0,6754349.5,6425972.1,6.31,1.75,1.58,3.93,119.94,0.9811,4873.75,31.14
2002m11,48.5,7.4,99.45749,99.61191,93.5693,13544.344,836972.0,338.0,1132381.0,5.9,130615.0,40.4,15.15,1965.17913,10090.6,6818.4,102120.0,58815.0,133.1,181.5,688494.0,6842325.2,6518735.6,6.13,1.34,1.23,4.22,118.45,1.0014,5079.72998,27.5
2002m12,51.6,7.2,99.64914,99.60921,93.1103,13626.948999999999,830107.0,339.0,1139523.0,6.0,130472.0,40.5,15.2,1972.1122100000002,10124.3,6975.8,103460.0,56789.0,132.9,181.8,699216.0,6934819.4,6606393.7,5.93,1.24,1.19,3.83,117.32,1.0183,5229.660156,28.62
2003m1,51.3,5.5,99.58055999999999,99.41933,93.8198,13609.607,841529.0,341.0,1139589.0,5.8,130580.0,40.3,15.22,1982.56131,10124.6,6941.9,102284.0,58068.0,135.3,182.6,699262.0,6912729.2,6598767.7,5.9,1.24,1.17,4.0,115.69,1.0622,5146.0,31.17
2003m2,48.8,-1.6,99.20858,99.2509,93.9532,13675.558,841323.0,341.0,1148176.0,5.9,130444.0,40.3,15.29,1993.4056899999998,10098.2,7040.2,101719.0,58846.0,137.6,183.6,700958.0,6998808.0,6669656.7,5.79,1.26,1.17,3.71,116.08,1.0773,4868.680176,29.63
2003m3,46.3,-3.9,98.82318000000001,99.33938,93.7358,13617.793,850659.0,338.0,1149009.0,5.9,130232.0,40.4,15.27,2001.20815,10124.0,7011.9,105340.0,59077.0,141.2,183.9,705269.0,7042314.7,6714554.7,5.91,1.25,1.13,3.83,115.73,1.0807,4716.080078,29.15
2003m4,46.1,-6.6,98.77068,99.80125,93.0657,13689.886,835469.0,340.0,1150317.0,6.0,130177.0,40.1,15.28,2014.09978,10176.9,7009.3,103175.0,58573.0,136.8,183.2,709552.0,7069480.5,6720734.1,5.79,1.26,1.13,3.89,114.83,1.0848,4730.209961,21.21
2003m5,49.0,-0.6,99.05596,100.2566,93.0918,13696.181999999999,837930.0,343.0,1145246.0,6.1,130196.0,40.2,15.33,2027.5025100000003,10254.7,7218.7,102613.0,58314.0,136.7,182.9,713711.0,7196968.5,6835457.1,5.31,1.26,1.07,3.37,109.83,1.1582,5131.560059,19.47
2003m6,49.0,3.7,99.41744,100.4228,93.2476,13869.163,848248.0,343.0,1142115.0,6.3,130194.0,40.3,15.36,2033.2684100000001,10285.0,7290.0,103398.0,60582.0,138.0,183.1,714979.0,7280731.5,6911968.4,5.24,1.22,0.92,3.54,109.7,1.1663,5435.379883,19.52
2003m7,51.0,7.7,99.82481,100.4252,93.6582,13907.108999999999,856894.0,342.0,1139701.0,6.2,130191.0,40.1,15.4,2040.0643899999998,10408.7,7163.8,105082.0,60696.0,137.7,183.7,717614.0,7306714.0,6949985.5,5.94,1.01,0.9,4.49,111.2,1.1372,5501.379883,19.49
2003m8,53.2,20.3,100.2294,100.33,93.5246,13984.627,859181.0,346.0,1132993.0,6.1,130149.0,40.2,15.42,2049.12434,10476.8,7198.9,101990.0,59170.0,138.0,184.5,720922.0,7312475.8,6956028.1,6.32,1.03,0.95,4.45,113.0,1.1139,5558.990234000001,18.63
2003m9,52.4,21.0,100.5597,100.2923,94.0751,14064.143999999998,865241.0,350.0,1136935.0,6.1,130254.0,40.5,15.41,2057.0907899999997,10350.6,7302.6,105721.0,61041.0,138.5,185.1,721062.0,7275081.6,6910441.3,5.98,1.01,0.94,3.96,111.63,1.1222,5660.160156,22.72
2003m10,55.2,28.1,101.0326,100.4501,94.2079,14079.732,868785.0,361.0,1143104.0,6.0,130454.0,40.6,15.42,2065.4951,10390.5,7309.9,107040.0,62203.0,139.3,184.9,724756.0,7256775.7,6887433.6,5.94,1.01,0.92,4.33,108.61,1.1692,5644.02002,16.1
2003m11,58.4,26.9,101.5766,100.7612,94.9338,14159.287,874171.0,366.0,1145108.0,5.8,130474.0,40.9,15.47,2066.4000899999996,10456.5,7345.3,107742.0,64665.0,138.9,185.0,730637.0,7278249.4,6909717.8,5.89,1.0,0.93,4.34,107.9,1.1702,5959.009765999999,16.32
2003m12,60.1,26.5,101.9863,101.0839,94.8662,14198.493999999999,876257.0,370.0,1147795.0,5.7,130588.0,40.7,15.47,2077.36069,10470.9,7444.8,111017.0,63536.0,139.5,185.5,739408.0,7315181.0,6929903.4,5.85,0.98,0.9,4.27,105.75,1.2286,6073.0,18.31
2004m1,60.8,36.1,102.1384,101.3813,95.1085,14113.587,878019.0,374.0,1148368.0,5.7,130769.0,40.9,15.51,2088.24304,10460.9,7480.2,110890.0,62693.0,141.4,186.3,736438.0,7402443.8,7023097.8,5.68,1.0,0.88,4.16,104.05,1.2613,6464.0,16.63
2004m2,59.9,28.0,102.1412,101.2603,95.6847,14234.447,887806.0,372.0,1158745.0,5.6,130825.0,41.0,15.53,2095.34036,10479.2,7604.1,113977.0,65852.5,142.1,186.7,735287.0,7520911.4,7130084.6,5.58,1.01,0.93,3.99,104.82,1.2646,6551.629883,14.55
2004m3,60.6,29.6,102.1385,101.0817,95.2088,14315.923,911253.0,381.0,1168100.0,5.8,131142.0,40.9,15.56,2109.72032,10522.1,7656.9,118678.0,67871.0,143.1,187.1,736780.0,7551551.1,7161571.0,5.4,1.0,0.94,3.86,106.5,1.2262,6692.370117,16.74
2004m4,60.6,32.2,102.1497,100.8995,95.6385,14269.483,906616.0,383.0,1176070.0,5.6,131411.0,40.7,15.59,2112.71615,10566.1,7479.0,118542.0,67069.9,144.8,187.4,741207.0,7639511.0,7203549.2,6.01,1.0,0.94,4.53,107.63,1.1985,6599.060059,17.19
2004m5,61.4,29.1,102.0946,100.8161,96.3966,14405.35,916039.0,383.0,1183161.0,5.6,131694.0,41.1,15.63,2120.83915,10623.7,7517.6,120671.0,68677.4,146.8,188.2,745039.0,7665027.0,7235354.1,6.32,1.0,1.02,4.66,109.87,1.2007,6439.419922,15.5
2004m6,60.5,30.6,101.9396,100.9629,95.6019,14314.333999999999,915029.0,383.0,1195398.0,5.6,131793.0,40.8,15.67,2127.98941,10632.7,7599.1,124355.0,66378.4,147.2,188.9,750697.0,7742278.0,7332703.1,6.25,1.03,1.27,4.62,108.69,1.2138,6484.72998,14.34
2004m7,59.9,34.7,101.7298,101.0815,96.3385,14435.015,918548.0,400.0,1207045.0,5.5,131848.0,40.8,15.69,2137.09298,10654.4,7655.7,122979.0,67645.8,147.4,189.1,757304.0,7846400.4,7432675.4,6.08,1.26,1.33,4.5,107.65,1.2266,6602.919922,15.32
2004m8,58.5,25.1,101.4308,101.0552,96.4095,14472.344,928981.0,405.0,1217193.0,5.4,131937.0,40.8,15.73,2143.43512,10685.4,7769.7,124224.0,68131.7,148.0,189.2,757181.0,7876463.6,7444140.6,5.82,1.43,1.48,4.13,107.8,1.2176,6403.149902,15.29
2004m9,57.4,19.7,101.1388,100.9287,96.4907,14488.218,935978.0,410.0,1217197.0,5.4,132093.0,40.7,15.78,2160.1483,10690.7,7788.2,124400.0,69592.3,147.7,189.8,762233.0,7959265.1,7497431.8,5.72,1.61,1.65,4.14,107.23,1.2218,6454.200195,13.34
2004m10,56.3,26.8,100.9542,100.8337,97.4094,14585.094,949671.0,413.0,1225082.0,5.5,132447.0,40.6,15.81,2176.7193399999996,10697.8,7862.0,128810.0,70167.6,150.0,190.8,763876.0,7972247.2,7492894.2,5.64,1.76,1.76,4.05,105.49,1.249,6570.390136999999,16.27
2004m11,56.2,19.2,100.9159,100.902,97.6137,14593.366000000002,956327.0,418.0,1238758.0,5.4,132503.0,40.5,15.84,2183.74635,10670.2,7870.9,131867.0,69283.5,151.4,191.7,770493.0,8009371.1,7538331.7,5.72,1.93,2.07,4.36,101.96,1.2991,6692.709961,13.24
2004m12,57.2,25.5,100.9174,101.0466,98.3318,14651.791000000001,967456.0,422.0,1241744.0,5.4,132624.0,40.6,15.86,2192.24617,11066.6,7976.2,130310.0,71511.4,150.2,191.7,776279.0,8039682.1,7548372.0,5.81,2.16,2.19,4.24,100.22,1.3408,7005.720215,13.29
2005m1,56.8,13.3,100.76700000000001,101.0309,98.7845,14780.625,973388.0,441.0,1252326.0,5.3,132774.0,40.7,15.9,2196.77763,10669.3,8023.2,132065.0,71669.0,150.9,191.6,775222.0,8096623.0,7607818.0,5.66,2.28,2.33,4.14,101.54,1.3119,7250.060059,12.82
2005m2,55.5,21.3,100.5673,100.8652,99.4639,14752.883999999998,978260.0,446.0,1261207.0,5.4,133032.0,40.6,15.93,2211.5587100000002,10673.7,8043.2,134921.0,72184.8,151.6,192.4,772882.0,8174688.5,7661634.3,5.69,2.5,2.54,4.36,102.24,1.3014,7089.950195,12.08
2005m3,55.2,15.1,100.3506,100.6208,99.3061,14781.934,978707.0,445.0,1269321.0,5.2,133156.0,40.4,15.97,2220.19919,10711.7,8075.7,130902.0,72793.3,153.7,193.1,773481.0,8269199.9,7747320.4,6.04,2.63,2.74,4.5,101.53,1.3201,7321.22998,14.02
2005m4,52.2,25.3,100.1219,100.4202,99.4734,14806.116000000002,993974.0,445.0,1274973.0,5.2,133518.0,40.4,16.0,2232.5353800000003,10745.8,8135.8,137129.0,75490.2,155.0,193.7,775537.0,8301556.8,7766107.3,5.78,2.79,2.78,4.21,103.26,1.2938,7167.549805,15.31
2005m5,50.8,9.3,100.0088,100.4926,99.6033,14781.223999999998,987493.0,450.0,1276171.0,5.1,133690.0,40.4,16.04,2232.67152,10794.9,8194.0,135665.0,75073.9,154.3,193.6,776356.0,8380620.6,7836383.8,5.65,3.0,2.84,4.0,103.77,1.2694,7008.370117,13.29
2005m6,52.4,-1.3,100.1546,100.7589,99.9853,14932.505,999090.0,455.0,1276129.0,5.0,133942.0,40.4,16.08,2247.83343,10818.5,8268.7,137614.0,74950.1,154.3,193.7,780669.0,8427532.9,7878421.7,5.53,3.04,2.97,3.94,105.18,1.2165,7134.319823999999,12.04
2005m7,52.8,8.0,100.3837,100.6594,99.6692,14954.399,1004208.0,464.0,1270367.0,5.0,134296.0,40.5,16.15,2257.23094,10821.3,8214.7,137423.0,74688.4,156.3,194.9,782860.0,8474221.6,7939440.0,5.77,3.26,3.22,4.28,106.26,1.2037,7217.839844,11.57
2005m8,52.4,11.3,100.5481,100.0298,99.9435,14998.415,1014544.0,476.0,1274946.0,4.9,134498.0,40.5,16.17,2267.04488,10835.1,8324.7,139189.0,76214.7,157.6,196.1,782727.0,8571012.6,8031292.2,5.77,3.5,3.44,4.02,105.08,1.2292,7476.660156,12.6
2005m9,56.8,7.1,100.8351,99.26453000000001,98.0779,14963.88,1027244.0,487.0,1282479.0,5.0,134566.0,40.7,16.19,2271.63328,10798.2,8244.1,143958.0,74227.5,162.2,198.8,787943.0,8632428.1,8074209.3,5.91,3.62,3.42,4.34,105.72,1.2256,7496.109863,11.92
2005m10,57.2,4.8,100.9546,99.01616999999999,99.3149,14986.546,1034863.0,490.0,1291038.0,5.0,134655.0,41.0,16.28,2276.84314,10877.4,8268.7,148676.0,76236.2,166.2,199.1,787216.0,8671435.8,8114087.6,6.15,3.78,3.71,4.57,107.47,1.2015,7632.97998,15.32
2005m11,56.7,10.3,100.8582,99.42775,100.3216,15025.697,1035239.0,502.0,1300841.0,5.0,134993.0,40.9,16.3,2283.66127,10967.8,8332.3,146650.0,77744.5,163.7,198.1,793472.0,8692777.5,8138169.2,6.28,4.0,3.88,4.49,107.83,1.1786,7433.049805,12.06
2005m12,55.1,12.9,100.6427,100.0419,100.9437,15188.0,1046828.0,511.0,1314317.0,4.9,135149.0,40.8,16.35,2290.9281300000002,11025.5,8449.7,149264.0,79809.2,163.0,198.1,803124.0,8779401.7,8201260.1,6.22,4.16,3.89,4.39,106.3,1.1856,7645.470215,12.07
2006m1,55.0,5.4,100.4672,100.319,101.0627,15233.999,1058543.0,523.0,1322945.0,4.7,135429.0,41.0,16.42,2367.4710800000003,11136.9,8445.1,152919.0,80555.0,164.3,199.3,804172.0,8845717.5,8263387.5,6.12,4.29,4.24,4.53,105.27,1.2103,7753.970215,12.95
2006m2,55.8,15.3,100.3881,100.2672,101.0669,15221.431,1056372.0,539.0,1327081.0,4.8,135737.0,41.1,16.48,2374.97732,11176.2,8504.4,148596.0,81535.0,161.8,199.4,804855.0,8915884.7,8331365.3,6.26,4.49,4.43,4.55,105.94,1.1938,8106.450195,12.34
2006m3,54.3,14.7,100.35600000000001,100.1273,101.2751,15345.976,1060723.0,552.0,1340143.0,4.7,136047.0,41.1,16.54,2385.80789,11196.7,8515.2,150759.0,83299.0,162.2,199.7,810146.0,8976465.1,8380312.8,6.35,4.59,4.51,4.86,106.52,1.202,8060.450195,11.39
2006m4,55.2,14.2,100.3391,99.8595,101.6813,15259.19,1059698.0,565.0,1348626.0,4.7,136205.0,41.3,16.63,2397.6806,11191.2,8463.4,151278.0,83188.0,164.3,200.7,809191.0,9104902.8,8500275.6,6.58,4.79,4.6,5.07,106.13,1.2271,8233.230469,11.59
2006m5,53.7,13.7,100.199,99.55934,101.579,15334.886999999999,1073652.0,565.0,1363396.0,4.6,136244.0,41.2,16.65,2407.16145,11186.4,8440.3,154996.0,84593.0,165.8,201.3,812561.0,9227757.6,8608915.4,6.62,4.94,4.72,5.12,103.28,1.2770000000000001,8471.429688,16.44
2006m6,52.0,11.7,100.0657,99.53723000000001,101.9693,15314.428999999998,1076046.0,566.0,1375676.0,4.6,136325.0,41.2,16.72,2395.81318,11213.7,8497.3,155279.0,86432.0,166.1,201.8,812366.0,9243661.2,8636806.4,6.78,4.99,4.79,5.15,104.99,1.265,8189.109863,13.08
2006m7,53.0,4.0,100.0074,99.57571999999999,101.9319,15265.421,1071367.0,572.0,1380716.0,4.7,136520.0,41.4,16.77,2403.09925,11204.6,8570.7,156232.0,84328.0,166.8,202.9,811505.0,9291226.6,8693730.5,6.72,5.24,4.95,4.99,104.99,1.2684,8169.069823999999,14.95
2006m8,53.7,12.5,99.91815,99.68030999999999,102.3327,15326.07,1084110.0,566.0,1391474.0,4.7,136694.0,41.2,16.82,2415.73203,11201.3,8700.3,159838.0,86715.0,167.9,203.8,809714.0,9330678.7,8732704.3,6.44,5.25,4.96,4.74,104.18,1.2811,8242.230469,12.31
2006m9,52.2,-0.8,99.73254,100.0159,102.1252,15388.128999999999,1067961.0,559.0,1396584.0,4.5,136843.0,41.1,16.87,2426.81323,11272.5,8721.6,157913.0,87510.0,165.4,202.8,810401.0,9380166.3,8740450.1,6.31,5.25,4.81,4.64,104.08,1.2727,8388.679688,11.98
2006m10,51.4,2.3,99.53733000000001,100.4628,102.0668,15391.263,1063883.0,554.0,1401478.0,4.4,136852.0,41.2,16.93,2429.39986,11330.4,8800.6,153411.0,88264.0,162.2,201.9,809839.0,9586999.9,8910272.6,6.4,5.25,4.92,4.61,104.21,1.2611,8469.669922,11.1
2006m11,50.3,4.5,99.39907,100.7087,101.9688,15499.991000000002,1070361.0,543.0,1407567.0,4.5,137063.0,41.0,16.97,2440.74907,11374.4,8892.6,154406.0,89566.0,164.6,202.0,816786.0,9635069.3,8967385.7,6.14,5.25,4.94,4.46,103.02,1.2881,8774.980469,10.91
2006m12,51.4,-1.8,99.38039,100.8316,103.0292,15480.069,1096569.0,536.0,1408790.0,4.4,137249.0,41.1,17.04,2456.7157,11418.1,8868.2,158312.0,89984.0,165.6,203.1,826731.0,9764764.6,9059430.0,6.18,5.24,4.85,4.71,101.97,1.3213,8969.0,11.56
2007m1,49.5,7.5,99.36495,100.8656,102.4933,15460.765,1081805.0,538.0,1412746.0,4.6,137477.0,41.0,17.09,2457.94558,11428.8,8871.6,156000.0,90847.0,164.0,203.437,822978.0,9833402.8,9110347.3,6.25,5.25,4.98,4.83,104.15,1.2999,9137.959961,10.42
2007m2,51.9,3.5,99.47892,100.6282,103.5264,15564.445,1095439.0,544.0,1419159.0,4.5,137558.0,40.9,17.15,2470.04992,11472.4,9014.5,155097.0,88931.0,166.8,204.226,820044.0,9887518.4,9176215.9,6.22,5.26,5.03,4.56,104.23,1.3074,9254.839844,15.42
2007m3,50.7,2.8,99.61414,100.3389,103.7521,15455.232,1108095.0,545.0,1420908.0,4.4,137793.0,41.3,17.22,2484.43318,11512.0,9064.0,161806.0,92877.0,169.3,205.28799999999998,820914.0,9857577.7,9157957.4,6.16,5.26,4.94,4.65,104.04,1.3242,9124.540039,14.64
2007m4,52.6,2.9,99.80639000000001,100.1537,104.4814,15582.805,1115282.0,548.0,1428267.0,4.5,137842.0,41.3,17.27,2493.72977,11511.1,9066.0,159655.0,92573.0,171.4,205.90400000000002,822978.0,9945369.3,9251294.6,6.16,5.25,4.87,4.63,102.78,1.3516,9261.839844,14.22
2007m5,52.5,3.7,99.92116999999999,100.0895,104.5322,15575.691,1128303.0,545.0,1438393.0,4.4,137993.0,41.2,17.33,2510.01606,11504.1,8966.1,161050.0,94330.0,173.3,206.755,825698.0,9995716.7,9286959.1,6.42,5.25,4.73,4.9,102.47,1.3511,9627.730469,13.05
2007m6,52.6,17.3,99.93134,100.0462,104.5617,15588.038,1125577.0,542.0,1445490.0,4.6,138069.0,41.4,17.42,2519.12104,11486.2,8977.0,163137.0,95344.0,173.8,207.234,827158.0,10062641.2,9378610.9,6.67,5.25,4.61,5.03,102.47,1.3419,9978.740234,16.23
2007m7,52.4,6.8,99.80230999999999,100.0216,104.5227,15531.417,1124305.0,537.0,1446655.0,4.7,138038.0,41.3,17.46,2533.66767,11495.9,9124.9,163679.0,95773.0,175.1,207.60299999999998,828938.0,10160132.5,9472613.2,6.69,5.26,4.82,4.78,100.99,1.3716,9873.019531,23.52
2007m8,50.9,-0.5,99.61608000000001,99.77774000000001,104.7556,15720.267,1131661.0,533.0,1452556.0,4.6,138015.0,41.3,17.5,2552.76707,11504.3,9259.5,163444.0,97552.0,172.4,207.667,829602.0,10311270.0,9619061.4,6.45,5.02,4.2,4.54,100.99,1.3622,9554.5,23.38
2007m9,51.0,7.5,99.45425,99.50626,105.1611,15748.742,1138415.0,527.0,1460799.0,4.7,138095.0,41.3,17.56,2566.9953600000003,11531.8,9279.9,164883.0,98065.0,173.5,208.547,827418.0,10473041.1,9729780.1,6.42,4.94,3.89,4.59,99.35,1.3896,9597.009766,18.0
2007m10,51.1,7.8,99.33804,99.19285,104.7171,15731.567,1151977.0,514.0,1466424.0,4.7,138174.0,41.2,17.58,2582.32603,11513.6,9384.7,166868.0,99509.0,174.7,209.19,829039.0,10602940.7,9846531.2,6.33,4.76,3.9,4.48,96.92,1.4227,10039.299805,18.53
2007m11,50.5,6.6,99.23355,98.8887,105.3338,15758.237,1173883.0,503.0,1476563.0,4.7,138284.0,41.3,17.63,2597.6493,11500.1,9644.8,171602.0,100798.0,179.0,210.834,834315.0,10765625.3,10009806.2,6.1,4.49,3.27,3.97,95.38,1.4684,10311.549805,22.87
2007m12,49.0,-5.4,99.14562,98.70975,105.3457,15796.303,1163811.0,497.0,1487939.0,5.0,138392.0,41.1,17.69,2609.47653,11541.8,9702.1,169741.0,101598.0,178.6,211.445,837192.0,10831795.4,10048716.2,6.17,4.24,3.0,4.04,96.54,1.4569999999999999,9856.80957,22.5
2008m1,50.3,-18.3,99.1328,98.53775,105.0619,15820.622,1181107.0,487.0,1501621.0,5.0,138403.0,41.1,17.73,2619.42765,11553.4,9883.8,175412.0,104441.0,181.0,212.174,830632.0,10948674.6,10117813.2,5.68,3.94,2.75,3.67,96.62,1.4718,9740.30957,26.2
2008m2,47.6,-20.2,99.03725,98.12379,104.7094,15591.665,1176453.0,477.0,1507881.0,4.9,138324.0,41.2,17.8,2634.49642,11551.4,10039.7,179496.0,107512.0,182.7,212.687,829527.0,10989987.8,10181148.5,6.24,2.98,2.12,3.53,95.84,1.4748,9126.169922,26.54
2008m3,48.3,-14.9,99.01225,97.62471,104.4616,15602.152,1175649.0,470.0,1507013.0,5.1,138275.0,41.3,17.88,2645.60364,11546.6,10128.0,175126.0,105976.0,187.9,213.44799999999998,832999.0,11116380.6,10321084.9,5.85,2.61,1.26,3.45,93.65,1.5527,8962.459961,25.61
2008m4,48.8,-21.3,99.08071,97.06214,103.6704,15657.661,1195805.0,458.0,1513936.0,5.0,138035.0,41.1,17.92,2654.24323,11500.4,9932.8,182776.0,110383.0,190.9,213.942,830234.0,11058094.8,10270549.4,6.03,2.28,1.29,3.77,93.58,1.5751,8797.160156,20.79
2008m5,48.8,-16.1,99.22733000000001,96.65824,103.0863,15693.823,1206745.0,451.0,1517253.0,5.4,137858.0,41.0,17.98,2660.19315,12051.5,9824.8,183767.0,110828.0,196.6,215.208,834675.0,11015784.3,10217078.0,6.08,1.98,1.73,4.06,94.31,1.5557,9299.599609,17.83
2008m6,49.8,-16.8,99.3301,96.53121999999999,102.8445,15905.122,1222562.0,435.0,1526009.0,5.6,137687.0,41.0,18.03,2662.4095199999997,11732.6,9969.0,186963.0,115784.0,200.5,217.463,840175.0,10992636.0,10232888.0,6.45,2.0,1.86,3.99,95.19,1.5553,9401.099609,23.95
2008m7,50.0,-16.2,99.23746,96.74750999999999,102.3002,15773.306,1217385.0,419.0,1536649.0,5.8,137491.0,40.9,18.1,2665.32126,11548.0,10045.5,194334.0,118309.0,205.5,219.016,847018.0,11000728.2,10234892.7,6.52,2.01,1.63,3.99,94.69,1.577,8660.290039,22.94
2008m8,49.2,-17.6,98.79971,97.02154,100.7353,15699.431999999999,1194331.0,409.0,1537602.0,6.1,137213.0,40.9,18.18,2662.23778,11482.1,10134.7,186261.0,116219.0,199.0,218.69,847628.0,10987450.5,10240900.2,6.4,2.0,1.72,3.83,97.29,1.4975,8438.709961,20.65
2008m9,44.8,2.1,97.91701,97.10252,96.3666,15528.401000000002,1165038.0,395.0,1528271.0,6.1,136753.0,40.5,18.2,2657.38913,11514.0,10475.3,175833.0,107172.0,196.9,218.877,909687.0,11284242.5,10507605.6,6.09,1.81,1.13,3.85,99.75,1.4369,8382.769531,39.39
2008m10,38.9,-37.8,96.95461999999999,96.72668,97.2832,15404.496000000001,1113845.0,381.0,1514987.0,6.5,136272.0,40.5,18.25,2660.7295,11576.5,10904.6,174067.0,105006.0,186.4,216.995,1136412.0,11946897.4,11144853.6,6.46,0.97,0.67,4.01,107.15,1.3322,7532.799805,59.89
2008m11,36.5,-40.9,96.19379,96.45340999999999,96.0605,15427.989,1036352.0,371.0,1496483.0,6.8,135545.0,40.1,18.31,2651.48139,11664.0,11285.2,150372.0,97819.0,176.8,213.153,1442251.0,12133269.6,11351637.9,5.97,0.39,0.19,2.93,108.78,1.2732,6061.089844,55.28
2008m12,33.1,-37.6,95.76488,96.44547,93.2521,15151.595,997274.0,353.0,1466005.0,7.3,134839.0,39.8,18.38,2643.7889600000003,11605.4,11565.9,139234.0,87992.0,170.9,211.398,1666365.0,12351328.8,11523458.7,5.1,0.16,0.03,2.25,106.26,1.3449,5599.290039,40.0
2009m1,34.9,-31.1,95.80416,96.45314,91.0373,15195.583999999999,979519.0,341.0,1448031.0,7.8,134055.0,39.7,18.4,2647.0288600000003,11646.5,11307.6,129116.0,82415.0,171.2,211.933,1712014.0,12249414.5,11398900.1,5.1,0.15,0.13,2.87,107.98,1.3239,5755.759765999999,44.84
2009m2,35.5,-39.3,96.03244000000001,96.42541999999999,90.4502,15149.778,983524.0,326.0,1426186.0,8.3,133312.0,39.6,18.44,2638.5327399999996,11526.3,11484.8,121807.0,84903.0,169.3,212.705,1561699.0,12021992.3,11159882.7,5.07,0.22,0.3,3.02,111.57,1.2785,5195.790039,46.35
2009m3,36.0,-34.7,96.43181,96.64044,89.016,15122.794,956032.0,311.0,1405422.0,8.7,132512.0,39.3,18.5,2622.82785,11522.9,11877.4,121885.0,83500.0,168.1,212.495,1647305.0,12053582.5,11188463.6,4.85,0.18,0.21,2.71,112.21,1.305,4617.029785,44.14
2009m4,39.5,-25.2,97.03969000000001,97.11763,88.3056,15122.716,954080.0,300.0,1387422.0,9.0,131817.0,39.5,18.52,2615.97301,11626.3,11817.0,120572.0,81088.0,169.1,212.709,1753246.0,12041720.6,11184936.4,4.78,0.15,0.16,3.16,108.77,1.319,4978.959961,36.5
2009m5,41.7,-22.4,97.70611,97.52823000000001,87.4155,15139.141000000001,961418.0,291.0,1371061.0,9.4,131475.0,39.3,18.53,2610.01078,11818.8,11822.8,118736.0,83369.0,170.8,213.02200000000002,1775104.0,12078983.6,11215158.8,4.91,0.18,0.18,3.47,104.79,1.365,5513.359863000001,28.92
2009m6,45.8,0.2,98.38078,97.69821999999999,87.0742,15140.747,977602.0,280.0,1353743.0,9.5,131008.0,39.6,18.56,2591.47541,11623.6,12003.0,122156.0,85737.0,174.1,214.79,1683704.0,11947337.2,11112847.5,5.42,0.21,0.18,3.53,104.02,1.4016,6004.069824,26.35
2009m7,49.9,-6.6,99.07314000000001,97.65007,88.0323,15124.96,983683.0,270.0,1338867.0,9.5,130668.0,39.9,18.59,2590.85498,11569.8,12128.6,129912.0,87833.0,172.5,214.726,1673598.0,11772077.9,10910610.8,5.25,0.16,0.18,3.52,103.63,1.4088,5905.160156,25.92
2009m8,53.5,8.8,99.64751,97.69659,89.01899999999999,15220.624,997710.0,261.0,1320339.0,9.6,130485.0,40.0,18.67,2582.12601,11540.3,12306.6,128770.0,87767.0,175.0,215.445,1710773.0,11708062.2,10856078.6,5.14,0.16,0.17,3.4,101.77,1.4268,6424.279785,26.01
2009m9,54.4,15.1,99.98100000000001,97.88596,89.6926,15222.42,999013.0,252.0,1315329.0,9.8,130244.0,40.0,18.7,2576.5943899999997,11561.9,12455.3,136267.0,91673.0,174.1,215.861,1801165.0,11695427.9,10814788.2,5.04,0.15,0.12,3.31,100.86,1.4562,6643.240234000001,25.61
2009m10,56.0,12.7,100.2169,97.91753,89.9797,15429.155,1010232.0,243.0,1323157.0,10.0,130045.0,40.2,18.74,2563.4227300000002,11512.2,12433.4,139309.0,94829.0,175.2,216.50900000000001,1936314.0,11753140.9,10814192.0,5.03,0.12,0.07,3.41,99.13,1.4816,6910.870117,30.69
2009m11,54.4,15.4,100.3417,97.93247,90.3375,15364.169,1028836.0,237.0,1332443.0,9.9,130057.0,40.5,18.8,2551.56929,11543.9,12748.4,143475.0,94635.0,177.4,217.234,2024608.0,11772252.9,10831293.9,4.78,0.12,0.05,3.21,98.36,1.4914,6739.470215,24.51
2009m12,55.3,16.5,100.5758,98.11788,90.6132,15275.163,1037969.0,234.0,1331784.0,9.9,129788.0,40.6,18.83,2555.01664,11607.1,12697.4,147620.0,98293.0,178.1,217.347,2026220.0,11742337.6,10752596.0,5.14,0.12,0.05,3.85,98.55,1.4614,7092.359863,21.68
2010m1,57.2,12.9,100.9128,98.28975,91.6642,15363.572,1047276.0,233.0,1332686.0,9.8,129790.0,40.8,18.88,2543.5080199999998,11608.3,12786.8,146808.0,98302.0,181.9,217.488,1994962.0,11686676.5,10312254.1,4.98,0.11,0.06,3.63,99.26,1.4272,7184.97998,24.62
2010m2,55.8,13.9,101.1544,98.34834000000001,91.994,15394.111,1049679.0,231.0,1340213.0,9.8,129698.0,40.5,18.91,2530.02428,11606.0,12922.5,150520.0,99555.0,181.0,217.28099999999998,2115182.0,11702962.8,10333241.0,5.05,0.13,0.11,3.61,100.81,1.3686,6883.790039,19.5
2010m3,58.8,14.2,101.35600000000001,98.34505,92.5993,15487.844,1070464.0,227.0,1348255.0,9.9,129879.0,41.0,18.91,2536.55195,11643.9,13158.1,153982.0,103530.0,183.3,217.35299999999998,2079591.0,11655883.4,10332725.9,4.99,0.16,0.15,3.84,99.92,1.3569,7035.049805,17.59
2010m4,58.1,16.0,101.2944,98.32333,92.9436,15553.987,1083067.0,217.0,1353065.0,9.9,130110.0,41.1,18.96,2532.7647899999997,11741.0,13417.3,153706.0,102397.0,184.4,217.403,2014449.0,11843446.8,10524994.5,5.06,0.2,0.16,3.69,99.43,1.3406,7447.939941,22.05
2010m5,58.3,22.2,101.0043,98.32198000000001,94.2997,15521.893999999998,1075608.0,216.0,1356333.0,9.6,130650.0,41.4,19.01,2521.68794,11835.3,13582.8,158128.0,105517.0,184.8,217.29,2012331.0,11795792.8,10469408.5,4.78,0.2,0.16,3.31,103.4,1.2565,7474.430176000001,32.07
2010m6,56.4,14.9,100.6615,98.22091999999999,94.4397,15596.317,1075575.0,212.0,1367379.0,9.4,130511.0,41.0,19.02,2518.4164100000003,11856.3,13944.3,162202.0,104494.0,183.5,217.199,2002433.0,11725877.4,10413039.6,4.69,0.18,0.12,2.97,104.25,1.2209,6791.439941,34.54
2010m7,56.4,7.7,100.4697,97.9185,94.8536,15665.64,1084710.0,209.0,1379150.0,9.4,130427.0,41.1,19.04,2521.1048,11875.8,14004.6,159664.0,107246.0,184.1,217.605,1994298.0,11788374.2,10478770.6,4.54,0.18,0.16,2.94,102.19,1.2770000000000001,6469.649902,23.5
2010m8,58.0,3.6,100.4443,97.73406,95.1448,15639.103000000001,1090673.0,206.0,1390407.0,9.5,130422.0,41.2,19.11,2520.42213,11910.3,14394.4,164528.0,107428.0,184.9,217.923,1993664.0,11838181.2,10531562.1,4.36,0.19,0.16,2.47,101.03,1.2894,6999.100098000001,26.05
2010m9,56.3,4.5,100.5593,97.68005,95.3637,15711.458,1098086.0,201.0,1406819.0,9.5,130357.0,41.5,19.11,2522.09423,11898.6,14487.6,163835.0,107734.0,184.9,218.275,1961226.0,11790912.9,10477029.8,4.32,0.19,0.15,2.53,99.92,1.3067,6704.22998,23.7
2010m10,57.7,0.3,100.7949,97.7847,95.1109,15748.125,1116860.0,199.0,1421660.0,9.4,130625.0,41.2,19.2,2530.106,11915.9,14585.5,165302.0,112730.0,186.6,219.035,1961720.0,11886762.0,10540209.5,4.23,0.19,0.13,2.63,96.14,1.3898,7281.089844,21.2
2010m11,57.6,19.1,101.0452,98.05807,95.1383,15703.89,1128835.0,195.0,1432712.0,9.8,130750.0,41.3,19.21,2531.23226,11942.2,14648.2,164893.0,113521.0,187.7,219.59,1973139.0,11827965.0,10471993.8,4.4,0.19,0.14,2.81,96.34,1.3661,7513.370117,23.54
2010m12,57.5,15.4,101.2406,98.32457,96.0599,15800.155,1143532.0,190.0,1449943.0,9.3,130822.0,41.3,19.22,2646.81126,12026.5,14595.8,170290.0,116039.0,189.7,220.472,2017000.0,11816242.1,10461021.0,4.86,0.18,0.14,3.3,97.31,1.3219999999999998,7430.950195,17.75
2011m1,59.0,16.5,101.3879,98.4396,95.9364,15650.889,1169930.0,187.0,1460561.0,9.1,130841.0,41.1,19.32,2657.43318,12075.9,14668.8,178698.0,117337.0,192.7,221.187,2047917.0,11836552.3,10432850.3,4.8,0.17,0.15,3.42,96.33,1.3359999999999999,7964.040039,19.53
2011m2,59.3,28.9,101.4424,98.38748000000001,95.5154,15638.282,1168588.0,183.0,1468983.0,9.0,131053.0,41.4,19.31,2663.84422,12105.7,14699.4,174228.0,115705.0,195.8,221.898,2211605.0,11893144.0,10500257.7,4.95,0.16,0.13,3.42,95.52,1.3649,8139.200195,18.35
2011m3,59.1,36.4,101.3398,98.1287,96.4643,15849.218,1197357.0,179.0,1488737.0,9.0,131288.0,41.4,19.31,2672.09243,12068.8,14741.1,181256.0,122617.0,199.2,223.046,2395330.0,12044183.6,10684033.1,4.86,0.14,0.1,3.47,94.65,1.3999,8438.549805,17.74
2011m4,58.9,13.0,101.0754,98.06665,96.1187,15890.173999999999,1204067.0,173.0,1501303.0,9.1,131602.0,41.4,19.36,2680.02274,12046.5,14892.1,181060.0,124393.0,203.1,224.093,2496574.0,12199061.2,10827839.3,4.78,0.1,0.06,3.32,93.14,1.4442,8404.980469,14.75
2011m5,53.7,6.2,100.6504,98.04996,96.3377,15818.118,1197215.0,168.0,1518916.0,9.0,131703.0,41.5,19.41,2684.01872,12034.1,15052.0,185321.0,123588.0,204.1,224.80599999999998,2567185.0,12230657.8,10846772.4,4.6,0.09,0.04,3.05,93.36,1.4349,8671.410156,15.45
2011m6,56.6,-0.5,100.3812,97.72355999999999,96.6154,15767.261,1205069.0,166.0,1526831.0,9.1,131939.0,41.4,19.41,2693.14827,12090.5,14993.2,185391.0,121316.0,203.9,224.80599999999998,2648548.0,12309562.1,10910515.1,4.51,0.09,0.04,3.18,93.59,1.4388,8477.280273,16.52
2011m7,52.9,7.1,100.0934,97.11068,97.1292,15809.737,1211929.0,166.0,1532335.0,9.0,131999.0,41.4,19.47,2717.57887,12125.8,15198.9,185822.0,125104.0,204.6,225.395,2684801.0,12324855.1,10958933.4,4.55,0.07,0.04,2.82,92.94,1.4264,8319.099609,25.25
2011m8,53.0,-19.5,99.90609,96.58755,97.6731,15885.987,1218547.0,162.0,1541003.0,9.0,132125.0,41.3,19.47,2709.21706,12112.5,15807.0,185727.0,125120.0,203.2,226.106,2657678.0,12417771.2,11033172.4,4.22,0.1,0.02,2.23,93.75,1.4343,8124.029785,31.62
2011m9,52.8,-10.7,99.78078000000001,96.51619000000001,97.6494,15766.659,1219126.0,160.0,1535963.0,9.0,132358.0,41.3,19.48,2720.1995699999998,12090.7,16067.8,185718.0,127409.0,203.7,226.597,2637680.0,12452079.1,11053593.9,4.01,0.08,0.01,1.92,97.04,1.3769999999999998,7528.390137,42.96
2011m10,51.8,6.2,99.68677,96.76229000000001,98.3222,16035.964,1228742.0,158.0,1548208.0,8.8,132562.0,41.5,19.56,2728.07785,12112.3,16216.8,186685.0,127268.0,201.1,226.75,2637757.0,12482071.0,11065109.3,4.1,0.07,0.02,2.17,97.94,1.3706,6791.649901999999,29.96
2011m11,52.1,4.0,99.70385,97.23156,98.2433,15989.746000000001,1230373.0,155.0,1556818.0,8.6,132694.0,41.5,19.56,2746.88423,12110.0,16350.9,187195.0,125713.0,201.4,227.169,2605420.0,12466440.9,11047999.2,3.98,0.08,0.01,2.08,98.49,1.3556,7565.029785,27.8
2011m12,53.1,2.4,99.82558,97.81203000000001,98.7876,15986.89,1238982.0,151.0,1565507.0,8.5,132896.0,41.6,19.56,2756.39285,12219.6,16555.2,190853.0,126937.0,199.8,227.22299999999998,2619586.0,12545745.6,11118212.0,3.95,0.07,0.01,1.89,99.08,1.3179,7484.5,23.4
2012m1,52.8,7.5,99.9645,98.30689,99.3925,16034.738000000001,1252877.0,149.0,1571781.0,8.3,133250.0,41.8,19.59,2769.16868,12310.4,16730.0,191550.695566178,125887.953706342,200.7,227.842,2640764.0,12595158.2,11135464.2,3.98,0.08,0.03,1.83,99.16,1.2905,7477.029785,19.44
2012m2,52.4,10.4,100.0766,98.58278,99.6203,16269.793,1265493.0,147.0,1584583.0,8.3,133512.0,41.7,19.59,2775.77002,12384.9,16748.5,186726.53279955,127269.721853121,201.6,228.329,2694422.0,12693365.6,11208573.5,3.95,0.1,0.09,1.98,97.27,1.3224,7838.47998,18.43
2012m3,53.0,8.8,100.1341,98.71573000000001,99.1551,16083.615,1268288.0,145.0,1592191.0,8.2,133752.0,41.6,19.64,2789.48097,12428.7,16678.3,196615.375406,130489.058578442,204.2,228.80700000000002,2655219.0,12632720.3,11175201.2,3.99,0.13,0.08,2.23,98.06,1.3201,8136.129883,15.5
2012m4,53.7,5.7,100.1031,98.75298000000001,99.9006,16183.059,1270481.0,144.0,1598149.0,8.2,133834.0,41.7,19.68,2802.6783600000003,12476.6,16947.4,192329.297392469,129049.123497659,203.7,229.187,2639850.0,12684618.9,11248662.8,3.88,0.14,0.08,1.95,98.45,1.3162,8206.94043,17.15
2012m5,53.2,-0.8,99.90826,98.69314,100.0924,16221.996000000001,1262188.0,144.0,1605487.0,8.2,133934.0,41.6,19.68,2818.89837,12487.0,17236.6,191026.564856353,129327.66841405301,201.9,228.713,2616477.0,12714352.0,11277371.6,3.75,0.16,0.09,1.59,100.49,1.2789,8115.060059,24.06
2012m6,51.0,-12.6,99.62064000000001,98.47398000000001,100.0728,16191.325,1244374.0,145.0,1610591.0,8.2,134007.0,41.7,19.72,2830.41125,12498.1,17244.6,188829.751256966,129422.465710949,199.8,228.524,2618755.0,12745135.1,11300128.9,3.66,0.16,0.09,1.67,101.95,1.2526,7368.410156,17.08
2012m7,50.6,-12.7,99.45084,98.39676,100.3354,16268.265,1247163.0,142.0,1622441.0,8.2,134159.0,41.7,19.74,2840.23177,12409.6,17448.0,187644.617534558,128698.009426389,200.1,228.59,2647752.0,12802990.7,11347206.9,3.49,0.16,0.1,1.51,101.11,1.2288,7810.830078,18.93
2012m8,51.1,-2.6,99.43279,98.57885,99.85600000000001,16168.517,1260346.0,143.0,1630826.0,8.1,134331.0,41.5,19.74,2857.85415,12362.1,17466.7,187209.20583508,127030.178721824,202.7,229.918,2650750.0,12832507.6,11381102.5,3.59,0.13,0.1,1.57,100.16,1.24,7891.339844,17.47
2012m9,52.2,0.2,99.43682,98.91789,99.9049,16225.226,1275531.0,144.0,1641300.0,7.8,134518.0,41.5,19.78,2868.11915,12422.0,17468.3,188747.89405294397,132192.632294396,204.4,231.015,2594909.0,12842192.6,11369750.1,3.4,0.14,0.11,1.65,98.21,1.2856,8012.870117,15.73
2012m10,51.2,-1.1,99.34432,99.16103000000001,100.1167,16157.528999999999,1272094.0,147.0,1643372.0,7.8,134677.0,41.5,19.79,2885.17413,12515.7,17603.7,185822.273399372,126280.540738899,203.5,231.638,2611775.0,12861336.6,11360486.0,3.41,0.16,0.1,1.72,97.79,1.2974,8276.089844,18.6
2012m11,49.5,-10.6,99.28986,99.06843,100.5991,16231.94,1285082.0,150.0,1650501.0,7.7,134833.0,41.5,19.84,2902.74684,12692.5,17748.4,192148.259164916,128357.07658059901,201.8,231.24900000000002,2646809.0,12983817.6,11470705.4,3.32,0.16,0.09,1.62,98.4,1.2828,8231.669922,15.87
2012m12,50.4,2.4,99.4628,98.71045,100.9542,16328.08,1284412.0,150.0,1654631.0,7.9,135072.0,41.7,19.9,2913.2290199999998,13015.6,17716.5,187616.679934614,131816.410369327,201.5,231.22099999999998,2675945.0,13123282.6,11606748.6,3.35,0.16,0.07,1.78,97.2,1.3119,8260.429688,18.02
2013m1,52.3,-1.4,99.78143,98.57281,100.8204,16453.889,1292333.0,149.0,1668822.0,8.0,135263.0,41.7,19.94,2930.12671,12266.2,17572.2,189809.28674349398,129892.342521637,202.5,231.679,2741743.0,13204715.8,11697227.2,3.53,0.14,0.07,2.02,97.94,1.3288,8571.530273,14.28
2013m2,53.1,-5.3,99.94373,98.68321,101.3995,16315.081,1310292.0,152.0,1669860.0,7.7,135541.0,41.8,19.99,2949.01125,12204.5,17883.3,192655.256873103,131929.379665234,204.3,232.937,2845251.0,13252968.1,11729064.5,3.51,0.15,0.1,1.89,99.32,1.3359,8931.459961,15.51
2013m3,51.5,2.0,99.80237,98.86205,101.8114,16380.255,1291463.0,155.0,1668361.0,7.5,135680.0,41.9,20.01,2959.65372,12223.3,17959.3,183966.667725685,129195.532662402,204.0,232.282,2935036.0,13322492.5,11822912.4,3.57,0.14,0.09,1.87,100.48,1.2964,8827.830078,12.7
2013m4,50.0,0.4,99.58272,99.08945,101.6364,16384.686,1283874.0,161.0,1671399.0,7.6,135871.0,41.8,20.04,2971.8702399999997,12271.2,18115.3,188166.353303971,130640.648760483,203.5,231.797,3011737.0,13383962.4,11877773.5,3.4,0.15,0.06,1.7,100.01,1.3026,9098.05957,13.52
2013m5,50.0,0.2,99.55441,99.45219,101.7476,16362.47,1298134.0,163.0,1669175.0,7.5,136093.0,41.8,20.05,2986.72102,12341.6,17688.8,190945.640220082,129517.167133742,204.1,231.893,3116932.0,13470266.8,11969030.7,3.81,0.11,0.04,2.16,100.97,1.2982,9248.450195,16.3
2013m6,52.5,12.7,99.78107,99.63972,101.9549,16462.686999999998,1295599.0,161.0,1669734.0,7.5,136274.0,41.8,20.12,3000.22192,12354.3,17430.8,186853.70083380802,132138.68524885,204.3,232.445,3201472.0,13536140.2,12040880.8,4.46,0.09,0.05,2.52,101.58,1.3189,9317.389648,16.86
2013m7,54.9,15.9,100.104,99.59931,101.5204,16490.518,1296833.0,171.0,1674898.0,7.3,136386.0,41.7,20.14,3014.79876,12341.1,17387.7,187817.081221545,130855.326258187,204.4,232.9,3290898.0,13577446.6,12093564.8,4.31,0.09,0.04,2.6,102.31,1.308,9154.259766,13.45
2013m8,56.3,8.2,100.3851,99.29816,102.1907,16556.146,1305020.0,175.0,1683094.0,7.2,136628.0,41.9,20.17,3030.18051,12368.3,17241.5,188180.37909178302,131165.113932276,204.2,233.456,3398930.0,13651808.1,12171280.7,4.51,0.08,0.04,2.78,101.6,1.331,9617.290039,17.01
2013m9,56.0,20.6,100.52,98.88953000000001,102.71700000000001,16548.721,1305496.0,183.0,1690590.0,7.2,136815.0,41.9,20.23,3047.5426399999997,12418.3,17347.8,191294.85864318602,130593.727737873,203.9,233.544,3486920.0,13782811.3,12282362.1,4.32,0.08,0.02,2.64,101.16,1.3348,9357.80957,16.6
2013m10,56.6,13.5,100.5594,98.63691,102.5371,16624.848,1312165.0,183.0,1701718.0,7.2,137040.0,41.9,20.25,3064.6055699999997,12385.5,17805.6,191086.941606565,134237.583858163,202.5,233.669,3589515.0,13887404.9,12359710.5,4.1,0.09,0.05,2.57,99.73,1.3635,9624.179688,13.75
2013m11,57.0,4.6,100.5293,98.74466,102.8379,16699.923,1323763.0,184.0,1711601.0,6.9,137304.0,42.0,20.31,3076.46802,12424.9,17775.2,189221.42185106603,134981.157811815,201.2,234.1,3684563.0,13957132.8,12443957.6,4.29,0.08,0.07,2.75,100.32,1.3493,10010.269531,13.7
2013m12,56.5,3.8,100.3919,99.07035,103.1504,16666.523,1321615.0,186.0,1718588.0,6.7,137373.0,41.9,20.34,3090.9247800000003,12463.9,17725.1,187989.145507712,133370.21435933802,202.0,234.71900000000002,3717450.0,14064393.4,12506922.8,4.48,0.09,0.07,3.04,100.29,1.3704,10173.769531,13.72
2014m1,51.3,15.2,100.2097,99.25574,102.7216,16571.178,1310145.0,189.0,1726289.0,6.6,137548.0,41.6,20.39,3109.81087,12523.4,17895.2,191306.59605,132540.6965,203.8,235.28799999999998,3728483.0,14125800.5,12578267.0,4.32,0.07,0.04,2.67,101.95,1.361,10352.709961,18.41
2014m2,54.3,2.3,100.2607,99.33091,103.5917,16645.429,1325767.0,187.0,1735036.0,6.7,137714.0,41.6,20.5,3126.1764,12600.7,18073.6,192299.48865,131805.93043,205.7,235.547,3833354.0,14226765.5,12659776.3,4.37,0.07,0.05,2.66,101.98,1.3658,9967.69043,14.0
2014m3,54.4,12.5,100.3701,99.3655,104.5889,16633.379,1336649.0,190.0,1741195.0,6.7,137968.0,42.0,20.5,3144.6051,12669.6,18133.5,198508.05776,136051.20104,207.0,236.028,3885877.0,14349730.0,12804848.6,4.4,0.08,0.05,2.73,101.69,1.3823,10349.299805,13.88
2014m4,55.3,17.0,100.4638,99.44382,104.6371,16774.071,1345623.0,190.0,1749016.0,6.2,138293.0,41.9,20.51,3168.76937,12717.4,18106.9,200137.50219,134842.8938,208.3,236.468,3930681.0,14420040.6,12877199.5,4.33,0.09,0.03,2.67,101.07,1.3812,10538.44043,13.41
2014m5,55.6,18.5,100.5256,99.42921,105.0152,16838.238999999998,1347297.0,194.0,1756467.0,6.3,138511.0,42.1,20.54,3186.75967,12765.7,18238.6,197948.02898,136637.98455,208.0,236.918,3911525.0,14523527.5,12960097.1,4.12,0.09,0.03,2.48,100.9,1.3732,10626.509766,11.4
2014m6,55.7,14.1,100.5712,99.40089,105.4081,16912.49,1348721.0,199.0,1758713.0,6.1,138837.0,42.1,20.57,3204.67424,12824.7,18306.8,195901.55087,135825.05296,208.3,237.231,3948691.0,14672689.0,13101356.8,4.14,0.1,0.04,2.53,101.29,1.3592,10760.540039,11.57
2014m7,56.4,21.4,100.6755,99.39211,105.6157,17004.907,1356155.0,207.0,1766142.0,6.2,139069.0,41.9,20.61,3226.76962,12864.5,18319.5,196925.2261,136418.9012,208.0,237.498,3989084.0,14780127.6,13198832.3,4.12,0.09,0.03,2.58,101.25,1.3539,11002.370117,16.95
2014m8,58.1,22.9,100.8151,99.4939,105.4986,17100.902,1356039.0,207.0,1769744.0,6.1,139257.0,42.0,20.67,3242.93009,12925.3,18517.3,196015.00945,137849.93982,207.0,237.46,4075039.0,14817651.7,13237814.0,4.1,0.09,0.03,2.35,102.34,1.3316,10699.80957,11.98
2014m9,56.1,21.7,100.8314,99.71311,105.8138,17035.888,1350831.0,210.0,1771127.0,5.9,139566.0,42.2,20.67,3259.8839,12965.2,18451.0,197636.47177,135019.22273,206.4,237.477,4049189.0,14943098.7,13342088.1,4.2,0.09,0.02,2.52,104.17,1.2901,11050.570313,16.31
2014m10,57.9,18.1,100.8505,100.0213,105.8357,17137.817,1343341.0,209.0,1776455.0,5.7,139818.0,42.1,20.7,3270.2112399999996,13020.2,18672.6,197725.52563,136713.23932999998,203.4,237.43,4001451.0,14992735.7,13364185.7,3.98,0.09,0.02,2.35,105.59,1.2673,10688.650391,14.03
2014m11,57.6,35.5,100.7516,100.3994,106.6634,17154.054,1336437.0,211.0,1780460.0,5.8,140109.0,42.2,20.76,3284.4310600000003,13083.2,18862.4,194642.79005,134577.96378,200.9,236.983,3830424.0,15031121.0,13431030.7,3.97,0.09,0.02,2.18,107.34,1.2472,10834.400391,13.33
2014m12,55.1,21.6,100.4843,100.8187,106.5085,17137.616,1321042.0,210.0,1779034.0,5.6,140377.0,42.1,20.7,3311.8930800000003,13164.0,18968.6,197309.82486,133590.76678,197.0,236.252,3934455.0,15065065.6,13414333.2,3.87,0.12,0.03,2.17,109.58,1.2331,10933.110352,19.2
2015m1,53.5,13.2,100.2117,101.1011,105.9806,17296.896,1291008.0,207.0,1778265.0,5.7,140568.0,42.0,20.8,3304.77079,13262.0,19356.0,190086.843,129459.079,192.0,234.747,4017103.0,15211206.5,13570488.2,3.66,0.11,0.03,1.68,112.7,1.1621,10859.799805,20.97
2015m2,52.9,10.5,99.99625999999999,101.1036,105.4425,17379.863999999998,1286431.0,203.0,1783752.0,5.5,140839.0,42.0,20.8,3322.94148,13313.1,19127.9,183460.37600000002,127212.329,191.1,235.342,3840464.0,15230373.7,13571883.9,3.8,0.11,0.02,2.0,114.79,1.135,10567.959961,13.34
2015m3,51.5,7.3,99.84853000000001,101.0004,105.1464,17240.635,1295386.0,204.0,1786024.0,5.4,140910.0,41.9,20.88,3345.93001,13275.3,19170.0,198017.732,127034.62800000001,191.5,235.976,4030632.0,15361478.2,13710251.6,3.69,0.11,0.03,1.94,117.54,1.0838,11053.660156,15.29
2015m4,51.5,9.9,99.80843,100.9419,104.5272,17439.593999999997,1301113.0,206.0,1793350.0,5.4,141194.0,41.8,20.91,3367.4805200000005,13301.7,19064.8,189710.415,128489.102,190.9,236.222,4059374.0,15388154.7,13734981.3,3.68,0.12,0.02,2.05,116.97,1.0779,10906.129883,14.55
2015m5,52.8,6.1,99.86916,100.85600000000001,104.0742,17389.615,1302527.0,211.0,1795392.0,5.6,141525.0,41.8,20.99,3384.2714,13324.8,18957.8,187300.883,126974.524,193.4,237.00099999999998,3949372.0,15356929.2,13686458.9,3.87,0.12,0.02,2.12,115.83,1.115,11074.950195,13.84
2015m6,53.5,8.2,99.86075,100.87100000000001,103.7174,17439.523999999998,1307971.0,216.0,1805306.0,5.3,141699.0,41.8,21.01,3411.89681,13337.8,18779.0,190415.105,126295.55699999999,194.8,237.657,3919649.0,15330875.1,13675391.0,4.02,0.13,0.02,2.35,117.07,1.1213,11081.669922,18.23
2015m7,52.7,4.4,99.72489,100.7484,104.3243,17454.697,1307835.0,218.0,1808054.0,5.2,142001.0,41.8,21.03,3430.13065,13378.0,18895.3,187564.74399999998,126162.466,193.9,238.03400000000002,3961217.0,15372263.7,13697407.9,3.98,0.13,0.03,2.2,119.92,1.0996,10844.459961,12.12
2015m8,51.1,5.8,99.52341,100.5459,104.1621,17461.735,1298257.0,217.0,1807800.0,5.1,142126.0,41.8,21.08,3443.49291,13413.1,18816.9,188632.87699999998,123281.95300000001,191.9,238.033,3984019.0,15427414.5,13756580.0,3.84,0.14,0.07,2.21,121.07,1.1139,10883.469727,28.43
2015m9,50.2,-3.8,99.30558,100.3634,103.7768,17541.964,1294889.0,224.0,1812196.0,5.0,142281.0,41.7,21.11,3470.36858,13450.0,18932.0,186778.738,124579.109,189.1,237.498,4028486.0,15410264.9,13720721.8,3.86,0.14,0.02,2.06,121.06,1.1221,10176.5,24.5
2015m10,49.4,-4.9,99.10823,100.3947,103.3976,17540.485,1289952.0,226.0,1814458.0,5.0,142587.0,41.8,21.19,3484.85504,13473.1,18860.3,183863.52300000002,122948.474,187.5,237.733,4060469.0,15611192.3,13895607.0,3.76,0.12,0.02,2.16,119.69,1.1235,9832.330078,15.07
2015m11,48.4,-3.8,98.94991,100.5192,102.6866,17476.546000000002,1283397.0,229.0,1810184.0,5.1,142824.0,41.8,21.2,3502.0749100000003,13467.8,19456.9,181536.077,120833.07800000001,185.7,238.017,4006725.0,15580369.5,13890001.9,3.95,0.12,0.12,2.21,122.14,1.0736,10474.580078,16.13
2015m12,48.0,-9.0,98.89389,100.6229,102.1014,17525.501,1268816.0,232.0,1809516.0,5.0,143097.0,41.8,21.24,3390.6293200000005,13530.7,19477.8,181444.039,120058.05099999999,183.5,237.761,3835810.0,15576774.6,13843193.7,4.01,0.24,0.23,2.27,122.69,1.0877,10447.05957,18.21
2016m1,48.2,-4.0,98.98286,100.6369,102.9525,17571.27,1260772.0,236.0,1806105.0,4.9,143170.0,41.9,21.31,3408.50909,13580.2,19877.6,177564.235,117202.035,182.6,237.827,3792723.0,15652775.2,13934032.4,3.79,0.34,0.26,1.94,126.0,1.0859999999999999,10020.049805,20.2
2016m2,49.7,-6.8,99.2054,100.59700000000001,102.2225,17552.36,1259288.0,240.0,1800697.0,4.9,143433.0,41.9,21.34,3424.3891399999998,13595.7,20101.6,182261.30399999997,119502.204,181.3,237.514,3872483.0,15715453.6,13981094.2,3.62,0.38,0.31,1.74,124.48,1.1093,9578.919922,20.55
2016m3,51.7,9.0,99.45170999999999,100.5544,101.4155,17716.528000000002,1263057.0,242.0,1809911.0,5.0,143662.0,41.8,21.4,3450.7302,13606.6,20265.4,174652.617,117833.394,182.1,237.99,3898431.0,15749533.2,14019111.4,3.71,0.36,0.29,1.78,121.62,1.11,9626.879883,13.95
2016m4,50.7,-1.0,99.58202,100.57799999999999,101.5167,17696.666,1270045.0,243.0,1814007.0,5.0,143849.0,41.8,21.45,3471.22135,13587.4,20136.5,177201.66600000003,119334.319,183.2,238.835,3872940.0,15856156.5,14138008.5,3.66,0.37,0.23,1.83,119.56,1.1339,10132.580078,15.7
2016m5,51.0,-4.8,99.69479,100.7088,101.4298,17616.542,1272088.0,241.0,1816816.0,4.8,143891.0,41.8,21.47,3489.46176,13581.0,20160.8,179749.93,118952.599,185.3,239.44,3836529.0,15911873.0,14170644.8,3.64,0.37,0.27,1.84,121.25,1.1311,10450.129883,14.19
2016m6,52.8,4.4,99.77275,100.6852,101.8747,17691.572,1288898.0,244.0,1818468.0,4.9,144158.0,41.8,21.53,3508.33914,13587.3,20634.8,183476.081,119850.912,187.6,240.144,3825451.0,15954521.5,14227977.4,3.48,0.38,0.27,1.49,121.95,1.1229,10385.929688,15.63
2016m7,52.3,0.9,99.68194,100.5285,102.1325,17649.238999999998,1283285.0,238.0,1817052.0,4.8,144512.0,42.0,21.58,3524.8507700000005,13630.0,20717.1,183232.407,120349.894,187.7,240.111,3772544.0,16027385.8,14274379.6,3.48,0.39,0.3,1.46,122.69,1.1069,10495.080078,11.87
2016m8,49.4,5.4,99.51885,100.4152,102.0407,17774.627,1286300.0,239.0,1818285.0,4.9,144647.0,41.8,21.61,3547.88796,13639.6,20647.7,184834.292,122972.539,186.6,240.595,3816726.0,16046874.2,14309009.9,3.43,0.4,0.3,1.58,121.34,1.1212,10768.75,13.42
2016m9,51.7,12.1,99.56705,100.3948,102.0477,17869.403000000002,1291577.0,244.0,1821320.0,5.0,144916.0,41.9,21.64,3567.07185,13679.8,20691.4,183075.86399999997,123913.366,186.9,241.06799999999998,3735888.0,16068752.7,14310414.3,3.42,0.4,0.29,1.6,122.45,1.1212,10762.450195,13.29
2016m10,52.0,10.5,99.74423,100.477,102.2485,17791.164,1298765.0,247.0,1820047.0,4.9,145061.0,41.9,21.7,3584.4269799999997,13708.5,20721.1,183916.17,123307.942,186.7,241.641,3572132.0,16017695.9,14234405.9,3.47,0.4,0.33,1.84,123.5,1.1026,10721.849609,17.06
2016m11,53.5,9.4,100.0239,100.8288,102.0507,17915.935,1296967.0,248.0,1833779.0,4.7,145212.0,41.8,21.72,3607.3098,13736.1,20394.1,187600.742,121781.135,186.3,241.993,3629770.0,16009515.5,14262029.9,4.03,0.41,0.45,2.37,126.96,1.0799,10508.009766,13.33
2016m12,54.5,22.6,100.3477,101.1895,102.9281,17921.621,1322589.0,254.0,1838756.0,4.7,145442.0,41.9,21.76,3620.7601600000003,13759.9,20380.8,189220.592,126459.345,188.2,242.71200000000002,3531565.0,16029735.3,14254179.5,4.32,0.54,0.51,2.45,129.35,1.0543,10860.419922,14.04
2017m1,56.0,24.8,100.6367,101.3478,103.0366,17910.193,1330801.0,258.0,1841083.0,4.7,145627.0,41.9,21.81,3636.0357799999997,13824.9,20361.7,192974.189037712,127421.09267766599,190.7,243.717,3595455.0,16068927.7,14301666.3,4.19,0.65,0.51,2.45,130.07,1.0614,11138.849609,11.99
2017m2,57.6,39.7,100.8027,101.3347,102.6479,17947.74,1332293.0,261.0,1844600.0,4.6,145815.0,41.9,21.86,3654.35965,13875.1,20403.5,190181.380599083,127566.56490455901,191.6,244.028,3746408.0,16150746.3,14375577.9,4.16,0.66,0.52,2.36,127.57,1.0643,11244.820313,12.92
2017m3,56.6,32.0,100.7511,101.302,103.34299999999999,18074.261000000002,1329242.0,265.0,1851308.0,4.4,145944.0,41.8,21.88,3669.08535,13942.1,20279.1,190585.71771497602,126740.32028078,191.5,243.72099999999998,3856287.0,16216291.5,14426225.2,4.14,0.79,0.74,2.4,126.22,1.0685,11593.209961,12.37
2017m4,55.3,23.7,100.5941,101.2597,104.2721,17942.64,1332488.0,269.0,1847023.0,4.4,146141.0,41.9,21.93,3683.0396,13967.0,20348.1,192927.293879206,125961.804943539,193.0,244.058,3821697.0,16239348.7,14451485.9,4.03,0.9,0.8,2.29,124.87,1.0723,11495.330078,10.82
2017m5,55.5,34.3,100.5913,101.1836,104.4129,18069.261000000002,1327861.0,271.0,1852095.0,4.4,146296.0,41.9,21.97,3698.67185,14059.6,20398.9,191880.444429611,125474.960018414,192.8,243.926,3774412.0,16243885.2,14440764.9,3.95,0.91,0.89,2.21,124.2,1.1058,11550.410156,10.41
2017m6,56.7,28.2,100.7693,101.0705,104.5849,18150.673,1334112.0,275.0,1859794.0,4.3,146512.0,42.0,22.03,3716.5731100000003,14063.7,20328.7,192270.83224984,127141.75143892401,193.6,244.179,3762780.0,16238451.5,14453027.0,3.88,1.04,0.98,2.31,122.14,1.1229,11616.209961,11.18
2017m7,56.5,20.4,100.9471,101.0267,104.5427,18125.497,1335238.0,276.0,1863890.0,4.3,146727.0,42.0,22.08,3731.0836,14103.1,20325.0,191818.97782677,126592.824606383,193.5,244.328,3795430.0,16348183.8,14535318.4,3.92,1.15,1.07,2.3,119.83,1.1511,11801.44043,10.26
2017m8,59.3,20.7,101.2066,101.1298,104.0475,18175.682,1347162.0,281.0,1876003.0,4.4,146911.0,42.0,22.11,3739.08172,14122.8,20473.5,192248.35106319198,127923.42925714,193.8,245.304,3910022.0,16462260.3,14649738.3,3.82,1.16,1.01,2.12,118.39,1.1807,12006.740234,10.59
2017m9,60.2,24.0,101.3796,101.2588,104.0502,18256.113999999998,1365181.0,282.0,1879141.0,4.2,146929.0,41.9,22.2,3750.20794,14150.3,20715.0,194224.32108828198,129799.775642692,194.8,246.445,3874490.0,16524019.9,14697985.5,3.83,1.15,1.03,2.33,117.74,1.1915,11897.969727,9.51
2017m10,58.5,27.2,101.3471,101.4187,105.6287,18256.692,1377233.0,287.0,1878791.0,4.1,147196.0,42.0,22.18,3771.9989299999997,14187.8,20867.3,197256.91885261,130895.87390088,194.9,246.57,3829910.0,16588315.3,14744630.2,3.94,1.15,1.07,2.38,120.22,1.1756,12209.160156,10.18
2017m11,58.2,23.1,101.3146,101.3973,106.193,18408.668999999998,1396552.0,288.0,1889980.0,4.2,147421.0,42.0,22.23,3801.3089600000003,14202.8,20969.4,204205.028214802,134320.001741444,195.9,247.333,3907735.0,16669581.3,14839292.9,3.9,1.16,1.23,2.42,120.28,1.1738,12383.870117,11.28
2017m12,59.3,29.3,101.3738,101.3091,106.536,18413.314,1405112.0,293.0,1897688.0,4.1,147551.0,41.8,22.3,3813.0462799999996,14227.0,20904.4,209017.875061915,137357.003267579,196.3,247.847,3850969.0,16754444.6,14886009.8,3.99,1.3,1.32,2.4,119.7,1.1836,12636.730469,11.04
2018m1,59.1,23.0,101.42399999999999,101.3404,106.2655,18489.183,1399302.0,292.0,1908147.0,4.1,147672.0,41.8,22.36,3824.9959999999996,14342.7,20673.2,207031.34873300602,133869.717077577,197.9,248.81599999999997,3824795.0,16732678.2,14900122.1,4.15,1.41,1.41,2.72,117.77,1.22,12860.929688,13.54
2018m2,60.7,30.7,101.4481,101.5107,106.6419,18559.647,1406917.0,296.0,1919364.0,4.1,148078.0,42.2,22.4,3837.66485,14379.4,20875.2,210480.160576013,136458.365989387,199.3,249.475,3855056.0,16706898.0,14895694.7,4.4,1.42,1.57,2.87,116.82,1.2348,13338.990234,19.85
2018m3,59.3,23.8,101.3284,101.6165,107.2519,18543.017,1408277.0,297.0,1919761.0,4.0,148254.0,42.2,22.49,3850.0389200000004,14437.8,21216.0,208662.542840065,139794.248614876,199.3,249.41299999999998,3800608.0,16666122.0,14835936.6,4.44,1.51,1.7,2.74,117.07,1.2336,12644.429688,19.97
2018m4,57.9,25.3,101.2024,101.5633,108.2223,18606.502,1414477.0,300.0,1923520.0,4.0,148391.0,42.4,22.55,3854.89199,14471.5,21024.2,208787.11368344698,140005.920777849,200.3,249.957,3727119.0,16675732.2,14835790.1,4.58,1.69,1.76,2.95,117.13,1.2276,12432.889648,15.93
2018m5,58.7,32.2,101.2476,101.4735,107.3639,18690.639,1436370.0,301.0,1928763.0,3.8,148669.0,42.0,22.61,3876.4963299999995,14512.2,21182.2,208176.18092646898,142654.32066365698,203.2,250.64,3674755.0,16745664.1,14901867.8,4.56,1.7,1.86,2.83,121.26,1.1812,12490.240234,15.43
2018m6,60.0,21.7,101.3594,101.4129,108.1707,18666.476000000002,1436621.0,310.0,1930585.0,4.0,148888.0,42.1,22.67,3886.39603,14557.1,21238.4,208936.601435314,140427.16843947198,204.2,251.176,3650485.0,16767783.0,14948953.2,4.55,1.82,1.9,2.85,123.39,1.1678,12596.679688,16.09
2018m7,58.4,20.8,101.4196,101.38,108.652,18703.011000000002,1439252.0,314.0,1941087.0,3.8,149024.0,42.2,22.71,3911.6269,14609.9,21255.6,212682.096317915,138236.583972506,204.3,251.482,3618272.0,16773500.4,14923794.2,4.54,1.91,1.96,2.96,122.1,1.1686,12430.700195,12.83
2018m8,60.8,10.1,101.5197,101.3917,109.5246,18782.621,1444965.0,319.0,1952436.0,3.8,149268.0,42.2,22.79,3930.5278700000003,14649.7,21480.7,212623.44708014603,138104.95274660402,203.4,251.905,3584450.0,16735849.8,14878186.0,4.52,1.91,2.03,2.86,121.93,1.1549,12949.849609,12.86
2018m9,59.5,21.3,101.4313,101.4788,109.6749,18771.946,1448724.0,325.0,1960714.0,3.7,149348.0,42.1,22.86,3947.19585,14638.2,21353.1,216022.304122604,140268.438945191,203.6,252.261,3559828.0,16762205.0,14901506.4,4.72,1.95,2.13,3.05,121.71,1.1659,12976.049805,12.12
2018m10,57.5,20.5,101.2219,101.4602,109.9165,18831.101000000002,1456666.0,333.0,1973283.0,3.8,149549.0,42.0,22.9,3965.14156,14670.6,21419.9,217213.062268847,141340.010552047,204.6,252.77700000000002,3520863.0,16824991.1,14951712.0,4.86,2.19,2.25,3.15,122.56,1.1484,13146.299805,21.23
2018m11,58.8,10.6,101.0073,101.3461,110.5067,18777.355,1448031.0,335.0,1973788.0,3.7,149683.0,42.0,23.0,3985.1844899999996,14688.9,21683.9,211572.483997278,138515.82125886698,202.3,252.662,3476330.0,16843167.9,14967853.5,4.81,2.2,2.33,3.01,124.47,1.1367,12208.05957,18.07
2018m12,54.3,10.9,100.6916,101.1681,110.5516,18833.837,1431160.0,346.0,1990841.0,3.9,149865.0,42.0,23.09,3998.1467,14837.3,22075.2,215541.98557289602,136012.934867968,201.0,252.653,3400747.0,16983866.0,15087472.6,4.55,2.27,2.37,2.69,124.11,1.1384,12609.700195,25.42
2019m1,56.6,14.8,100.5398,100.9551,110.1185,18981.368000000002,1436780.0,345.0,2007300.0,4.0,150134.0,42.0,23.11,4015.5966,14840.9,22160.0,209646.706421103,138156.021146729,199.1,252.55,3346879.0,17002933.1,15096874.8,4.46,2.4,2.37,2.63,122.69,1.1416,11238.769531,16.57
2019m2,54.1,-0.7,100.3743,101.0116,109.5631,18939.35,1442334.0,340.0,2017149.0,3.8,150135.0,41.7,23.19,4031.8999700000004,14864.1,22221.4,208545.132863931,138324.639674265,199.2,253.18099999999998,3353467.0,17034302.7,15120773.9,4.35,2.4,2.39,2.73,123.0,1.1351,12312.259766,14.78
2019m3,54.6,14.9,100.242,101.2391,109.6811,18930.814,1456358.0,338.0,2016658.0,3.8,150282.0,41.7,23.28,4044.18116,14855.7,22425.2,212112.142629332,140132.042786582,200.8,254.095,3381455.0,17140820.2,15199288.1,4.06,2.41,2.4,2.41,123.69,1.1302,12698.230469,13.71
2019m4,53.4,11.0,100.0197,101.4059,108.9888,18971.093999999997,1452320.0,335.0,2025356.0,3.6,150492.0,41.6,23.33,4061.75327,14817.2,22346.6,208063.722923921,135539.0870628,202.1,254.94299999999998,3286650.0,17184421.5,15229443.5,4.2,2.42,2.38,2.51,123.93,1.1238,12775.839844,13.12
2019m5,52.3,17.5,99.81559,101.4976,109.2264,19025.671000000002,1455735.0,336.0,2030786.0,3.6,150577.0,41.5,23.42,4076.5424399999997,14809.6,22700.3,213270.894186089,138321.587251721,201.7,255.167,3244460.0,17228428.2,15278266.6,3.99,2.39,2.35,2.14,124.88,1.1185,13066.080078,18.71
2019m6,51.6,1.5,99.63159,101.3997,109.2774,19065.516,1456955.0,330.0,2028955.0,3.7,150759.0,41.6,23.47,4088.4811700000005,14826.8,22805.1,209254.464794517,134768.523049566,200.3,255.40200000000002,3274825.0,17339571.0,15411813.4,3.73,2.38,2.17,2.0,124.19,1.1293,12288.509766,15.08
