date,pmi,business_outlook_survey,business_confidence_index,consumer_confidence_index,industrial_production,mgdp,business_sales,new_residential_sales,inventories,unemployment_rate,employment,weekly_hours,hourly_earnings,consumer_credit,personal_income,federal_debt,exports,imports,ppi,cpi,monetary_base,bank_assets,bank_liabilities,mortgage_rate,federal_funds_rate,treasury_bill,treasury_bill_10,effective_exchange_rate,spot_euro_us,nyse_composite_index,vix,quarterly_gdp
1992-01-31,47.3,-2.2,99.06807,97.67429,63.3374,9480.079,517626,281,808292,7.3,108369,40.6,10.64,798.98271,7051.6,4009.3,41809.5,35403.7,115.6,138.3,333149,3388025.3,3155908.5,8.68,4.03,3.8,7.31,95.05,1.2946,2423.179932,17.40,
1992-02-28,52.7,0.6,99.57458,97.93494,63.7911,9521.41,520289,269,809600,7.4,108311,40.7,10.67,799.64038,7084,4021.4,41370.6,37702.1,116,138.6,331242,3396845.4,3157122.6,8.83,4.06,3.84,7.27,96.7,1.2629,2396.110107,16.68,
1992-03-31,54.6,15,99.9949,98.40262,64.3212,9600.051,530715,279,812725,7.4,108365,40.7,10.69,799.44211,7091.7,4038.0,42681.2,37208.1,116.1,139.1,335595,3403027.7,3165157.4,8.98,3.98,4.04,7.54,98.83,1.2304,2412.929932,16.18,1.197051658
1992-04-30,52.6,20.1,100.1801,98.77415,64.8088,9606.322,533290,274,815453,7.4,108519,40.9,10.72,797.65814,7112.9,4049.1,43398.8,36558.4,116.3,139.4,333124,3407139.5,3164263.7,8.85,3.73,3.75,7.61,98.1,1.2424,2362.379883,15.53,
1992-05-31,55.7,17,100.3029,98.98566,65.0202,9588.476,536742,273,815016,7.6,108649,40.9,10.74,797.6679,7147.1,4126.6,43954.1,36012,117.2,139.7,334541,3398683.5,3156536.4,8.6,3.82,3.63,7.33,97,1.2681,2402.350098,13.86,
1992-06-30,53.6,15,100.2247,98.99191,65.0295,9716.826,541482,273,820447,7.8,108715,40.8,10.77,797.27631,7177.8,4194.9,44954.1,38356.1,118,140.1,337098,3410264.2,3166271.8,8.43,3.76,3.66,7.14,95.63,1.3032,2430.899902,13.35,1.084353347
1992-07-31,53.9,27.8,100.0668,98.80591,65.6172,9734.277,545177,271,825098,7.7,108793,40.8,10.79,798.06816,7173,4226.8,44989.4,37501.9,117.9,140.5,340424,3408329.3,3155374.7,8.05,3.25,3.21,6.72,94.11,1.3706,2397.590088,13.17,
1992-08-31,53.4,16.7,99.81853,98.64365,65.2943,9714.495,541368,269,826136,7.6,108925,40.8,10.81,799.8238,7198.8,4316.0,45466.5,36444.8,117.7,140.8,342727,3421904.2,3164660.1,8.01,3.3,3.13,6.62,93.74,1.4019,2470.659912,13.58,
1992-09-30,49.7,21,99.562,98.63249,65.446,9748.625,546733,265,827513,7.6,108959,40.7,10.82,800.1989,7165.6,4341.8,45670.9,37469.5,118,141.1,346903,3441550.4,3176893.8,8.02,3.22,2.91,6.37,93.92,1.3867,2421.600098,14.28,0.98827193
1992-10-31,50.3,-4.9,99.60894,98.91066,65.9369,9803.366,545987,264,827914,7.3,109139,40.8,10.85,799.55599,7119.7,4299.2,46159.5,38931.7,118.1,141.7,349808,3444617.9,3181254.2,8.21,3.1,2.86,6.80,96.02,1.3252,2418.530029,16.15,
1992-11-30,53.6,18.2,99.92915,99.57556,66.2174,9831.193,550285,262,829839,7.4,109272,40.9,10.87,802.69798,7130.6,4372.2,45971.2,37744.3,117.8,142.1,355924,3460051.4,3192497.4,8.29,3.09,3.13,6.95,99.33,1.2389,2458.179932,13.01,
1992-12-31,54.2,25.4,100.2379,100.1166,66.2772,9867.303,552282,265,835800,7.4,109495,40.9,10.89,806.11869,7384.7,4412.8,46238.6,38830.9,117.6,142.3,361903,3461996.7,3192661,8.14,2.92,3.22,6.70,99.34,1.239,2508.090088,12.57,1.043164688
1993-01-31,55.8,31.1,100.4139,100.2582,66.5643,9852.216,558864,266,835983,7.3,109794,41.1,10.93,809.32543,7223.5,4446.0,45495,37616,118,142.8,360650,3447389.1,3181899,7.86,3.02,3,6.39,100.36,1.2122,2536.429932,12.42,
1993-02-28,55.2,34.3,100.3252,100.1347,66.8594,9867.76,558311,267,838089,7.1,110044,41.1,10.95,814.05892,7257.7,4519.6,45102,37064,118.4,143.1,359533,3455137.1,3185888.5,7.53,3.03,2.93,6.03,100.27,1.1823,2577.97998,13.16,
1993-03-31,53.5,16.2,100.0106,99.93533,66.7658,9831.251,554939,270,844806,7,109994,40.8,10.99,813.65629,7235.1,4541.6,48969,39027,118.7,143.3,362723,3475199.1,3205048.2,7.5,3.07,2.95,6.03,99.35,1.1787,2577.449951,12.53,0.167400308
1993-04-30,50.2,23.3,99.63477,99.68861,67,9869.844,560899,272,846782,7.1,110296,41.4,10.99,819.75694,7272.7,4570.5,48573,38717,119.3,143.8,368849,3484842.1,3208737.5,7.43,2.96,2.87,6.05,97.28,1.2211,2630.110107,12.42,
1993-05-31,51.2,14.8,99.42178,99.37344,66.7674,9928.228,568488,275,847279,7.1,110568,41,11.01,819.75905,7262.2,4590.6,47942,39592,119.7,144.2,370845,3515863.3,3241373.9,7.5,3,2.96,6.16,97.13,1.2172,2585.699951,13.47,
1993-06-30,49.6,3.5,99.29305,99.12835,66.8781,9925.226,566266,275,849135,7,110749,40.9,11.03,823.81181,7248.8,4701.2,49189,37932,119.5,144.3,375841,3547046.7,3271930.9,7.34,3.04,3.07,5.80,97.43,1.185,2646.389893,11.26,0.582419625
1993-07-31,50.2,-3.2,99.30399,98.90063,67.0845,9903.58,566307,278,849450,6.9,111055,41.1,11.05,829.51873,7267.1,4692.3,48112,37422,119.2,144.5,379121,3575984.5,3291164.4,7.25,3.06,3.04,5.83,98.53,1.1385,2629.050049,11.73,
1993-08-31,50.7,-0.3,99.4147,98.84225,67.014,9942.818,566668,286,850877,6.8,111206,41.1,11.07,834.23553,7277.7,4793.9,47901,37833,118.7,144.8,380892,3587016.2,3296290,6.97,3.03,3.02,5.45,98.37,1.1333,2638.459961,11.85,
1993-09-30,50.8,7.3,99.61328,98.97213,67.3345,10018.771,571317,287,855018,6.7,111448,41.3,11.1,840.60298,7257.8,4798.7,49083,38413,118.7,145,384705,3599622,3305251.8,6.95,3.09,2.95,5.40,97.87,1.1791,2716.179932,12.99,0.477314733
1993-10-31,53.4,8.9,99.91699,99.27218,67.8515,10016.538,577000,290,855322,6.8,111733,41.3,11.13,847.61663,7222.3,4804.1,50820,40006,119.1,145.6,388226,3589436.6,3295425.9,6.86,2.99,3.02,5.43,98.82,1.1639,2709.939941,11.46,
1993-11-30,53.8,18.9,100.1961,99.6329,68.1326,10114.443,577705,293,859037,6.6,111984,41.3,11.15,856.52342,7242.4,4816.6,49939,40049,119,146,391960,3600886.1,3300500.1,7.31,3.02,3.1,5.83,99.8,1.1288,2748.540039,13.76,
1993-12-31,55.6,41.4,100.4518,100.1564,68.5054,10140.435,577177,293,863125,6.5,112314,41.4,11.18,865.65058,7489.1,4853.9,49534,41420,118.6,146.3,398638,3617033.4,3315795.1,7.13,2.96,3.06,5.83,100.12,1.1289,2699.159912,11.66,1.3601133269999999
1994-01-31,56,27.2,100.6266,100.6071,68.7648,10139.566,584335,294,863021,6.6,112595,41.4,11.2,872.02182,7348.8,4875.9,50027,39843,119.1,146.3,397786,3653662.4,3351450.9,6.97,3.05,2.98,5.70,100.39,1.1141,2730.879883,10.63,
1994-02-28,56.5,21.3,100.7517,100.7681,68.7836,10195.967,588455,295,867670,6.6,112781,40.9,11.25,880.35286,7362.9,4812.1,50399,38293,119.3,146.7,397926,3670614.4,3367385.9,7.32,3.25,3.25,6.15,99.82,1.1176,2817.26001,14.87,
1994-03-31,56.9,19.8,100.8612,100.7566,69.4766,10229.593,595174,298,868751,6.5,113242,41.7,11.25,891.33316,7387.3,4737.9,52267,42487,119.7,147.1,400752,3692928.8,3381636.2,7.8,3.34,3.5,6.77,100.05,1.1419,2726.01001,20.45,0.970216278
1994-04-30,57.4,16.7,100.9789,100.7248,69.8703,10264.06,596719,297,871989,6.4,113586,41.8,11.27,900.98953,7387.6,4686.7,52936,41251,119.7,147.2,406948,3700650.1,3395602.4,8.32,3.56,3.68,7.06,100.02,1.1392,2570.899902,13.77,
1994-05-31,58.2,22.1,101.0987,100.6579,70.2281,10363.005,600167,302,882927,6.1,113921,41.8,11.29,912.8637,7472.8,4702.8,53830,41379,119.9,147.5,407088,3719876.9,3420827.1,8.53,4.01,4.14,7.17,99.25,1.1644,2658.23999,13.03,
1994-06-30,58.8,25,101.1786,100.5441,70.6763,10352.196,605009,315,888689,6.1,114238,41.8,11.31,924.21602,7461,4713.8,55731,42850,120.5,147.9,411591,3726728.2,3427516.2,8.46,4.25,4.14,7.34,99.01,1.1835,2673.570068,14.97,1.355045866
1994-07-31,58.5,17.8,101.1995,100.4665,70.7846,10354.901,610274,319,894473,6.1,114610,41.8,11.34,931.13474,7467.2,4741.3,56096,41955,120.7,148.4,415010,3770112.4,3462852.1,8.57,4.26,4.33,7.12,97.44,1.2219,2604.72998,11.13,
1994-08-31,58,18.5,101.2201,100.5157,71.2053,10425.496,619487,323,902148,6,114896,41.7,11.36,944.80317,7476,4780.2,57396,44377,121.2,149,415263,3781681.8,3469076.6,8.56,4.47,4.48,7.19,97.49,1.2232,2686.26001,11.97,
1994-09-30,59,18.5,101.2884,100.5914,71.4767,10380.124,619872,331,907994,5.9,115247,41.6,11.39,957.3756,7508.6,4716.5,57640,44002,121,149.3,416866,3788887.1,3470852.8,8.82,4.73,4.62,7.62,96.55,1.2354,2759.530029,14.28,0.584515241
1994-10-31,59.4,26.1,101.3097,100.6921,72.082,10475.169,628003,330,913439,5.8,115458,41.8,11.43,968.46871,7579.9,4736.8,57950,44203,120.9,149.4,418679,3806996.4,3492203.8,9.03,4.76,4.95,7.81,95.75,1.2609,2695.669922,14.56,
1994-11-30,59.2,24.7,101.2014,100.8145,72.5263,10469.064,631779,333,919492,5.6,115869,41.8,11.45,981.42611,7579.7,4753.3,59778,45042,121.5,149.8,423063,3815413.1,3493112.9,9.25,5.29,5.29,7.91,96.28,1.2437,2714.699951,15.95,
1994-12-31,56.1,23.3,100.9621,101.0034,73.2879,10573.575,642382,336,926395,5.5,116165,41.8,11.47,997.30174,7614.2,4774.0,59204,46945,121.9,150.1,428489,3837951.4,3519457,9.18,5.45,5.6,7.84,99.05,1.2158,2601.560059,13.20,1.145524445
1995-01-31,57.4,8.8,100.7341,101.0912,73.4219,10576.134,644664,341,935639,5.6,116501,41.8,11.48,1010.39504,7638.9,4830.4,60492,46256,122.9,150.5,426222,3876153.7,3558349.7,9.13,5.53,5.71,7.60,102,1.2408,2651.149902,11.96,
1995-02-28,55.1,9.2,100.3502,100.949,73.3025,10499.709,645312,346,942713,5.4,116697,41.7,11.53,1018.55911,7654.3,4919.3,59836,46597,123.5,150.9,422895,3895659.5,3581743.5,8.73,5.92,5.77,7.22,101,1.2587,2706.879883,11.75,
1995-03-31,52.1,2,99.85166,100.7123,73.4081,10554.074,641172,346,951538,5.4,116907,41.5,11.55,1033.63209,7675.4,4932.0,61390,48259,123.9,151.2,427727,3931632.5,3607742.6,8.38,5.98,5.73,7.20,99.21,1.3171,2788.929932,13.37,0.35475614200000005
1995-04-30,51.5,-11.1,99.35798,100.6097,73.3612,10521.698,649536,348,959239,5.8,117069,41,11.56,1043.69517,7618.8,4945.8,62557,47684,124.6,151.8,433540,3990296.8,3661320.2,8.26,6.05,5.65,7.07,94.77,1.3414,2870.659912,11.75,
1995-05-31,46.7,-8.5,98.89407,100.5961,73.6104,10551.147,647742,349,965634,5.6,117049,41.1,11.59,1057.47083,7695.9,5113.5,62311,48405,124.9,152.1,434008,4018222.2,3689634.8,7.85,6.01,5.67,6.30,94.41,1.3216,2930.399902,12.85,
1995-06-30,45.9,-20.8,98.74976,100.7321,73.8602,10651.862,654819,348,969558,5.6,117286,41.2,11.63,1069.37791,7719,5167.5,62698,48271,125.3,152.4,434846,4036787.8,3708497.9,7.53,6,5.47,6.21,94.61,1.3314,3031.810059,11.38,0.298340877
1995-07-31,50.7,-20.2,98.86971,100.8577,73.5664,10599.042,653374,344,972934,5.7,117380,41.1,11.67,1077.737,7736.3,5143.5,62479,48097,125.3,152.6,435915,4078424.8,3743188.8,7.79,5.85,5.42,6.45,94.62,1.3448,3098,13.49,
1995-08-31,47.1,1.2,98.81873,100.8213,74.495,10657.279,657867,350,976097,5.7,117634,41.2,11.69,1089.60205,7741.6,5175.0,62042,49309,125.1,152.9,435546,4090820.1,3750110.6,7.88,5.74,5.4,6.28,97.44,1.3044,3175.080078,11.52,
1995-09-30,48.1,26.2,98.73582,100.5677,74.7937,10738.396,664775,353,980029,5.6,117875,41.2,11.73,1106.61268,7766.9,5192.5,62845,50640,125.2,153.1,436332,4121768.5,3775052.8,7.62,5.8,5.28,6.17,98.89,1.2888,3206.27002,12.74,0.850677535
1995-10-31,46.7,21.7,98.57965,100.4,74.7017,10692.196,662186,359,984223,5.5,118031,41.2,11.75,1113.52851,7775.7,5234.9,62028,50133,125.3,153.5,436570,4133053.3,3789012.1,7.45,5.76,5.28,6.03,98.87,1.3222,3299.850098,13.83,
1995-11-30,45.9,5.5,98.43521,100.3167,74.8897,10710.529,665470,366,986767,5.6,118175,41.3,11.78,1132.16017,7797.1,5270.8,62138,50259,125.4,153.7,439093,4135024,3779535.8,7.35,5.8,5.36,5.76,100.25,1.3238,3288.639893,11.58,
1995-12-31,46.2,19.6,98.35676,100.3424,75.1755,10809.786,678351,370,985385,5.6,118320,40.9,11.81,1140.74436,7807.8,5305.8,62727,50832,125.7,153.9,445840,4165471.6,3813468.3,7.11,5.6,5.14,5.58,100.54,1.3043,3430.439941,12.52,0.679021028
1996-01-31,45.5,-14.7,98.33327,100.3599,74.6841,10787.756,660384,369,990730,5.6,118316,39.7,11.86,1153.2703,7818.5,5307.9,63825,50275,126.3,154.7,441733,4200997.9,3870807,7,5.56,5,5.60,101.28,1.2918,3507.409912,12.53,
1996-02-29,45.9,4.8,98.434,100.436,75.8344,10804.335,659667,355,991277,5.5,118739,41.3,11.87,1163.09378,7879,5241.1,63519,51625,126.2,155,435714,4196829.1,3914976,7.32,5.22,4.83,6.13,101.33,1.2886,3608.070068,17.04,
1996-03-31,46.9,-3.5,98.67538,100.591,75.7631,10862.397,676171,368,989146,5.5,118993,41.1,11.89,1171.68426,7904.5,5296.2,63806,50901,126.4,155.5,440455,4201056.4,3955751.5,7.69,5.31,4.96,6.34,101.37,1.2813,3649.840088,18.88,0.74894682
1996-04-30,49.3,21.3,99.00977,100.6216,76.4562,11006.006,677571,368,992111,5.6,119158,41.2,11.95,1180.9031,7857,5239.9,64459,51351,127.4,156.1,443376,4230186.3,3997546.9,7.92,5.22,4.95,6.66,101.28,1.2639,3710.75,15.83,
1996-05-31,49.1,19.6,99.30782,100.5995,77.0161,10969.989,684012,361,993761,5.6,119486,41.4,11.97,1191.11369,7956.5,5239.3,66464,52012,128.1,156.4,443014,4238522.7,4010290.2,8.03,5.24,5.02,6.85,101.4,1.2467,3716.97998,16.07,
1996-06-30,53.6,21.2,99.56104,100.7151,77.6669,11019.763,688433,355,993127,5.3,119769,41.5,12.03,1200.95002,8004.7,5294.8,66087,52114,128,156.7,446423,4253597.6,4027493.8,8.29,5.27,5.09,6.73,101.79,1.2529,3788.25,13.68,1.667847426
1996-07-31,49.7,29,99.53901,100.8849,77.5662,11060.568,687240,350,997782,5.5,120015,41.4,12.05,1211.89736,7983.8,5311.5,66253,51330,128,157,449831,4267706.1,4044761.2,8.19,5.4,5.15,6.80,101.81,1.2706,3824.52002,19.46,
1996-08-31,51.6,13.8,99.54297,101.0128,78.016,11092.792,689698,342,999951,5.1,120199,41.5,12.09,1220.503,8004.2,5303.1,67329,52521,128.3,157.2,450911,4268635.2,4045365.1,8.09,5.22,5.05,6.96,101.01,1.2832,3677.330078,17.01,
1996-09-30,51.1,12.9,99.5553,101.1094,78.5532,11137.871,695693,330,1000678,5.2,120410,41.6,12.13,1225.27176,8023.1,5357.4,68080,52264,128.2,157.7,451954,4296680.7,4071602.1,8.16,5.3,5.09,6.72,101.55,1.2691,3719.419922,16.95,0.896991377
1996-10-31,50.5,8.2,99.66064,101.2395,78.5065,11212.472,695132,328,1004389,5.2,120665,41.4,12.15,1231.3361,8022.6,5436.7,67423,53474,128,158.2,452496,4310163.5,4088186.7,7.86,5.24,4.99,6.37,102.22,1.2584,3893.040039,18.11,
1996-11-30,53,11.1,99.92173,101.3501,79.1996,11234.127,703118,330,1004457,5.4,120961,41.5,12.2,1242.42191,8044.5,5529.3,68364,54123,128.2,158.7,457010,4352959.4,4108948.3,7.52,5.31,5.03,6.06,101.62,1.2769,3951.189941,17.14,
1996-12-31,55.2,8.1,100.1397,101.3663,79.7143,11190.245,700632,322,1004646,5.4,121143,41.7,12.24,1253.43709,8072,5496.2,69681,53087,129.1,159.1,464955,4374201.6,4140228.1,7.64,5.29,4.91,6.43,102.36,1.2503,4209.830078,20.92,1.038381988
1997-01-31,53.8,12.8,100.1526,101.4203,79.8273,11256.728,703995,308,1007785,5.3,121363,41.4,12.29,1258.36528,8095.1,5471.7,69846,52904,129.7,159.4,462505,4408896.8,4171729.6,7.88,5.25,5.03,6.53,103.5,1.2162,4118.790039,19.47,
1997-02-28,53.1,16.9,100.1092,101.5458,80.793,11336.058,717856,301,1010716,5.2,121675,41.6,12.31,1261.85081,8117.7,5491.6,70131,55077,128.5,159.7,459914,4465006.8,4237433.1,7.65,5.19,5.01,6.56,105.68,1.1658,4361.450195,21.10,
1997-03-31,53.8,13.4,100.1434,101.6871,81.334,11261.167,718114,288,1010352,5.2,121990,41.8,12.36,1264.14634,8156.2,5464.2,70023,56931,127.3,159.8,462300,4504621.3,4274401.8,7.97,5.39,5.14,6.92,106.83,1.1498,4412.839844,22.14,0.645564365
1997-04-30,53.7,6.6,100.2604,101.8625,81.3531,11512.004,718072,290,1014611,5.1,122286,41.8,12.39,1274.08738,8162.4,5458.3,71262,57365,127,159.9,465478,4549547.4,4319445.8,8.08,5.51,5.16,6.72,107.2,1.145,4227.379883,20.06,
1997-05-31,56.1,1.1,100.4598,102.0606,81.8293,11402.013,714459,287,1018535,4.9,122546,41.7,12.43,1278.67842,8198.2,5468.6,72137,57500,127.4,159.9,467038,4577190.9,4344936.9,7.94,5.5,5.05,6.67,105.31,1.1493,4395.609863,19.19,
1997-06-30,54.9,18.2,100.5956,102.2411,82.2285,11502.562,722329,288,1024680,5,122814,41.6,12.46,1282.85852,8224.5,5520.4,71658,58289,127.2,160.2,469816,4584374.3,4355889.5,7.58,5.56,4.93,6.51,104.84,1.1366,4668.72998,21.53,1.662001454
1997-07-31,57.7,20,100.714,102.3626,82.8557,11595.481,727789,289,1026787,4.9,123111,41.6,12.5,1288.78203,8255.6,5604.5,73330,59590,126.9,160.4,473111,4620480,4401393.7,7.43,5.52,5.05,6.02,105.55,1.1049,4927.459961,21.48,
1997-08-31,56.3,17.2,100.6495,102.3654,83.7214,11625.283,727996,287,1028019,4.8,123093,41.7,12.57,1294.21924,8298.5,5576.0,73623,58251,127.2,160.8,474323,4658162.2,4440627.4,7.58,5.54,5.14,6.34,107.3,1.0727,5191.490234,24.76,
1997-09-30,53.9,19.1,100.5325,102.377,84.4651,11626.298,731885,284,1034401,4.9,123585,41.7,12.6,1301.63497,8320.2,5623.9,74408,58605,127.5,161.2,475441,4680290.5,4451036.4,7.28,5.54,4.95,6.12,106.98,1.0999,5106.049805,22.91,1.250848033
1997-10-31,56.4,19.3,100.5404,102.3697,85.1918,11701.195,730220,284,1038283,4.7,123929,41.8,12.66,1309.38939,8361.4,5678.3,74641,58765,127.8,161.5,477667,4711549.3,4479950.6,7.21,5.5,4.97,5.84,107,1.1203,5298.279785,35.09,
1997-11-30,55.7,19.8,100.4783,102.3501,85.9397,11676.997,737474,281,1040118,4.6,124235,41.8,12.71,1312.45718,8415.4,5713.0,73588,57657,127.9,161.7,484618,4771163.5,4517245.1,7.17,5.52,5.14,5.86,109.06,1.1394,5208.939941,27.43,
1997-12-31,54.5,15.6,100.3301,102.3164,86.2047,11768.088,733753,281,1045495,4.7,124549,42,12.75,1324.75733,8463.9,5777.0,75056,58247,126.8,161.8,493078,4783024.5,4546489.6,6.99,5.5,5.16,5.75,112.21,1.1116,5368.600098,24.01,0.858816513
1998-01-31,53.8,18.6,100.1637,102.4789,86.6474,11705.922,731998,282,1048304,4.6,124812,41.9,12.79,1320.04402,8538.3,5808.6,74523,58296,125.4,162,491235,4835286,4589113.7,7.12,5.56,5.04,5.53,114.1,1.0877,5415.339844,21.47,
1998-02-28,52.9,13.2,100.0112,102.6526,86.7612,11878.732,740145,281,1054991,4.6,125016,41.7,12.83,1324.34272,8592.2,5805.5,74184,57456,125,162,488420,4874081.2,4639364.8,7.09,5.51,5.09,5.62,113,1.0884,5505.950195,18.55,
1998-03-31,52.9,10.4,99.87811,102.6606,86.8198,11912.828,741535,284,1060201,4.7,125164,41.6,12.87,1332.90344,8641.5,5817.4,76369,57814,124.7,162,491007,4932993.5,4697477.7,7.08,5.49,5.03,5.67,112.72,1.0843,5758.77002,24.22,0.999479915
1998-04-30,52.2,8.7,99.69521,102.6378,87.1411,11887.69,740194,287,1062401,4.3,125442,41.2,12.92,1360.45629,8668.8,5771.7,76350,56014,124.9,162.2,494118,4946535.7,4713860.6,7.15,5.45,4.95,5.68,112.79,1.0911,6094.799805,21.18,
1998-05-31,50.9,13.2,99.4511,102.5324,87.6952,11917.306,742797,287,1061497,4.4,125844,41.5,12.97,1363.08086,8704.1,5801.3,76492,55986,125.1,162.6,495231,4946956.8,4718893.3,7.07,5.49,5,5.56,113.48,1.109,6152.959961,21.32,
1998-06-30,48.9,24.1,99.21868,102.4058,87.145,12020.96,736319,286,1061985,4.5,126076,41.4,12.99,1373.94233,8753.5,5866.6,74911,56145,124.8,162.8,498108,4990200.7,4768207.3,6.96,5.56,4.98,5.44,115.73,1.1014,5975.640137,19.71,0.9258071379999999
1998-07-31,49.2,8.3,99.10836,102.2609,86.8423,11996.579,733450,285,1064039,4.5,126205,41.4,13.01,1380.72085,8769,5833.1,74594,55477,124.9,163.2,502446,5003867.1,4793707.1,6.97,5.54,4.96,5.50,116.06,1.0975,6191.97998,24.80,
1998-08-31,49.3,10.4,99.05302,102.0562,88.6247,12057.409,738109,286,1066363,4.5,126544,41.4,13.07,1386.66645,8797.3,5967.1,75707,55081,124.2,163.4,504866,5060754.5,4856483.3,6.92,5.55,4.9,5.05,118.57,1.1016,5930.700195,44.28,
1998-09-30,48.7,-14.2,98.98544,101.8002,88.4515,12220.443,743466,289,1070815,4.6,126752,41.3,13.11,1397.28973,8823.3,6017.5,76107,56324,123.8,163.5,508591,5124085.8,4905372.3,6.64,5.51,4.61,4.44,116.36,1.1541,5243.830078,40.95,1.252567402
1998-10-31,48.7,3.5,98.91599,101.6554,89.1677,12262.681,750044,293,1073223,4.5,126954,41.4,13.15,1405.39666,8836.1,6020.2,77880,58131,124,163.9,512552,5204436.1,4985939.5,6.83,5.07,3.96,4.64,112.44,1.1938,5183.450195,28.05,
1998-11-30,48.2,-4.7,98.86606,101.7549,89.1098,12312.852,752546,292,1077587,4.4,127231,41.4,13.17,1408.44269,8872.6,6028.0,77912,58424,123.6,164.1,518349,5244568.1,5003153.3,6.78,4.83,4.41,4.74,112.32,1.1644,5828.660156,26.01,
1998-12-31,46.8,4.6,98.93739,101.9069,89.4407,12285.031,755797,294,1077183,4.4,127596,41.5,13.21,1420.99644,8889.9,6035.8,76867,56989,122.8,164.4,526435,5250370.8,5022933.3,6.83,4.68,4.39,4.65,111,1.1721,6062.240234,24.42,1.615880229
1999-01-31,50.6,13.8,99.25021,102.1618,89.8594,12317.286,757956,284,1077080,4.3,127702,41.3,13.27,1431.23693,8923.4,6042.3,77781,56272,122.9,164.7,527870,5260614,5019212.6,6.74,4.63,4.34,4.66,110.58,1.1608,6282.060059,26.25,
1999-02-28,51.7,15.1,99.55866,102.3834,90.3386,12414.345,765555,285,1082721,4.4,128120,41.4,13.3,1441.31459,8953.2,5925.4,79842,55522,122.3,164.7,526387,5253793.2,5021349.7,6.89,4.76,4.44,5.29,111.44,1.1208,6317.379883,27.88,
1999-03-31,52.4,4.3,99.78815,102.4209,90.4819,12477.867,765106,289,1090051,4.2,128227,41.3,13.33,1450.87882,8962.3,5947.5,79569,55749,122.6,164.8,531013,5235986.9,4997937.6,6.98,4.81,4.44,5.25,112.96,1.0883,6190.180176,23.26,0.9464718809999999
1999-04-30,52.3,20.6,99.97308,102.4158,90.7274,12472.506,769819,290,1092918,4.3,128597,41.3,13.38,1457.67057,8944.9,5876.5,80801,56546,123.6,165.9,535171,5242049.4,5003360.2,6.93,4.74,4.29,5.36,112.55,1.0704,6397,25.07,
1999-05-31,54.3,13.1,100.1838,102.4622,91.352,12509,780742,295,1095905,4.2,128808,41.4,13.42,1468.14661,8962,5837.9,83200,56502,124.7,166,540620,5271334.2,5041194.3,7.23,4.74,4.5,5.64,112.22,1.0628,6811.390137,25.39,
1999-06-30,55.8,5.8,100.3197,102.474,91.1994,12514.294,782058,295,1098782,4.3,129089,41.3,13.47,1479.31532,8992.4,5848.4,85868,56420,125.2,166,544016,5319770.5,5098585.5,7.63,4.76,4.57,5.81,112.91,1.0378,6569.25,21.09,0.7691586420000001
1999-07-31,53.6,9.8,100.3453,102.4149,91.7766,12624.495,785830,297,1104062,4.3,129414,41.4,13.51,1492.3776,9002.6,5820.7,87186,57269,125.7,166.7,548817,5312463.9,5108739,7.7,4.99,4.55,5.92,113.26,1.0353,6886.990234,24.64,
1999-08-31,54.8,13.7,100.4907,102.3494,92.1629,12659.543,795418,298,1105895,4.2,129569,41.5,13.53,1503.22661,9043,5832.3,87837,58713,126.9,167.1,551361,5324012.7,5130071.6,7.8,5.07,4.72,5.98,111.37,1.0604,6612.180176,24.45,
1999-09-30,57,13.9,100.7332,102.3384,91.774,12702.753,796663,301,1112246,4.2,129772,41.4,13.61,1511.05926,9037.4,5828.5,88512,60053,128,167.8,556828,5366442.6,5165686.3,7.76,5.22,4.68,5.90,110.3,1.0501,6527.060059,25.41,1.309664834
1999-10-31,57.2,16,100.9205,102.3165,92.9979,12767.531,805363,303,1115766,4.1,130177,41.4,13.64,1517.28183,9094.7,5830.4,89923,60037,127.7,168.1,564665,5397558.9,5201347.7,7.96,5.2,4.86,6.02,109.77,1.0706,6264.720215,22.20,
1999-11-30,58.1,20.9,101.0207,102.442,93.4371,12859.742,809613,305,1128337,4.1,130466,41.4,13.66,1525.33442,9160.3,5814.4,90984,60206,128.3,168.4,582758,5471939,5251373.8,7.75,5.42,5.07,6.18,110.13,1.0338,6573.899902,24.18,
1999-12-31,57.8,14.2,100.9798,102.616,94.1593,13004.698,817543,308,1137260,4,130772,41.4,13.7,1531.10596,9234.7,5852.5,93115,62509,127.8,168.8,612499,5562731.4,5351685.9,8.06,5.3,5.2,6.45,110.13,1.011,6711.890137,24.64,1.699585031
2000-01-31,56.7,11.3,100.8221,102.8603,94.1758,12857.905,825947,311,1140023,4,131005,41.5,13.75,1538.52018,9307.1,5777.2,93900,62543,128.3,169.3,601868,5589977.6,5365704,8.25,5.45,5.32,6.68,110.16,1.0137,6762.109863,24.95,
2000-02-29,55.8,14.5,100.625,102.9162,94.4557,12920.759,816007,299,1146435,4.1,131124,41.5,13.8,1549.18529,9342.6,5835.2,95901,62409,129.8,170,578030,5643905.2,5425208.5,8.31,5.73,5.55,6.42,112.1,0.9834,6606.890137,23.37,
2000-03-31,54.9,19.4,100.43,102.8306,94.798,12993.208,831117,313,1150666,4,131596,41.4,13.85,1561.45069,9366.5,5926.6,99176,63135,130.8,171,577105,5701443.6,5474680.3,8.23,5.85,5.69,6.03,112.64,0.9643,6338.740234,24.11,0.36176015200000006
2000-04-30,54.7,10,100.2382,102.811,95.4808,13156.937,834242,305,1157552,3.8,131888,41.6,13.89,1570.52774,9409.7,5813.7,99242,63814,130.7,170.9,578588,5760799.3,5533470.2,8.13,6.02,5.66,6.23,113.14,0.947,6975.069824,26.20,
2000-05-31,53.2,13.9,100.0048,102.7842,95.6435,13141.682,829024,305,1163974,4,132105,41.2,13.94,1583.50792,9446.4,5760.0,99651,63632,131.6,171.2,580556,5837626.7,5619244.5,8.62,6.27,5.79,6.29,116.02,0.906,6878.950195,23.65,
2000-06-30,51.4,2.6,99.7852,102.6795,95.7353,13183.062,839338,306,1174263,4,132061,41.3,13.99,1609.54804,9469.6,5839.8,103019,65997,133.8,172.2,581960,5871470.4,5638946.6,8.22,6.53,5.69,6.03,114.74,0.9492,6888.359863,19.54,1.8311646719999999
2000-07-31,52.5,4.7,99.63353,102.6441,95.5906,13094.755,833896,303,1175374,4,132236,41.5,14.02,1629.75144,9516.6,5832.1,103349,65711,133.7,172.7,584222,5905692.2,5679072.3,8.13,6.54,5.96,6.04,114.83,0.9397,6874.930176,20.74,
2000-08-31,49.9,17.1,99.41904,102.6071,95.3112,13204.246,829271,302,1183268,4.1,132230,41,14.06,1651.6154,9568.5,5883.8,103665,67763,132.9,172.7,583423,5934287,5714373.4,7.99,6.5,6.09,5.73,115.65,0.9041,6851.350098,16.84,
2000-09-30,49.7,5.5,99.22414,102.5544,95.679,13235.171,845436,300,1183463,3.9,132353,41.1,14.12,1669.00081,9569.8,5869.1,106396,67562,134.7,173.6,583752,5973141.8,5736771,7.88,6.52,6,5.80,117.04,0.8721,7164.549805,20.57,0.133555285
2000-10-31,48.7,1.8,98.97704,102.439,95.397,13262.523,838446,301,1189920,3.9,132351,41.1,14.17,1684.59932,9582.9,5867.6,106056,66845,135.4,173.9,585252,5990928.9,5730583.4,7.68,6.51,6.11,5.77,118.99,0.8552,7046.02002,23.63,
2000-11-30,48.5,7.1,98.60194,102.1717,95.4229,13263.197,834423,305,1197038,3.9,132556,41.1,14.23,1700.94454,9579,5969.5,103993,66691,135,174.2,590277,5990957.1,5716598.1,7.73,6.51,6.17,5.48,119.66,0.8564,7026.240234,29.65,
2000-12-31,43.9,-7.8,98.0424,101.6107,95.1573,13255.307,841752,298,1195894,3.9,132709,40.4,14.28,1716.96972,9595.3,5984.4,103673,65816,136.2,174.6,598305,6067300.2,5808015.7,7.13,6.4,5.77,5.12,118.18,0.8973,6677.209961,26.85,0.622889589
2001-01-31,42.3,-36.6,97.59172,101.0548,94.5448,13247.683,834365,296,1197945,4.2,132698,40.6,14.29,1729.85168,9651.9,6065.5,105470,65869,140,175.6,598666,6150116.6,5876533.9,7.15,5.98,5.15,5.19,118.88,0.9383,6785.689941,22.02,
2001-02-28,42.1,-29.4,97.42321,100.6485,93.9398,13227.3,836825,296,1191600,4.2,132789,40.5,14.36,1748.70202,9668.6,6112.7,100350,66114,137.4,176,595873,6137724.6,5869976.8,7.12,5.49,4.88,4.92,119.97,0.9217,7048.129883,28.35,
2001-03-31,43.1,-20.5,97.48158,100.4732,93.7201,13193.074,823781,292,1186068,4.3,132747,40.5,14.42,1760.54184,9697.2,6145.7,101853,64350,135.9,176.1,599106,6187962,5918800.7,6.91,5.31,4.42,4.93,121.98,0.9095,6610.169922,28.64,-0.285177655
2001-04-30,42.7,-10.7,97.58432,100.438,93.4469,13295.644,818875,294,1184434,4.4,132463,40.4,14.45,1773.09833,9670.8,5969.7,98164,62805,136.4,176.4,601727,6229731.6,5949048.6,7.12,4.8,3.87,5.35,122.62,0.892,6230.990234,25.48,
2001-05-31,41.3,-11.8,97.69891,100.5686,92.876,13351.517,827229,295,1182109,4.3,132410,40.4,14.5,1781.17746,9648.1,5964.8,95150,63772,136.8,177.3,605919,6219697.5,5947000.2,7.2,4.21,3.62,5.43,122.2,0.8742,6778.180176,22.64,
2001-06-30,43.2,-7,97.95201,100.6526,92.3208,13252.886,815240,301,1173176,4.5,132299,40.3,14.54,1792.36809,9648.3,6030.7,94978,61102,135.5,177.7,609096,6207647.9,5934019.5,7.11,3.97,3.49,5.42,123.09,0.8532,6796.899902,19.06,0.58455579
2001-07-31,43.5,-12.6,98.24629,100.5612,91.7933,13209.765,812016,305,1165045,4.6,132177,40.6,14.55,1797.35057,9790.6,6089.1,93680,59298,133.4,177.4,615984,6223868.6,5954624.6,7.03,3.77,3.51,5.07,123.44,0.8607,6632.580078,21.62,
2001-08-31,46.3,-18.1,98.4549,100.2407,91.6795,13357.953,817526,308,1163600,4.9,132028,40.3,14.59,1806.35904,9958.9,6159.6,92569,59648,133.4,177.4,622427,6252346.3,5976247.2,6.92,3.65,3.36,4.85,121.01,0.9005,6525.580078,24.92,
2001-09-30,46.2,-8.2,98.30611,99.77901,91.3289,13166.633,803309,310,1157242,5,131771,40.2,14.63,1814.25238,9886.1,6251.2,90957,56375,133.3,178.1,647223,6473735,6190161.5,6.72,3.07,2.64,4.60,121.43,0.9111,6233.740234,31.93,-0.415038093
2001-10-31,40.8,-23.6,97.98022,99.61253,90.9315,13269.683,815803,308,1139077,5.3,131454,40.1,14.66,1829.84026,9732.3,6349.5,91322,56987,130.3,177.6,635154,6387049.2,6079866.8,6.64,2.49,2.16,4.30,121.73,0.9059,5731.490234,33.56,
2001-11-30,44.1,-17.7,98.12402,99.76955,90.486,13189.631,808360,308,1126312,5.5,131142,40.1,14.71,1857.84279,9754.3,6290.3,89979,56711,129.8,177.5,639465,6405313.4,6096428.6,7.02,2.09,1.87,4.78,122.77,0.8883,5878.569824,23.84,
2001-12-31,45.3,-11,98.56587,100.1495,90.5073,13383.541,805951,308,1118552,5.7,130982,40.2,14.75,1867.85287,9774.4,6292.8,86527,56069,128.1,177.4,650775,6393343.8,6097549.3,7.16,1.82,1.69,5.07,122.51,0.8924,6082.959961,23.80,0.272371373
2002-01-31,47.5,10.5,99.17865,100.517,91.0794,13429.781,805181,310,1117388,5.7,130852,40.1,14.76,1867.41869,9968.3,6289.0,89443,55939,128.5,177.7,653760,6382770.2,6088178.9,6.96,1.73,1.65,5.07,124.27,0.8833,6244.209961,21.09,
2002-02-28,50.7,11.1,99.8183,100.7371,91.0553,13348.078,808150,313,1111859,5.7,130736,40.3,14.78,1881.90537,9976.4,6370.5,91539,55717,128.4,178,654639,6378837.7,6087813.1,6.81,1.74,1.72,4.88,125.05,0.87,6087.930176,21.59,
2002-03-31,52.4,12.2,100.248,100.9361,91.798,13413.496,808563,316,1108193,5.7,130717,40.5,14.82,1894.69033,9975.9,6267.2,91447,55925,129.8,178.5,658956,6348771.4,6062732.2,7.18,1.73,1.79,5.42,124.35,0.8758,6224.02002,17.40,0.8745142159999999
2002-04-30,52.4,12.6,100.4158,100.9922,92.1771,13461.078,822418,324,1106806,5.9,130623,40.6,14.84,1903.95799,10011.3,6318.4,95972,57958,130.8,179.3,663401,6378218.1,6083331.1,6.88,1.75,1.71,5.11,123.92,0.8858,6327.109863,21.91,
2002-05-31,53.1,10.1,100.4277,100.9645,92.5668,13459.111,822178,327,1110725,5.8,130634,40.6,14.88,1914.61399,10044.8,6350.8,96395,58182,130.8,179.5,668606,6396140.7,6106562.7,6.76,1.75,1.73,5.08,121.5,0.917,6136.459961,19.98,
2002-06-30,53.6,20.4,100.2459,100.698,93.4476,13514.592,825351,328,1112674,5.8,130684,40.7,14.94,1927.18098,10067,6504.6,97848,58772,130.9,179.6,673966,6431103.4,6129245.8,6.55,1.75,1.7,4.86,119.34,0.9554,5901.830078,25.40,0.605732536
2002-07-31,50.2,5.9,99.85531,100.3413,93.2237,13585.951,825966,333,1119258,5.8,130590,40.4,14.98,1939.2114,10035,6601.3,97197,59129,131.2,180,679310,6474476.3,6187324.8,6.34,1.73,1.68,4.51,117.02,0.9922,5535.240234,32.03,
2002-08-31,50.3,-1.3,99.57979,100.0473,93.2359,13503.693,835091,334,1120777,5.7,130587,40.5,15.02,1947.50009,10028.9,6725.1,99721,59173,131.5,180.5,679765,6591043.6,6297168.6,6.22,1.74,1.62,4.14,118.5,0.9778,5067.879883,32.64,
2002-09-30,50.5,4.4,99.44377,99.79008,93.3654,13524.665,831076,333,1128958,5.7,130501,40.5,15.06,1950.65139,10032.9,6834.9,99364,58639,132.3,180.8,680397,6661609.9,6352104,5.99,1.75,1.63,3.63,119.19,0.9808,5036.589844,39.69,0.44457133299999996
2002-10-31,49,-7.6,99.38048,99.59592,93.0834,13505.703,830434,335,1130630,5.7,130628,40.3,15.12,1957.1513,10060.6,6819.7,96860,58066,133.2,181.2,681855,6754349.5,6425972.1,6.31,1.75,1.58,3.93,119.94,0.9811,4873.75,31.14,
2002-11-30,48.5,7.4,99.45749,99.61191,93.5693,13544.344,836972,338,1132381,5.9,130615,40.4,15.15,1965.17913,10090.6,6818.4,102120,58815,133.1,181.5,688494,6842325.2,6518735.6,6.13,1.34,1.23,4.22,118.45,1.0014,5079.72998,27.50,
2002-12-31,51.6,7.2,99.64914,99.60921,93.1103,13626.949,830107,339,1139523,6,130472,40.5,15.2,1972.11221,10124.3,6975.8,103460,56789,132.9,181.8,699216,6934819.4,6606393.7,5.93,1.24,1.19,3.83,117.32,1.0183,5229.660156,28.62,0.15482263599999999
2003-01-31,51.3,5.5,99.58056,99.41933,93.8198,13609.607,841529,341,1139589,5.8,130580,40.3,15.22,1982.56131,10124.6,6941.9,102284,58068,135.3,182.6,699262,6912729.2,6598767.7,5.9,1.24,1.17,4.00,115.69,1.0622,5146,31.17,
2003-02-28,48.8,-1.6,99.20858,99.2509,93.9532,13675.558,841323,341,1148176,5.9,130444,40.3,15.29,1993.40569,10098.2,7040.2,101719,58846,137.6,183.6,700958,6998808,6669656.7,5.79,1.26,1.17,3.71,116.08,1.0773,4868.680176,29.63,
2003-03-31,46.3,-3.9,98.82318,99.33938,93.7358,13617.793,850659,338,1149009,5.9,130232,40.4,15.27,2001.20815,10124,7011.9,105340,59077,141.2,183.9,705269,7042314.7,6714554.7,5.91,1.25,1.13,3.83,115.73,1.0807,4716.080078,29.15,0.554766741
2003-04-30,46.1,-6.6,98.77068,99.80125,93.0657,13689.886,835469,340,1150317,6,130177,40.1,15.28,2014.09978,10176.9,7009.3,103175,58573,136.8,183.2,709552,7069480.5,6720734.1,5.79,1.26,1.13,3.89,114.83,1.0848,4730.209961,21.21,
2003-05-31,49,-0.6,99.05596,100.2566,93.0918,13696.182,837930,343,1145246,6.1,130196,40.2,15.33,2027.50251,10254.7,7218.7,102613,58314,136.7,182.9,713711,7196968.5,6835457.1,5.31,1.26,1.07,3.37,109.83,1.1582,5131.560059,19.47,
2003-06-30,49,3.7,99.41744,100.4228,93.2476,13869.163,848248,343,1142115,6.3,130194,40.3,15.36,2033.26841,10285,7290.0,103398,60582,138,183.1,714979,7280731.5,6911968.4,5.24,1.22,0.92,3.54,109.7,1.1663,5435.379883,19.52,0.860259818
2003-07-31,51,7.7,99.82481,100.4252,93.6582,13907.109,856894,342,1139701,6.2,130191,40.1,15.4,2040.06439,10408.7,7163.8,105082,60696,137.7,183.7,717614,7306714,6949985.5,5.94,1.01,0.9,4.49,111.2,1.1372,5501.379883,19.49,
2003-08-31,53.2,20.3,100.2294,100.33,93.5246,13984.627,859181,346,1132993,6.1,130149,40.2,15.42,2049.12434,10476.8,7198.9,101990,59170,138,184.5,720922,7312475.8,6956028.1,6.32,1.03,0.95,4.45,113,1.1139,5558.990234,18.63,
2003-09-30,52.4,21,100.5597,100.2923,94.0751,14064.144,865241,350,1136935,6.1,130254,40.5,15.41,2057.09079,10350.6,7302.6,105721,61041,138.5,185.1,721062,7275081.6,6910441.3,5.98,1.01,0.94,3.96,111.63,1.1222,5660.160156,22.72,1.69820943
2003-10-31,55.2,28.1,101.0326,100.4501,94.2079,14079.732,868785,361,1143104,6,130454,40.6,15.42,2065.4951,10390.5,7309.9,107040,62203,139.3,184.9,724756,7256775.7,6887433.6,5.94,1.01,0.92,4.33,108.61,1.1692,5644.02002,16.10,
2003-11-30,58.4,26.9,101.5766,100.7612,94.9338,14159.287,874171,366,1145108,5.8,130474,40.9,15.47,2066.40009,10456.5,7345.3,107742,64665,138.9,185,730637,7278249.4,6909717.8,5.89,1,0.93,4.34,107.9,1.1702,5959.009766,16.32,
2003-12-31,60.1,26.5,101.9863,101.0839,94.8662,14198.494,876257,370,1147795,5.7,130588,40.7,15.47,2077.36069,10470.9,7444.8,111017,63536,139.5,185.5,739408,7315181,6929903.4,5.85,0.98,0.9,4.27,105.75,1.2286,6073,18.31,1.148167049
2004-01-31,60.8,36.1,102.1384,101.3813,95.1085,14113.587,878019,374,1148368,5.7,130769,40.9,15.51,2088.24304,10460.9,7480.2,110890,62693,141.4,186.3,736438,7402443.8,7023097.8,5.68,1,0.88,4.16,104.05,1.2613,6464,16.63,
2004-02-29,59.9,28,102.1412,101.2603,95.6847,14234.447,887806,372,1158745,5.6,130825,41,15.53,2095.34036,10479.2,7604.1,113977,65852.5,142.1,186.7,735287,7520911.4,7130084.6,5.58,1.01,0.93,3.99,104.82,1.2646,6551.629883,14.55,
2004-03-31,60.6,29.6,102.1385,101.0817,95.2088,14315.923,911253,381,1168100,5.8,131142,40.9,15.56,2109.72032,10522.1,7656.9,118678,67871,143.1,187.1,736780,7551551.1,7161571,5.4,1,0.94,3.86,106.5,1.2262,6692.370117,16.74,0.533747312
2004-04-30,60.6,32.2,102.1497,100.8995,95.6385,14269.483,906616,383,1176070,5.6,131411,40.7,15.59,2112.71615,10566.1,7479.0,118542,67069.9,144.8,187.4,741207,7639511,7203549.2,6.01,1,0.94,4.53,107.63,1.1985,6599.060059,17.19,
2004-05-31,61.4,29.1,102.0946,100.8161,96.3966,14405.35,916039,383,1183161,5.6,131694,41.1,15.63,2120.83915,10623.7,7517.6,120671,68677.4,146.8,188.2,745039,7665027,7235354.1,6.32,1,1.02,4.66,109.87,1.2007,6439.419922,15.50,
2004-06-30,60.5,30.6,101.9396,100.9629,95.6019,14314.334,915029,383,1195398,5.6,131793,40.8,15.67,2127.98941,10632.7,7599.1,124355,66378.4,147.2,188.9,750697,7742278,7332703.1,6.25,1.03,1.27,4.62,108.69,1.2138,6484.72998,14.34,0.762076364
2004-07-31,59.9,34.7,101.7298,101.0815,96.3385,14435.015,918548,400,1207045,5.5,131848,40.8,15.69,2137.09298,10654.4,7655.7,122979,67645.8,147.4,189.1,757304,7846400.4,7432675.4,6.08,1.26,1.33,4.50,107.65,1.2266,6602.919922,15.32,
2004-08-31,58.5,25.1,101.4308,101.0552,96.4095,14472.344,928981,405,1217193,5.4,131937,40.8,15.73,2143.43512,10685.4,7769.7,124224,68131.7,148,189.2,757181,7876463.6,7444140.6,5.82,1.43,1.48,4.13,107.8,1.2176,6403.149902,15.29,
2004-09-30,57.4,19.7,101.1388,100.9287,96.4907,14488.218,935978,410,1217197,5.4,132093,40.7,15.78,2160.1483,10690.7,7788.2,124400,69592.3,147.7,189.8,762233,7959265.1,7497431.8,5.72,1.61,1.65,4.14,107.23,1.2218,6454.200195,13.34,0.9453280479999999
2004-10-31,56.3,26.8,100.9542,100.8337,97.4094,14585.094,949671,413,1225082,5.5,132447,40.6,15.81,2176.71934,10697.8,7862.0,128810,70167.6,150,190.8,763876,7972247.2,7492894.2,5.64,1.76,1.76,4.05,105.49,1.249,6570.390137,16.27,
2004-11-30,56.2,19.2,100.9159,100.902,97.6137,14593.366,956327,418,1238758,5.4,132503,40.5,15.84,2183.74635,10670.2,7870.9,131867,69283.5,151.4,191.7,770493,8009371.1,7538331.7,5.72,1.93,2.07,4.36,101.96,1.2991,6692.709961,13.24,
2004-12-31,57.2,25.5,100.9174,101.0466,98.3318,14651.791,967456,422,1241744,5.4,132624,40.6,15.86,2192.24617,11066.6,7976.2,130310,71511.4,150.2,191.7,776279,8039682.1,7548372,5.81,2.16,2.19,4.24,100.22,1.3408,7005.720215,13.29,1.0016741120000001
2005-01-31,56.8,13.3,100.767,101.0309,98.7845,14780.625,973388,441,1252326,5.3,132774,40.7,15.9,2196.77763,10669.3,8023.2,132065,71669,150.9,191.6,775222,8096623,7607818,5.66,2.28,2.33,4.14,101.54,1.3119,7250.060059,12.82,
2005-02-28,55.5,21.3,100.5673,100.8652,99.4639,14752.884,978260,446,1261207,5.4,133032,40.6,15.93,2211.55871,10673.7,8043.2,134921,72184.8,151.6,192.4,772882,8174688.5,7661634.3,5.69,2.5,2.54,4.36,102.24,1.3014,7089.950195,12.08,
2005-03-31,55.2,15.1,100.3506,100.6208,99.3061,14781.934,978707,445,1269321,5.2,133156,40.4,15.97,2220.19919,10711.7,8075.7,130902,72793.3,153.7,193.1,773481,8269199.9,7747320.4,6.04,2.63,2.74,4.50,101.53,1.3201,7321.22998,14.02,1.1069635359999999
2005-04-30,52.2,25.3,100.1219,100.4202,99.4734,14806.116,993974,445,1274973,5.2,133518,40.4,16,2232.53538,10745.8,8135.8,137129,75490.2,155,193.7,775537,8301556.8,7766107.3,5.78,2.79,2.78,4.21,103.26,1.2938,7167.549805,15.31,
2005-05-31,50.8,9.3,100.0088,100.4926,99.6033,14781.224,987493,450,1276171,5.1,133690,40.4,16.04,2232.67152,10794.9,8194.0,135665,75073.9,154.3,193.6,776356,8380620.6,7836383.8,5.65,3,2.84,4.00,103.77,1.2694,7008.370117,13.29,
2005-06-30,52.4,-1.3,100.1546,100.7589,99.9853,14932.505,999090,455,1276129,5,133942,40.4,16.08,2247.83343,10818.5,8268.7,137614,74950.1,154.3,193.7,780669,8427532.9,7878421.7,5.53,3.04,2.97,3.94,105.18,1.2165,7134.319824,12.04,0.46156131200000006
2005-07-31,52.8,8,100.3837,100.6594,99.6692,14954.399,1004208,464,1270367,5,134296,40.5,16.15,2257.23094,10821.3,8214.7,137423,74688.4,156.3,194.9,782860,8474221.6,7939440,5.77,3.26,3.22,4.28,106.26,1.2037,7217.839844,11.57,
2005-08-31,52.4,11.3,100.5481,100.0298,99.9435,14998.415,1014544,476,1274946,4.9,134498,40.5,16.17,2267.04488,10835.1,8324.7,139189,76214.7,157.6,196.1,782727,8571012.6,8031292.2,5.77,3.5,3.44,4.02,105.08,1.2292,7476.660156,12.60,
2005-09-30,56.8,7.1,100.8351,99.26453,98.0779,14963.88,1027244,487,1282479,5,134566,40.7,16.19,2271.63328,10798.2,8244.1,143958,74227.5,162.2,198.8,787943,8632428.1,8074209.3,5.91,3.62,3.42,4.34,105.72,1.2256,7496.109863,11.92,0.8913338479999999
2005-10-31,57.2,4.8,100.9546,99.01617,99.3149,14986.546,1034863,490,1291038,5,134655,41,16.28,2276.84314,10877.4,8268.7,148676,76236.2,166.2,199.1,787216,8671435.8,8114087.6,6.15,3.78,3.71,4.57,107.47,1.2015,7632.97998,15.32,
2005-11-30,56.7,10.3,100.8582,99.42775,100.3216,15025.697,1035239,502,1300841,5,134993,40.9,16.3,2283.66127,10967.8,8332.3,146650,77744.5,163.7,198.1,793472,8692777.5,8138169.2,6.28,4,3.88,4.49,107.83,1.1786,7433.049805,12.06,
2005-12-31,55.1,12.9,100.6427,100.0419,100.9437,15188,1046828,511,1314317,4.9,135149,40.8,16.35,2290.92813,11025.5,8449.7,149264,79809.2,163,198.1,803124,8779401.7,8201260.1,6.22,4.16,3.89,4.39,106.3,1.1856,7645.470215,12.07,0.631463125
2006-01-31,55,5.4,100.4672,100.319,101.0627,15233.999,1058543,523,1322945,4.7,135429,41,16.42,2367.47108,11136.9,8445.1,152919,80555,164.3,199.3,804172,8845717.5,8263387.5,6.12,4.29,4.24,4.53,105.27,1.2103,7753.970215,12.95,
2006-02-28,55.8,15.3,100.3881,100.2672,101.0669,15221.431,1056372,539,1327081,4.8,135737,41.1,16.48,2374.97732,11176.2,8504.4,148596,81535,161.8,199.4,804855,8915884.7,8331365.3,6.26,4.49,4.43,4.55,105.94,1.1938,8106.450195,12.34,
2006-03-31,54.3,14.7,100.356,100.1273,101.2751,15345.976,1060723,552,1340143,4.7,136047,41.1,16.54,2385.80789,11196.7,8515.2,150759,83299,162.2,199.7,810146,8976465.1,8380312.8,6.35,4.59,4.51,4.86,106.52,1.202,8060.450195,11.39,1.330287125
2006-04-30,55.2,14.2,100.3391,99.8595,101.6813,15259.19,1059698,565,1348626,4.7,136205,41.3,16.63,2397.6806,11191.2,8463.4,151278,83188,164.3,200.7,809191,9104902.8,8500275.6,6.58,4.79,4.6,5.07,106.13,1.2271,8233.230469,11.59,
2006-05-31,53.7,13.7,100.199,99.55934,101.579,15334.887,1073652,565,1363396,4.6,136244,41.2,16.65,2407.16145,11186.4,8440.3,154996,84593,165.8,201.3,812561,9227757.6,8608915.4,6.62,4.94,4.72,5.12,103.28,1.277,8471.429688,16.44,
2006-06-30,52,11.7,100.0657,99.53723,101.9693,15314.429,1076046,566,1375676,4.6,136325,41.2,16.72,2395.81318,11213.7,8497.3,155279,86432,166.1,201.8,812366,9243661.2,8636806.4,6.78,4.99,4.79,5.15,104.99,1.265,8189.109863,13.08,0.23369974
2006-07-31,53,4,100.0074,99.57572,101.9319,15265.421,1071367,572,1380716,4.7,136520,41.4,16.77,2403.09925,11204.6,8570.7,156232,84328,166.8,202.9,811505,9291226.6,8693730.5,6.72,5.24,4.95,4.99,104.99,1.2684,8169.069824,14.95,
2006-08-31,53.7,12.5,99.91815,99.68031,102.3327,15326.07,1084110,566,1391474,4.7,136694,41.2,16.82,2415.73203,11201.3,8700.3,159838,86715,167.9,203.8,809714,9330678.7,8732704.3,6.44,5.25,4.96,4.74,104.18,1.2811,8242.230469,12.31,
2006-09-30,52.2,-0.8,99.73254,100.0159,102.1252,15388.129,1067961,559,1396584,4.5,136843,41.1,16.87,2426.81323,11272.5,8721.6,157913,87510,165.4,202.8,810401,9380166.3,8740450.1,6.31,5.25,4.81,4.64,104.08,1.2727,8388.679688,11.98,0.154632792
2006-10-31,51.4,2.3,99.53733,100.4628,102.0668,15391.263,1063883,554,1401478,4.4,136852,41.2,16.93,2429.39986,11330.4,8800.6,153411,88264,162.2,201.9,809839,9586999.9,8910272.6,6.4,5.25,4.92,4.61,104.21,1.2611,8469.669922,11.10,
2006-11-30,50.3,4.5,99.39907,100.7087,101.9688,15499.991,1070361,543,1407567,4.5,137063,41,16.97,2440.74907,11374.4,8892.6,154406,89566,164.6,202,816786,9635069.3,8967385.7,6.14,5.25,4.94,4.46,103.02,1.2881,8774.980469,10.91,
2006-12-31,51.4,-1.8,99.38039,100.8316,103.0292,15480.069,1096569,536,1408790,4.4,137249,41.1,17.04,2456.7157,11418.1,8868.2,158312,89984,165.6,203.1,826731,9764764.6,9059430,6.18,5.24,4.85,4.71,101.97,1.3213,8969,11.56,0.85186523
2007-01-31,49.5,7.5,99.36495,100.8656,102.4933,15460.765,1081805,538,1412746,4.6,137477,41,17.09,2457.94558,11428.8,8871.6,156000,90847,164,203.437,822978,9833402.8,9110347.3,6.25,5.25,4.98,4.83,104.15,1.2999,9137.959961,10.42,
2007-02-28,51.9,3.5,99.47892,100.6282,103.5264,15564.445,1095439,544,1419159,4.5,137558,40.9,17.15,2470.04992,11472.4,9014.5,155097,88931,166.8,204.226,820044,9887518.4,9176215.9,6.22,5.26,5.03,4.56,104.23,1.3074,9254.839844,15.42,
2007-03-31,50.7,2.8,99.61414,100.3389,103.7521,15455.232,1108095,545,1420908,4.4,137793,41.3,17.22,2484.43318,11512,9064.0,161806,92877,169.3,205.288,820914,9857577.7,9157957.4,6.16,5.26,4.94,4.65,104.04,1.3242,9124.540039,14.64,0.23549310699999998
2007-04-30,52.6,2.9,99.80639,100.1537,104.4814,15582.805,1115282,548,1428267,4.5,137842,41.3,17.27,2493.72977,11511.1,9066.0,159655,92573,171.4,205.904,822978,9945369.3,9251294.6,6.16,5.25,4.87,4.63,102.78,1.3516,9261.839844,14.22,
2007-05-31,52.5,3.7,99.92117,100.0895,104.5322,15575.691,1128303,545,1438393,4.4,137993,41.2,17.33,2510.01606,11504.1,8966.1,161050,94330,173.3,206.755,825698,9995716.7,9286959.1,6.42,5.25,4.73,4.90,102.47,1.3511,9627.730469,13.05,
2007-06-30,52.6,17.3,99.93134,100.0462,104.5617,15588.038,1125577,542,1445490,4.6,138069,41.4,17.42,2519.12104,11486.2,8977.0,163137,95344,173.8,207.234,827158,10062641.2,9378610.9,6.67,5.25,4.61,5.03,102.47,1.3419,9978.740234,16.23,0.5728724000000001
2007-07-31,52.4,6.8,99.80231,100.0216,104.5227,15531.417,1124305,537,1446655,4.7,138038,41.3,17.46,2533.66767,11495.9,9124.9,163679,95773,175.1,207.603,828938,10160132.5,9472613.2,6.69,5.26,4.82,4.78,100.99,1.3716,9873.019531,23.52,
2007-08-31,50.9,-0.5,99.61608,99.77774,104.7556,15720.267,1131661,533,1452556,4.6,138015,41.3,17.5,2552.76707,11504.3,9259.5,163444,97552,172.4,207.667,829602,10311270,9619061.4,6.45,5.02,4.2,4.54,100.99,1.3622,9554.5,23.38,
2007-09-30,51,7.5,99.45425,99.50626,105.1611,15748.742,1138415,527,1460799,4.7,138095,41.3,17.56,2566.99536,11531.8,9279.9,164883,98065,173.5,208.547,827418,10473041.1,9729780.1,6.42,4.94,3.89,4.59,99.35,1.3896,9597.009766,18.00,0.543271327
2007-10-31,51.1,7.8,99.33804,99.19285,104.7171,15731.567,1151977,514,1466424,4.7,138174,41.2,17.58,2582.32603,11513.6,9384.7,166868,99509,174.7,209.19,829039,10602940.7,9846531.2,6.33,4.76,3.9,4.48,96.92,1.4227,10039.299805,18.53,
2007-11-30,50.5,6.6,99.23355,98.8887,105.3338,15758.237,1173883,503,1476563,4.7,138284,41.3,17.63,2597.6493,11500.1,9644.8,171602,100798,179,210.834,834315,10765625.3,10009806.2,6.1,4.49,3.27,3.97,95.38,1.4684,10311.549805,22.87,
2007-12-31,49,-5.4,99.14562,98.70975,105.3457,15796.303,1163811,497,1487939,5,138392,41.1,17.69,2609.47653,11541.8,9702.1,169741,101598,178.6,211.445,837192,10831795.4,10048716.2,6.17,4.24,3,4.04,96.54,1.457,9856.80957,22.50,0.607841913
2008-01-31,50.3,-18.3,99.1328,98.53775,105.0619,15820.622,1181107,487,1501621,5,138403,41.1,17.73,2619.42765,11553.4,9883.8,175412,104441,181,212.174,830632,10948674.6,10117813.2,5.68,3.94,2.75,3.67,96.62,1.4718,9740.30957,26.20,
2008-02-29,47.6,-20.2,99.03725,98.12379,104.7094,15591.665,1176453,477,1507881,4.9,138324,41.2,17.8,2634.49642,11551.4,10039.7,179496,107512,182.7,212.687,829527,10989987.8,10181148.5,6.24,2.98,2.12,3.53,95.84,1.4748,9126.169922,26.54,
2008-03-31,48.3,-14.9,99.01225,97.62471,104.4616,15602.152,1175649,470,1507013,5.1,138275,41.3,17.88,2645.60364,11546.6,10128.0,175126,105976,187.9,213.448,832999,11116380.6,10321084.9,5.85,2.61,1.26,3.45,93.65,1.5527,8962.459961,25.61,-0.574699846
2008-04-30,48.8,-21.3,99.08071,97.06214,103.6704,15657.661,1195805,458,1513936,5,138035,41.1,17.92,2654.24323,11500.4,9932.8,182776,110383,190.9,213.942,830234,11058094.8,10270549.4,6.03,2.28,1.29,3.77,93.58,1.5751,8797.160156,20.79,
2008-05-31,48.8,-16.1,99.22733,96.65824,103.0863,15693.823,1206745,451,1517253,5.4,137858,41,17.98,2660.19315,12051.5,9824.8,183767,110828,196.6,215.208,834675,11015784.3,10217078,6.08,1.98,1.73,4.06,94.31,1.5557,9299.599609,17.83,
2008-06-30,49.8,-16.8,99.3301,96.53122,102.8445,15905.122,1222562,435,1526009,5.6,137687,41,18.03,2662.40952,11732.6,9969.0,186963,115784,200.5,217.463,840175,10992636,10232888,6.45,2,1.86,3.99,95.19,1.5553,9401.099609,23.95,0.516387099
2008-07-31,50,-16.2,99.23746,96.74751,102.3002,15773.306,1217385,419,1536649,5.8,137491,40.9,18.1,2665.32126,11548,10045.5,194334,118309,205.5,219.016,847018,11000728.2,10234892.7,6.52,2.01,1.63,3.99,94.69,1.577,8660.290039,22.94,
2008-08-31,49.2,-17.6,98.79971,97.02154,100.7353,15699.432,1194331,409,1537602,6.1,137213,40.9,18.18,2662.23778,11482.1,10134.7,186261,116219,199,218.69,847628,10987450.5,10240900.2,6.4,2,1.72,3.83,97.29,1.4975,8438.709961,20.65,
2008-09-30,44.8,2.1,97.91701,97.10252,96.3666,15528.401,1165038,395,1528271,6.1,136753,40.5,18.2,2657.38913,11514,10475.3,175833,107172,196.9,218.877,909687,11284242.5,10507605.6,6.09,1.81,1.13,3.85,99.75,1.4369,8382.769531,39.39,-0.541355591
2008-10-31,38.9,-37.8,96.95462,96.72668,97.2832,15404.496,1113845,381,1514987,6.5,136272,40.5,18.25,2660.7295,11576.5,10904.6,174067,105006,186.4,216.995,1136412,11946897.4,11144853.6,6.46,0.97,0.67,4.01,107.15,1.3322,7532.799805,59.89,
2008-11-30,36.5,-40.9,96.19379,96.45341,96.0605,15427.989,1036352,371,1496483,6.8,135545,40.1,18.31,2651.48139,11664,11285.2,150372,97819,176.8,213.153,1442251,12133269.6,11351637.9,5.97,0.39,0.19,2.93,108.78,1.2732,6061.089844,55.28,
2008-12-31,33.1,-37.6,95.76488,96.44547,93.2521,15151.595,997274,353,1466005,7.3,134839,39.8,18.38,2643.78896,11605.4,11565.9,139234,87992,170.9,211.398,1666365,12351328.8,11523458.7,5.1,0.16,0.03,2.25,106.26,1.3449,5599.290039,40.00,-2.163811244
2009-01-31,34.9,-31.1,95.80416,96.45314,91.0373,15195.584,979519,341,1448031,7.8,134055,39.7,18.4,2647.02886,11646.5,11307.6,129116,82415,171.2,211.933,1712014,12249414.5,11398900.1,5.1,0.15,0.13,2.87,107.98,1.3239,5755.759766,44.84,
2009-02-28,35.5,-39.3,96.03244,96.42542,90.4502,15149.778,983524,326,1426186,8.3,133312,39.6,18.44,2638.53274,11526.3,11484.8,121807,84903,169.3,212.705,1561699,12021992.3,11159882.7,5.07,0.22,0.3,3.02,111.57,1.2785,5195.790039,46.35,
2009-03-31,36,-34.7,96.43181,96.64044,89.016,15122.794,956032,311,1405422,8.7,132512,39.3,18.5,2622.82785,11522.9,11877.4,121885,83500,168.1,212.495,1647305,12053582.5,11188463.6,4.85,0.18,0.21,2.71,112.21,1.305,4617.029785,44.14,-1.1226950470000001
2009-04-30,39.5,-25.2,97.03969,97.11763,88.3056,15122.716,954080,300,1387422,9,131817,39.5,18.52,2615.97301,11626.3,11817.0,120572,81088,169.1,212.709,1753246,12041720.6,11184936.4,4.78,0.15,0.16,3.16,108.77,1.319,4978.959961,36.50,
2009-05-31,41.7,-22.4,97.70611,97.52823,87.4155,15139.141,961418,291,1371061,9.4,131475,39.3,18.53,2610.01078,11818.8,11822.8,118736,83369,170.8,213.022,1775104,12078983.6,11215158.8,4.91,0.18,0.18,3.47,104.79,1.365,5513.359863,28.92,
2009-06-30,45.8,0.2,98.38078,97.69822,87.0742,15140.747,977602,280,1353743,9.5,131008,39.6,18.56,2591.47541,11623.6,12003.0,122156,85737,174.1,214.79,1683704,11947337.2,11112847.5,5.42,0.21,0.18,3.53,104.02,1.4016,6004.069824,26.35,-0.143989749
2009-07-31,49.9,-6.6,99.07314,97.65007,88.0323,15124.96,983683,270,1338867,9.5,130668,39.9,18.59,2590.85498,11569.8,12128.6,129912,87833,172.5,214.726,1673598,11772077.9,10910610.8,5.25,0.16,0.18,3.52,103.63,1.4088,5905.160156,25.92,
2009-08-31,53.5,8.8,99.64751,97.69659,89.019,15220.624,997710,261,1320339,9.6,130485,40,18.67,2582.12601,11540.3,12306.6,128770,87767,175,215.445,1710773,11708062.2,10856078.6,5.14,0.16,0.17,3.40,101.77,1.4268,6424.279785,26.01,
2009-09-30,54.4,15.1,99.981,97.88596,89.6926,15222.42,999013,252,1315329,9.8,130244,40,18.7,2576.59439,11561.9,12455.3,136267,91673,174.1,215.861,1801165,11695427.9,10814788.2,5.04,0.15,0.12,3.31,100.86,1.4562,6643.240234,25.61,0.364111101
2009-10-31,56,12.7,100.2169,97.91753,89.9797,15429.155,1010232,243,1323157,10,130045,40.2,18.74,2563.42273,11512.2,12433.4,139309,94829,175.2,216.509,1936314,11753140.9,10814192,5.03,0.12,0.07,3.41,99.13,1.4816,6910.870117,30.69,
2009-11-30,54.4,15.4,100.3417,97.93247,90.3375,15364.169,1028836,237,1332443,9.9,130057,40.5,18.8,2551.56929,11543.9,12748.4,143475,94635,177.4,217.234,2024608,11772252.9,10831293.9,4.78,0.12,0.05,3.21,98.36,1.4914,6739.470215,24.51,
2009-12-31,55.3,16.5,100.5758,98.11788,90.6132,15275.163,1037969,234,1331784,9.9,129788,40.6,18.83,2555.01664,11607.1,12697.4,147620,98293,178.1,217.347,2026220,11742337.6,10752596,5.14,0.12,0.05,3.85,98.55,1.4614,7092.359863,21.68,1.098384104
2010-01-31,57.2,12.9,100.9128,98.28975,91.6642,15363.572,1047276,233,1332686,9.8,129790,40.8,18.88,2543.50802,11608.3,12786.8,146808,98302,181.9,217.488,1994962,11686676.5,10312254.1,4.98,0.11,0.06,3.63,99.26,1.4272,7184.97998,24.62,
2010-02-28,55.8,13.9,101.1544,98.34834,91.994,15394.111,1049679,231,1340213,9.8,129698,40.5,18.91,2530.02428,11606,12922.5,150520,99555,181,217.281,2115182,11702962.8,10333241,5.05,0.13,0.11,3.61,100.81,1.3686,6883.790039,19.50,
2010-03-31,58.8,14.2,101.356,98.34505,92.5993,15487.844,1070464,227,1348255,9.9,129879,41,18.91,2536.55195,11643.9,13158.1,153982,103530,183.3,217.353,2079591,11655883.4,10332725.9,4.99,0.16,0.15,3.84,99.92,1.3569,7035.049805,17.59,0.38477974
2010-04-30,58.1,16,101.2944,98.32333,92.9436,15553.987,1083067,217,1353065,9.9,130110,41.1,18.96,2532.76479,11741,13417.3,153706,102397,184.4,217.403,2014449,11843446.8,10524994.5,5.06,0.2,0.16,3.69,99.43,1.3406,7447.939941,22.05,
2010-05-31,58.3,22.2,101.0043,98.32198,94.2997,15521.894,1075608,216,1356333,9.6,130650,41.4,19.01,2521.68794,11835.3,13582.8,158128,105517,184.8,217.29,2012331,11795792.8,10469408.5,4.78,0.2,0.16,3.31,103.4,1.2565,7474.430176,32.07,
2010-06-30,56.4,14.9,100.6615,98.22092,94.4397,15596.317,1075575,212,1367379,9.4,130511,41,19.02,2518.41641,11856.3,13944.3,162202,104494,183.5,217.199,2002433,11725877.4,10413039.6,4.69,0.18,0.12,2.97,104.25,1.2209,6791.439941,34.54,0.922028304
2010-07-31,56.4,7.7,100.4697,97.9185,94.8536,15665.64,1084710,209,1379150,9.4,130427,41.1,19.04,2521.1048,11875.8,14004.6,159664,107246,184.1,217.605,1994298,11788374.2,10478770.6,4.54,0.18,0.16,2.94,102.19,1.277,6469.649902,23.50,
2010-08-31,58,3.6,100.4443,97.73406,95.1448,15639.103,1090673,206,1390407,9.5,130422,41.2,19.11,2520.42213,11910.3,14394.4,164528,107428,184.9,217.923,1993664,11838181.2,10531562.1,4.36,0.19,0.16,2.47,101.03,1.2894,6999.100098,26.05,
2010-09-30,56.3,4.5,100.5593,97.68005,95.3637,15711.458,1098086,201,1406819,9.5,130357,41.5,19.11,2522.09423,11898.6,14487.6,163835,107734,184.9,218.275,1961226,11790912.9,10477029.8,4.32,0.19,0.15,2.53,99.92,1.3067,6704.22998,23.70,0.7372112740000001
2010-10-31,57.7,0.3,100.7949,97.7847,95.1109,15748.125,1116860,199,1421660,9.4,130625,41.2,19.2,2530.106,11915.9,14585.5,165302,112730,186.6,219.035,1961720,11886762,10540209.5,4.23,0.19,0.13,2.63,96.14,1.3898,7281.089844,21.20,
2010-11-30,57.6,19.1,101.0452,98.05807,95.1383,15703.89,1128835,195,1432712,9.8,130750,41.3,19.21,2531.23226,11942.2,14648.2,164893,113521,187.7,219.59,1973139,11827965,10471993.8,4.4,0.19,0.14,2.81,96.34,1.3661,7513.370117,23.54,
2010-12-31,57.5,15.4,101.2406,98.32457,96.0599,15800.155,1143532,190,1449943,9.3,130822,41.3,19.22,2646.81126,12026.5,14595.8,170290,116039,189.7,220.472,2017000,11816242.1,10461021,4.86,0.18,0.14,3.30,97.31,1.322,7430.950195,17.75,0.501902537
2011-01-31,59,16.5,101.3879,98.4396,95.9364,15650.889,1169930,187,1460561,9.1,130841,41.1,19.32,2657.43318,12075.9,14668.8,178698,117337,192.7,221.187,2047917,11836552.3,10432850.3,4.8,0.17,0.15,3.42,96.33,1.336,7964.040039,19.53,
2011-02-28,59.3,28.9,101.4424,98.38748,95.5154,15638.282,1168588,183,1468983,9,131053,41.4,19.31,2663.84422,12105.7,14699.4,174228,115705,195.8,221.898,2211605,11893144,10500257.7,4.95,0.16,0.13,3.42,95.52,1.3649,8139.200195,18.35,
2011-03-31,59.1,36.4,101.3398,98.1287,96.4643,15849.218,1197357,179,1488737,9,131288,41.4,19.31,2672.09243,12068.8,14741.1,181256,122617,199.2,223.046,2395330,12044183.6,10684033.1,4.86,0.14,0.1,3.47,94.65,1.3999,8438.549805,17.74,-0.240441252
2011-04-30,58.9,13,101.0754,98.06665,96.1187,15890.174,1204067,173,1501303,9.1,131602,41.4,19.36,2680.02274,12046.5,14892.1,181060,124393,203.1,224.093,2496574,12199061.2,10827839.3,4.78,0.1,0.06,3.32,93.14,1.4442,8404.980469,14.75,
2011-05-31,53.7,6.2,100.6504,98.04996,96.3377,15818.118,1197215,168,1518916,9,131703,41.5,19.41,2684.01872,12034.1,15052.0,185321,123588,204.1,224.806,2567185,12230657.8,10846772.4,4.6,0.09,0.04,3.05,93.36,1.4349,8671.410156,15.45,
2011-06-30,56.6,-0.5,100.3812,97.72356,96.6154,15767.261,1205069,166,1526831,9.1,131939,41.4,19.41,2693.14827,12090.5,14993.2,185391,121316,203.9,224.806,2648548,12309562.1,10910515.1,4.51,0.09,0.04,3.18,93.59,1.4388,8477.280273,16.52,0.714973327
2011-07-31,52.9,7.1,100.0934,97.11068,97.1292,15809.737,1211929,166,1532335,9,131999,41.4,19.47,2717.57887,12125.8,15198.9,185822,125104,204.6,225.395,2684801,12324855.1,10958933.4,4.55,0.07,0.04,2.82,92.94,1.4264,8319.099609,25.25,
2011-08-31,53,-19.5,99.90609,96.58755,97.6731,15885.987,1218547,162,1541003,9,132125,41.3,19.47,2709.21706,12112.5,15807.0,185727,125120,203.2,226.106,2657678,12417771.2,11033172.4,4.22,0.1,0.02,2.23,93.75,1.4343,8124.029785,31.62,
2011-09-30,52.8,-10.7,99.78078,96.51619,97.6494,15766.659,1219126,160,1535963,9,132358,41.3,19.48,2720.19957,12090.7,16067.8,185718,127409,203.7,226.597,2637680,12452079.1,11053593.9,4.01,0.08,0.01,1.92,97.04,1.377,7528.390137,42.96,-0.027778662000000003
2011-10-31,51.8,6.2,99.68677,96.76229,98.3222,16035.964,1228742,158,1548208,8.8,132562,41.5,19.56,2728.07785,12112.3,16216.8,186685,127268,201.1,226.75,2637757,12482071,11065109.3,4.1,0.07,0.02,2.17,97.94,1.3706,6791.649902,29.96,
2011-11-30,52.1,4,99.70385,97.23156,98.2433,15989.746,1230373,155,1556818,8.6,132694,41.5,19.56,2746.88423,12110,16350.9,187195,125713,201.4,227.169,2605420,12466440.9,11047999.2,3.98,0.08,0.01,2.08,98.49,1.3556,7565.029785,27.80,
2011-12-31,53.1,2.4,99.82558,97.81203,98.7876,15986.89,1238982,151,1565507,8.5,132896,41.6,19.56,2756.39285,12219.6,16555.2,190853,126937,199.8,227.223,2619586,12545745.6,11118212,3.95,0.07,0.01,1.89,99.08,1.3179,7484.5,23.40,1.159284987
2012-01-31,52.8,7.5,99.9645,98.30689,99.3925,16034.738,1252877,149,1571781,8.3,133250,41.8,19.59,2769.16868,12310.4,16730.0,191550.695566178,125887.953706342,200.7,227.842,2640764,12595158.2,11135464.2,3.98,0.08,0.03,1.83,99.16,1.2905,7477.029785,19.44,
2012-02-29,52.4,10.4,100.0766,98.58278,99.6203,16269.793,1265493,147,1584583,8.3,133512,41.7,19.59,2775.77002,12384.9,16748.5,186726.53279955,127269.721853121,201.6,228.329,2694422,12693365.6,11208573.5,3.95,0.1,0.09,1.98,97.27,1.3224,7838.47998,18.43,
2012-03-31,53,8.8,100.1341,98.71573,99.1551,16083.615,1268288,145,1592191,8.2,133752,41.6,19.64,2789.48097,12428.7,16678.3,196615.375406,130489.058578442,204.2,228.807,2655219,12632720.3,11175201.2,3.99,0.13,0.08,2.23,98.06,1.3201,8136.129883,15.50,0.7829927659999999
2012-04-30,53.7,5.7,100.1031,98.75298,99.9006,16183.059,1270481,144,1598149,8.2,133834,41.7,19.68,2802.67836,12476.6,16947.4,192329.297392469,129049.123497659,203.7,229.187,2639850,12684618.9,11248662.8,3.88,0.14,0.08,1.95,98.45,1.3162,8206.94043,17.15,
2012-05-31,53.2,-0.8,99.90826,98.69314,100.0924,16221.996,1262188,144,1605487,8.2,133934,41.6,19.68,2818.89837,12487,17236.6,191026.564856353,129327.668414053,201.9,228.713,2616477,12714352,11277371.6,3.75,0.16,0.09,1.59,100.49,1.2789,8115.060059,24.06,
2012-06-30,51,-12.6,99.62064,98.47398,100.0728,16191.325,1244374,145,1610591,8.2,134007,41.7,19.72,2830.41125,12498.1,17244.6,188829.751256966,129422.465710949,199.8,228.524,2618755,12745135.1,11300128.9,3.66,0.16,0.09,1.67,101.95,1.2526,7368.410156,17.08,0.43020151100000004
2012-07-31,50.6,-12.7,99.45084,98.39676,100.3354,16268.265,1247163,142,1622441,8.2,134159,41.7,19.74,2840.23177,12409.6,17448.0,187644.617534558,128698.009426389,200.1,228.59,2647752,12802990.7,11347206.9,3.49,0.16,0.1,1.51,101.11,1.2288,7810.830078,18.93,
2012-08-31,51.1,-2.6,99.43279,98.57885,99.856,16168.517,1260346,143,1630826,8.1,134331,41.5,19.74,2857.85415,12362.1,17466.7,187209.20583508,127030.178721824,202.7,229.918,2650750,12832507.6,11381102.5,3.59,0.13,0.1,1.57,100.16,1.24,7891.339844,17.47,
2012-09-30,52.2,0.2,99.43682,98.91789,99.9049,16225.226,1275531,144,1641300,7.8,134518,41.5,19.78,2868.11915,12422,17468.3,188747.894052944,132192.632294396,204.4,231.015,2594909,12842192.6,11369750.1,3.4,0.14,0.11,1.65,98.21,1.2856,8012.870117,15.73,0.134948209
2012-10-31,51.2,-1.1,99.34432,99.16103,100.1167,16157.529,1272094,147,1643372,7.8,134677,41.5,19.79,2885.17413,12515.7,17603.7,185822.273399372,126280.540738899,203.5,231.638,2611775,12861336.6,11360486,3.41,0.16,0.1,1.72,97.79,1.2974,8276.089844,18.60,
2012-11-30,49.5,-10.6,99.28986,99.06843,100.5991,16231.94,1285082,150,1650501,7.7,134833,41.5,19.84,2902.74684,12692.5,17748.4,192148.259164916,128357.076580599,201.8,231.249,2646809,12983817.6,11470705.4,3.32,0.16,0.09,1.62,98.4,1.2828,8231.669922,15.87,
2012-12-31,50.4,2.4,99.4628,98.71045,100.9542,16328.08,1284412,150,1654631,7.9,135072,41.7,19.9,2913.22902,13015.6,17716.5,187616.679934614,131816.410369327,201.5,231.221,2675945,13123282.6,11606748.6,3.35,0.16,0.07,1.78,97.2,1.3119,8260.429688,18.02,0.113873246
2013-01-31,52.3,-1.4,99.78143,98.57281,100.8204,16453.889,1292333,149,1668822,8,135263,41.7,19.94,2930.12671,12266.2,17572.2,189809.286743494,129892.342521637,202.5,231.679,2741743,13204715.8,11697227.2,3.53,0.14,0.07,2.02,97.94,1.3288,8571.530273,14.28,
2013-02-28,53.1,-5.3,99.94373,98.68321,101.3995,16315.081,1310292,152,1669860,7.7,135541,41.8,19.99,2949.01125,12204.5,17883.3,192655.256873103,131929.379665234,204.3,232.937,2845251,13252968.1,11729064.5,3.51,0.15,0.1,1.89,99.32,1.3359,8931.459961,15.51,
2013-03-31,51.5,2,99.80237,98.86205,101.8114,16380.255,1291463,155,1668361,7.5,135680,41.9,20.01,2959.65372,12223.3,17959.3,183966.667725685,129195.532662402,204,232.282,2935036,13322492.5,11822912.4,3.57,0.14,0.09,1.87,100.48,1.2964,8827.830078,12.70,0.885675089
2013-04-30,50,0.4,99.58272,99.08945,101.6364,16384.686,1283874,161,1671399,7.6,135871,41.8,20.04,2971.87024,12271.2,18115.3,188166.353303971,130640.648760483,203.5,231.797,3011737,13383962.4,11877773.5,3.4,0.15,0.06,1.70,100.01,1.3026,9098.05957,13.52,
2013-05-31,50,0.2,99.55441,99.45219,101.7476,16362.47,1298134,163,1669175,7.5,136093,41.8,20.05,2986.72102,12341.6,17688.8,190945.640220082,129517.167133742,204.1,231.893,3116932,13470266.8,11969030.7,3.81,0.11,0.04,2.16,100.97,1.2982,9248.450195,16.30,
2013-06-30,52.5,12.7,99.78107,99.63972,101.9549,16462.687,1295599,161,1669734,7.5,136274,41.8,20.12,3000.22192,12354.3,17430.8,186853.700833808,132138.68524885,204.3,232.445,3201472,13536140.2,12040880.8,4.46,0.09,0.05,2.52,101.58,1.3189,9317.389648,16.86,0.123396475
2013-07-31,54.9,15.9,100.104,99.59931,101.5204,16490.518,1296833,171,1674898,7.3,136386,41.7,20.14,3014.79876,12341.1,17387.7,187817.081221545,130855.326258187,204.4,232.9,3290898,13577446.6,12093564.8,4.31,0.09,0.04,2.60,102.31,1.308,9154.259766,13.45,
2013-08-31,56.3,8.2,100.3851,99.29816,102.1907,16556.146,1305020,175,1683094,7.2,136628,41.9,20.17,3030.18051,12368.3,17241.5,188180.379091783,131165.113932276,204.2,233.456,3398930,13651808.1,12171280.7,4.51,0.08,0.04,2.78,101.6,1.331,9617.290039,17.01,
2013-09-30,56,20.6,100.52,98.88953,102.717,16548.721,1305496,183,1690590,7.2,136815,41.9,20.23,3047.54264,12418.3,17347.8,191294.858643186,130593.727737873,203.9,233.544,3486920,13782811.3,12282362.1,4.32,0.08,0.02,2.64,101.16,1.3348,9357.80957,16.60,0.783415167
2013-10-31,56.6,13.5,100.5594,98.63691,102.5371,16624.848,1312165,183,1701718,7.2,137040,41.9,20.25,3064.60557,12385.5,17805.6,191086.941606565,134237.583858163,202.5,233.669,3589515,13887404.9,12359710.5,4.1,0.09,0.05,2.57,99.73,1.3635,9624.179688,13.75,
2013-11-30,57,4.6,100.5293,98.74466,102.8379,16699.923,1323763,184,1711601,6.9,137304,42,20.31,3076.46802,12424.9,17775.2,189221.421851066,134981.157811815,201.2,234.1,3684563,13957132.8,12443957.6,4.29,0.08,0.07,2.75,100.32,1.3493,10010.269531,13.70,
2013-12-31,56.5,3.8,100.3919,99.07035,103.1504,16666.523,1321615,186,1718588,6.7,137373,41.9,20.34,3090.92478,12463.9,17725.1,187989.145507712,133370.214359338,202,234.719,3717450,14064393.4,12506922.8,4.48,0.09,0.07,3.04,100.29,1.3704,10173.769531,13.72,0.798248938
2014-01-31,51.3,15.2,100.2097,99.25574,102.7216,16571.178,1310145,189,1726289,6.6,137548,41.6,20.39,3109.81087,12523.4,17895.2,191306.59605,132540.6965,203.8,235.288,3728483,14125800.5,12578267,4.32,0.07,0.04,2.67,101.95,1.361,10352.709961,18.41,
2014-02-28,54.3,2.3,100.2607,99.33091,103.5917,16645.429,1325767,187,1735036,6.7,137714,41.6,20.5,3126.1764,12600.7,18073.6,192299.48865,131805.93043,205.7,235.547,3833354,14226765.5,12659776.3,4.37,0.07,0.05,2.66,101.98,1.3658,9967.69043,14.00,
2014-03-31,54.4,12.5,100.3701,99.3655,104.5889,16633.379,1336649,190,1741195,6.7,137968,42,20.5,3144.6051,12669.6,18133.5,198508.05776,136051.20104,207,236.028,3885877,14349730,12804848.6,4.4,0.08,0.05,2.73,101.69,1.3823,10349.299805,13.88,-0.28270518699999997
2014-04-30,55.3,17,100.4638,99.44382,104.6371,16774.071,1345623,190,1749016,6.2,138293,41.9,20.51,3168.76937,12717.4,18106.9,200137.50219,134842.8938,208.3,236.468,3930681,14420040.6,12877199.5,4.33,0.09,0.03,2.67,101.07,1.3812,10538.44043,13.41,
2014-05-31,55.6,18.5,100.5256,99.42921,105.0152,16838.239,1347297,194,1756467,6.3,138511,42.1,20.54,3186.75967,12765.7,18238.6,197948.02898,136637.98455,208,236.918,3911525,14523527.5,12960097.1,4.12,0.09,0.03,2.48,100.9,1.3732,10626.509766,11.40,
2014-06-30,55.7,14.1,100.5712,99.40089,105.4081,16912.49,1348721,199,1758713,6.1,138837,42.1,20.57,3204.67424,12824.7,18306.8,195901.55087,135825.05296,208.3,237.231,3948691,14672689,13101356.8,4.14,0.1,0.04,2.53,101.29,1.3592,10760.540039,11.57,1.3536813319999998
2014-07-31,56.4,21.4,100.6755,99.39211,105.6157,17004.907,1356155,207,1766142,6.2,139069,41.9,20.61,3226.76962,12864.5,18319.5,196925.2261,136418.9012,208,237.498,3989084,14780127.6,13198832.3,4.12,0.09,0.03,2.58,101.25,1.3539,11002.370117,16.95,
2014-08-31,58.1,22.9,100.8151,99.4939,105.4986,17100.902,1356039,207,1769744,6.1,139257,42,20.67,3242.93009,12925.3,18517.3,196015.00945,137849.93982,207,237.46,4075039,14817651.7,13237814,4.1,0.09,0.03,2.35,102.34,1.3316,10699.80957,11.98,
2014-09-30,56.1,21.7,100.8314,99.71311,105.8138,17035.888,1350831,210,1771127,5.9,139566,42.2,20.67,3259.8839,12965.2,18451.0,197636.47177,135019.22273,206.4,237.477,4049189,14943098.7,13342088.1,4.2,0.09,0.02,2.52,104.17,1.2901,11050.570313,16.31,1.220932252
2014-10-31,57.9,18.1,100.8505,100.0213,105.8357,17137.817,1343341,209,1776455,5.7,139818,42.1,20.7,3270.21124,13020.2,18672.6,197725.52563,136713.23933,203.4,237.43,4001451,14992735.7,13364185.7,3.98,0.09,0.02,2.35,105.59,1.2673,10688.650391,14.03,
2014-11-30,57.6,35.5,100.7516,100.3994,106.6634,17154.054,1336437,211,1780460,5.8,140109,42.2,20.76,3284.43106,13083.2,18862.4,194642.79005,134577.96378,200.9,236.983,3830424,15031121,13431030.7,3.97,0.09,0.02,2.18,107.34,1.2472,10834.400391,13.33,
2014-12-31,55.1,21.6,100.4843,100.8187,106.5085,17137.616,1321042,210,1779034,5.6,140377,42.1,20.7,3311.89308,13164,18968.6,197309.82486,133590.76678,197,236.252,3934455,15065065.6,13414333.2,3.87,0.12,0.03,2.17,109.58,1.2331,10933.110352,19.20,0.562793738
2015-01-31,53.5,13.2,100.2117,101.1011,105.9806,17296.896,1291008,207,1778265,5.7,140568,42,20.8,3304.77079,13262,19356.0,190086.843,129459.079,192,234.747,4017103,15211206.5,13570488.2,3.66,0.11,0.03,1.68,112.7,1.1621,10859.799805,20.97,
2015-02-28,52.9,10.5,99.99626,101.1036,105.4425,17379.864,1286431,203,1783752,5.5,140839,42,20.8,3322.94148,13313.1,19127.9,183460.376,127212.329,191.1,235.342,3840464,15230373.7,13571883.9,3.8,0.11,0.02,2.00,114.79,1.135,10567.959961,13.34,
2015-03-31,51.5,7.3,99.84853,101.0004,105.1464,17240.635,1295386,204,1786024,5.4,140910,41.9,20.88,3345.93001,13275.3,19170.0,198017.732,127034.628,191.5,235.976,4030632,15361478.2,13710251.6,3.69,0.11,0.03,1.94,117.54,1.0838,11053.660156,15.29,0.9491549859999999
2015-04-30,51.5,9.9,99.80843,100.9419,104.5272,17439.594,1301113,206,1793350,5.4,141194,41.8,20.91,3367.48052,13301.7,19064.8,189710.415,128489.102,190.9,236.222,4059374,15388154.7,13734981.3,3.68,0.12,0.02,2.05,116.97,1.0779,10906.129883,14.55,
2015-05-31,52.8,6.1,99.86916,100.856,104.0742,17389.615,1302527,211,1795392,5.6,141525,41.8,20.99,3384.2714,13324.8,18957.8,187300.883,126974.524,193.4,237.001,3949372,15356929.2,13686458.9,3.87,0.12,0.02,2.12,115.83,1.115,11074.950195,13.84,
2015-06-30,53.5,8.2,99.86075,100.871,103.7174,17439.524,1307971,216,1805306,5.3,141699,41.8,21.01,3411.89681,13337.8,18779.0,190415.105,126295.557,194.8,237.657,3919649,15330875.1,13675391,4.02,0.13,0.02,2.35,117.07,1.1213,11081.669922,18.23,0.676613186
2015-07-31,52.7,4.4,99.72489,100.7484,104.3243,17454.697,1307835,218,1808054,5.2,142001,41.8,21.03,3430.13065,13378,18895.3,187564.744,126162.466,193.9,238.034,3961217,15372263.7,13697407.9,3.98,0.13,0.03,2.20,119.92,1.0996,10844.459961,12.12,
2015-08-31,51.1,5.8,99.52341,100.5459,104.1621,17461.735,1298257,217,1807800,5.1,142126,41.8,21.08,3443.49291,13413.1,18816.9,188632.877,123281.953,191.9,238.033,3984019,15427414.5,13756580,3.84,0.14,0.07,2.21,121.07,1.1139,10883.469727,28.43,
2015-09-30,50.2,-3.8,99.30558,100.3634,103.7768,17541.964,1294889,224,1812196,5,142281,41.7,21.11,3470.36858,13450,18932.0,186778.738,124579.109,189.1,237.498,4028486,15410264.9,13720721.8,3.86,0.14,0.02,2.06,121.06,1.1221,10176.5,24.50,0.362604385
2015-10-31,49.4,-4.9,99.10823,100.3947,103.3976,17540.485,1289952,226,1814458,5,142587,41.8,21.19,3484.85504,13473.1,18860.3,183863.523,122948.474,187.5,237.733,4060469,15611192.3,13895607,3.76,0.12,0.02,2.16,119.69,1.1235,9832.330078,15.07,
2015-11-30,48.4,-3.8,98.94991,100.5192,102.6866,17476.546,1283397,229,1810184,5.1,142824,41.8,21.2,3502.07491,13467.8,19456.9,181536.077,120833.078,185.7,238.017,4006725,15580369.5,13890001.9,3.95,0.12,0.12,2.21,122.14,1.0736,10474.580078,16.13,
2015-12-31,48,-9,98.89389,100.6229,102.1014,17525.501,1268816,232,1809516,5,143097,41.8,21.24,3390.62932,13530.7,19477.8,181444.039,120058.051,183.5,237.761,3835810,15576774.6,13843193.7,4.01,0.24,0.23,2.27,122.69,1.0877,10447.05957,18.21,0.160362383
2016-01-31,48.2,-4,98.98286,100.6369,102.9525,17571.27,1260772,236,1806105,4.9,143170,41.9,21.31,3408.50909,13580.2,19877.6,177564.235,117202.035,182.6,237.827,3792723,15652775.2,13934032.4,3.79,0.34,0.26,1.94,126,1.086,10020.049805,20.20,
2016-02-29,49.7,-6.8,99.2054,100.597,102.2225,17552.36,1259288,240,1800697,4.9,143433,41.9,21.34,3424.38914,13595.7,20101.6,182261.304,119502.204,181.3,237.514,3872483,15715453.6,13981094.2,3.62,0.38,0.31,1.74,124.48,1.1093,9578.919922,20.55,
2016-03-31,51.7,9,99.45171,100.5544,101.4155,17716.528,1263057,242,1809911,5,143662,41.8,21.4,3450.7302,13606.6,20265.4,174652.617,117833.394,182.1,237.99,3898431,15749533.2,14019111.4,3.71,0.36,0.29,1.78,121.62,1.11,9626.879883,13.95,0.566413434
2016-04-30,50.7,-1,99.58202,100.578,101.5167,17696.666,1270045,243,1814007,5,143849,41.8,21.45,3471.22135,13587.4,20136.5,177201.666,119334.319,183.2,238.835,3872940,15856156.5,14138008.5,3.66,0.37,0.23,1.83,119.56,1.1339,10132.580078,15.70,
2016-05-31,51,-4.8,99.69479,100.7088,101.4298,17616.542,1272088,241,1816816,4.8,143891,41.8,21.47,3489.46176,13581,20160.8,179749.93,118952.599,185.3,239.44,3836529,15911873,14170644.8,3.64,0.37,0.27,1.84,121.25,1.1311,10450.129883,14.19,
2016-06-30,52.8,4.4,99.77275,100.6852,101.8747,17691.572,1288898,244,1818468,4.9,144158,41.8,21.53,3508.33914,13587.3,20634.8,183476.081,119850.912,187.6,240.144,3825451,15954521.5,14227977.4,3.48,0.38,0.27,1.49,121.95,1.1229,10385.929688,15.63,0.311918336
2016-07-31,52.3,0.9,99.68194,100.5285,102.1325,17649.239,1283285,238,1817052,4.8,144512,42,21.58,3524.85077,13630,20717.1,183232.407,120349.894,187.7,240.111,3772544,16027385.8,14274379.6,3.48,0.39,0.3,1.46,122.69,1.1069,10495.080078,11.87,
2016-08-31,49.4,5.4,99.51885,100.4152,102.0407,17774.627,1286300,239,1818285,4.9,144647,41.8,21.61,3547.88796,13639.6,20647.7,184834.292,122972.539,186.6,240.595,3816726,16046874.2,14309009.9,3.43,0.4,0.3,1.58,121.34,1.1212,10768.75,13.42,
2016-09-30,51.7,12.1,99.56705,100.3948,102.0477,17869.403,1291577,244,1821320,5,144916,41.9,21.64,3567.07185,13679.8,20691.4,183075.864,123913.366,186.9,241.068,3735888,16068752.7,14310414.3,3.42,0.4,0.29,1.60,122.45,1.1212,10762.450195,13.29,0.544396054
2016-10-31,52,10.5,99.74423,100.477,102.2485,17791.164,1298765,247,1820047,4.9,145061,41.9,21.7,3584.42698,13708.5,20721.1,183916.17,123307.942,186.7,241.641,3572132,16017695.9,14234405.9,3.47,0.4,0.33,1.84,123.5,1.1026,10721.849609,17.06,
2016-11-30,53.5,9.4,100.0239,100.8288,102.0507,17915.935,1296967,248,1833779,4.7,145212,41.8,21.72,3607.3098,13736.1,20394.1,187600.742,121781.135,186.3,241.993,3629770,16009515.5,14262029.9,4.03,0.41,0.45,2.37,126.96,1.0799,10508.009766,13.33,
2016-12-31,54.5,22.6,100.3477,101.1895,102.9281,17921.621,1322589,254,1838756,4.7,145442,41.9,21.76,3620.76016,13759.9,20380.8,189220.592,126459.345,188.2,242.712,3531565,16029735.3,14254179.5,4.32,0.54,0.51,2.45,129.35,1.0543,10860.419922,14.04,0.629298347
2017-01-31,56,24.8,100.6367,101.3478,103.0366,17910.193,1330801,258,1841083,4.7,145627,41.9,21.81,3636.03578,13824.9,20361.7,192974.189037712,127421.092677666,190.7,243.717,3595455,16068927.7,14301666.3,4.19,0.65,0.51,2.45,130.07,1.0614,11138.849609,11.99,
2017-02-28,57.6,39.7,100.8027,101.3347,102.6479,17947.74,1332293,261,1844600,4.6,145815,41.9,21.86,3654.35965,13875.1,20403.5,190181.380599083,127566.564904559,191.6,244.028,3746408,16150746.3,14375577.9,4.16,0.66,0.52,2.36,127.57,1.0643,11244.820313,12.92,
2017-03-31,56.6,32,100.7511,101.302,103.343,18074.261,1329242,265,1851308,4.4,145944,41.8,21.88,3669.08535,13942.1,20279.1,190585.717714976,126740.32028078,191.5,243.721,3856287,16216291.5,14426225.2,4.14,0.79,0.74,2.40,126.22,1.0685,11593.209961,12.37,0.565668983
2017-04-30,55.3,23.7,100.5941,101.2597,104.2721,17942.64,1332488,269,1847023,4.4,146141,41.9,21.93,3683.0396,13967,20348.1,192927.293879206,125961.804943539,193,244.058,3821697,16239348.7,14451485.9,4.03,0.9,0.8,2.29,124.87,1.0723,11495.330078,10.82,
2017-05-31,55.5,34.3,100.5913,101.1836,104.4129,18069.261,1327861,271,1852095,4.4,146296,41.9,21.97,3698.67185,14059.6,20398.9,191880.444429611,125474.960018414,192.8,243.926,3774412,16243885.2,14440764.9,3.95,0.91,0.89,2.21,124.2,1.1058,11550.410156,10.41,
2017-06-30,56.7,28.2,100.7693,101.0705,104.5849,18150.673,1334112,275,1859794,4.3,146512,42,22.03,3716.57311,14063.7,20328.7,192270.83224984,127141.751438924,193.6,244.179,3762780,16238451.5,14453027,3.88,1.04,0.98,2.31,122.14,1.1229,11616.209961,11.18,0.42694400299999996
2017-07-31,56.5,20.4,100.9471,101.0267,104.5427,18125.497,1335238,276,1863890,4.3,146727,42,22.08,3731.0836,14103.1,20325.0,191818.97782677,126592.824606383,193.5,244.328,3795430,16348183.8,14535318.4,3.92,1.15,1.07,2.30,119.83,1.1511,11801.44043,10.26,
2017-08-31,59.3,20.7,101.2066,101.1298,104.0475,18175.682,1347162,281,1876003,4.4,146911,42,22.11,3739.08172,14122.8,20473.5,192248.351063192,127923.42925714,193.8,245.304,3910022,16462260.3,14649738.3,3.82,1.16,1.01,2.12,118.39,1.1807,12006.740234,10.59,
2017-09-30,60.2,24,101.3796,101.2588,104.0502,18256.114,1365181,282,1879141,4.2,146929,41.9,22.2,3750.20794,14150.3,20715.0,194224.321088282,129799.775642692,194.8,246.445,3874490,16524019.9,14697985.5,3.83,1.15,1.03,2.33,117.74,1.1915,11897.969727,9.51,0.728833616
2017-10-31,58.5,27.2,101.3471,101.4187,105.6287,18256.692,1377233,287,1878791,4.1,147196,42,22.18,3771.99893,14187.8,20867.3,197256.91885261,130895.87390088,194.9,246.57,3829910,16588315.3,14744630.2,3.94,1.15,1.07,2.38,120.22,1.1756,12209.160156,10.18,
2017-11-30,58.2,23.1,101.3146,101.3973,106.193,18408.669,1396552,288,1889980,4.2,147421,42,22.23,3801.30896,14202.8,20969.4,204205.028214802,134320.001741444,195.9,247.333,3907735,16669581.3,14839292.9,3.9,1.16,1.23,2.42,120.28,1.1738,12383.870117,11.28,
2017-12-31,59.3,29.3,101.3738,101.3091,106.536,18413.314,1405112,293,1897688,4.1,147551,41.8,22.3,3813.04628,14227,20904.4,209017.875061915,137357.003267579,196.3,247.847,3850969,16754444.6,14886009.8,3.99,1.3,1.32,2.40,119.7,1.1836,12636.730469,11.04,0.9556773270000001
2018-01-31,59.1,23,101.424,101.3404,106.2655,18489.183,1399302,292,1908147,4.1,147672,41.8,22.36,3824.996,14342.7,20673.2,207031.348733006,133869.717077577,197.9,248.816,3824795,16732678.2,14900122.1,4.15,1.41,1.41,2.72,117.77,1.22,12860.929688,13.54,
2018-02-28,60.7,30.7,101.4481,101.5107,106.6419,18559.647,1406917,296,1919364,4.1,148078,42.2,22.4,3837.66485,14379.4,20875.2,210480.160576013,136458.365989387,199.3,249.475,3855056,16706898,14895694.7,4.4,1.42,1.57,2.87,116.82,1.2348,13338.990234,19.85,
2018-03-31,59.3,23.8,101.3284,101.6165,107.2519,18543.017,1408277,297,1919761,4,148254,42.2,22.49,3850.03892,14437.8,21216.0,208662.542840065,139794.248614876,199.3,249.413,3800608,16666122,14835936.6,4.44,1.51,1.7,2.74,117.07,1.2336,12644.429688,19.97,0.93167915
2018-04-30,57.9,25.3,101.2024,101.5633,108.2223,18606.502,1414477,300,1923520,4,148391,42.4,22.55,3854.89199,14471.5,21024.2,208787.113683447,140005.920777849,200.3,249.957,3727119,16675732.2,14835790.1,4.58,1.69,1.76,2.95,117.13,1.2276,12432.889648,15.93,
2018-05-31,58.7,32.2,101.2476,101.4735,107.3639,18690.639,1436370,301,1928763,3.8,148669,42,22.61,3876.49633,14512.2,21182.2,208176.180926469,142654.320663657,203.2,250.64,3674755,16745664.1,14901867.8,4.56,1.7,1.86,2.83,121.26,1.1812,12490.240234,15.43,
2018-06-30,60,21.7,101.3594,101.4129,108.1707,18666.476,1436621,310,1930585,4,148888,42.1,22.67,3886.39603,14557.1,21238.4,208936.601435314,140427.168439472,204.2,251.176,3650485,16767783,14948953.2,4.55,1.82,1.9,2.85,123.39,1.1678,12596.679688,16.09,0.668628011
2018-07-31,58.4,20.8,101.4196,101.38,108.652,18703.011,1439252,314,1941087,3.8,149024,42.2,22.71,3911.6269,14609.9,21255.6,212682.096317915,138236.583972506,204.3,251.482,3618272,16773500.4,14923794.2,4.54,1.91,1.96,2.96,122.1,1.1686,12430.700195,12.83,
2018-08-31,60.8,10.1,101.5197,101.3917,109.5246,18782.621,1444965,319,1952436,3.8,149268,42.2,22.79,3930.52787,14649.7,21480.7,212623.447080146,138104.952746604,203.4,251.905,3584450,16735849.8,14878186,4.52,1.91,2.03,2.86,121.93,1.1549,12949.849609,12.86,
2018-09-30,59.5,21.3,101.4313,101.4788,109.6749,18771.946,1448724,325,1960714,3.7,149348,42.1,22.86,3947.19585,14638.2,21353.1,216022.304122604,140268.438945191,203.6,252.261,3559828,16762205,14901506.4,4.72,1.95,2.13,3.05,121.71,1.1659,12976.049805,12.12,0.525195607
2018-10-31,57.5,20.5,101.2219,101.4602,109.9165,18831.101,1456666,333,1973283,3.8,149549,42,22.9,3965.14156,14670.6,21419.9,217213.062268847,141340.010552047,204.6,252.777,3520863,16824991.1,14951712,4.86,2.19,2.25,3.15,122.56,1.1484,13146.299805,21.23,
2018-11-30,58.8,10.6,101.0073,101.3461,110.5067,18777.355,1448031,335,1973788,3.7,149683,42,23,3985.18449,14688.9,21683.9,211572.483997278,138515.821258867,202.3,252.662,3476330,16843167.9,14967853.5,4.81,2.2,2.33,3.01,124.47,1.1367,12208.05957,18.07,
2018-12-31,54.3,10.9,100.6916,101.1681,110.5516,18833.837,1431160,346,1990841,3.9,149865,42,23.09,3998.1467,14837.3,22075.2,215541.985572896,136012.934867968,201,252.653,3400747,16983866,15087472.6,4.55,2.27,2.37,2.69,124.11,1.1384,12609.700195,25.42,0.328321429
2019-01-31,56.6,14.8,100.5398,100.9551,110.1185,18981.368,1436780,345,2007300,4,150134,42,23.11,4015.5966,14840.9,22160.0,209646.706421103,138156.021146729,199.1,252.55,3346879,17002933.1,15096874.8,4.46,2.4,2.37,2.63,122.69,1.1416,11238.769531,16.57,
2019-02-28,54.1,-0.7,100.3743,101.0116,109.5631,18939.35,1442334,340,2017149,3.8,150135,41.7,23.19,4031.89997,14864.1,22221.4,208545.132863931,138324.639674265,199.2,253.181,3353467,17034302.7,15120773.9,4.35,2.4,2.39,2.73,123,1.1351,12312.259766,14.78,
2019-03-31,54.6,14.9,100.242,101.2391,109.6811,18930.814,1456358,338,2016658,3.8,150282,41.7,23.28,4044.18116,14855.7,22425.2,212112.142629332,140132.042786582,200.8,254.095,3381455,17140820.2,15199288.1,4.06,2.41,2.4,2.41,123.69,1.1302,12698.230469,13.71,0.72512256
2019-04-30,53.4,11,100.0197,101.4059,108.9888,18971.094,1452320,335,2025356,3.6,150492,41.6,23.33,4061.75327,14817.2,22346.6,208063.722923921,135539.0870628,202.1,254.943,3286650,17184421.5,15229443.5,4.2,2.42,2.38,2.51,123.93,1.1238,12775.839844,13.12,
2019-05-31,52.3,17.5,99.81559,101.4976,109.2264,19025.671,1455735,336,2030786,3.6,150577,41.5,23.42,4076.54244,14809.6,22700.3,213270.894186089,138321.587251721,201.7,255.167,3244460,17228428.2,15278266.6,3.99,2.39,2.35,2.14,124.88,1.1185,13066.080078,18.71,
2019-06-30,51.6,1.5,99.63159,101.3997,109.2774,19065.516,1456955,330,2028955,3.7,150759,41.6,23.47,4088.48117,14826.8,22805.1,209254.464794517,134768.523049566,200.3,255.402,3274825,17339571,15411813.4,3.73,2.38,2.17,2.00,124.19,1.1293,12288.509766,15.08,0.37071616700000004
2019-07-31,51.3,16.6,99.4113,101.1578,109.0852,19132.799,1458222,328,2033707,3.7,150953,41.5,23.54,4111.65306,14840.3,22766.5,210334.379649966,136695.637873996,200.7,256.087,3260316,17367471,15400386.3,3.75,2.4,2.1,2.02,124.02,1.1218,13049.709961,16.12,
2019-08-31,48.8,13.1,99.13428,100.8489,109.8543,19108.463,1458929,325,2029250,3.7,151160,41.5,23.64,4127.1585,14912.4,23773.1,210232.436733195,136569.995160762,199.2,256.294,3271378,17489774.7,15509861.2,3.58,2.13,1.95,1.50,125.64,1.1126,13053.660156,18.98,
2019-09-30,48.2,12.2,98.92455,100.8488,109.4725,19184.437,1454669,321,2027535,3.5,151368,41.5,23.7,4138.08572,14933.6,23825.8,206524.997390763,135386.068897696,198.4,256.593,3202668,17506834.7,15537036.3,3.64,2.04,1.89,1.68,125.8,1.1004,12720.19043,16.24,0.6369147470000001
2019-10-31,48.5,6.8,98.85771,101.0603,109.027,19248.714,1453569,321,2029703,3.6,151553,41.4,23.76,4151.66919,14936.2,24087.0,202463.041538637,136147.88154173,198.6,257.229,3252807,17584042.2,15619773.8,3.78,1.83,1.65,1.69,125.04,1.1053,13002.330078,13.22,
2019-11-30,48.1,8.4,98.87988,101.3402,110.0388,19235.522,1460383,322,2026330,3.5,151814,41.4,23.81,4159.07175,14997.2,24081.4,200906.465227614,136185.553266849,199,257.824,3315551,17669651.8,15708095.7,3.68,1.55,1.54,1.78,124.78,1.1051,13231.179688,12.62,
2019-12-31,47.8,2.4,98.98637,101.5774,109.6527,19278.102,1460174,322,2028040,3.5,151998,41.4,23.84,4180.56762,14960.2,24069.1,206177.099745932,136933.815224305,199,258.444,3426464,17780656.2,15792013.3,3.74,1.55,1.54,1.92,123.67,1.1113,13554.290039,13.78,0.58623185
